,A2,A4,A6,A8,A10,A12,B2,B3,B4,B5,B6,B7,B9,B10,B11,B12,C2,C3,C4,C5,C6,C7,D2,D3,D4,D5,D6,D7,D9,D10,D11,E2,E3,E4,E5,E6,E7,E9,E10,E11,F2,F3,F4,F5,F6,F7,F9,F10,F11,G2,G3,G4,G5,G6,G7,G9,G10,G11,H2,H3,H4,H5,H6,H7,H8,H9,H10,H11,H12
0.0,310879.0,299343.0,310314.0,303759.0,304866.0,294632.0,330200.0,328447.0,325965.0,269000.0,270179.0,276557.0,273416.0,273941.0,276843.0,267291.0,316906.0,325874.0,315233.0,271062.0,265167.0,269377.0,319048.0,317926.0,314418.0,264412.0,265571.0,266338.0,270100.0,265079.0,269154.0,313553.0,314527.0,314700.0,265996.0,265369.0,266821.0,269228.0,260240.0,269187.0,314276.0,313947.0,315889.0,259875.0,263085.0,263890.0,266475.0,264160.0,266263.0,303340.0,317104.0,310794.0,266091.0,262966.0,258169.0,270803.0,266567.0,267561.0,301711.0,302792.0,307585.0,256048.0,254806.0,263369.0,261199.0,259820.0,260050.0,260937.0,268671.0
0.5,308235,303975,305892,308399,309080,295579,323332,323428,321778,271999,270345,273891,273939,271190,276170,262883,315322,320396,317682,271111,270100,270575,316931,318567,320208,268330,263484,267287,273497,264343,268598,314885,313529,312629,267868,267735,268390,265264,266494,274644,306718,317443,310481,264214,264830,262344,265921,262256,270249,301761,313846,308642,261686,260448,262979,268961,265401,268369,301461,302541,302741,259288,259614,264068,257702,259618,256478,263615,260996
1.0,312417,308800,305058,308103,310597,297913,326670,325306,327579,276388,279411,275699,273225,275010,275303,262945,333435,333035,329109,283034,283040,282534,341914,343415,339780,275384,275660,274927,276449,266114,275714,337607,336001,333598,274142,273234,276500,273290,265241,274103,335293,339546,330700,269246,269010,272750,264918,270781,273345,320433,323021,317480,262940,265839,262889,267881,265431,264686,297696,303518,301111,256093,256914,261756,258843,258392,256822,266265,261248
1.5,313644.0,305644.0,306788.0,308365.0,310201.0,295697.0,329540.0,336188.0,327080.0,306829.0,300795.0,305006.0,272982.0,275985.0,280549.0,260986.0,377164.0,373557.0,359851.0,289734.0,299332.0,300137.0,391368.0,375323.0,381928.0,285356.0,282579.0,292699.0,280872.0,275256.0,278471.0,390556.0,390800.0,384155.0,295570.0,293974.0,301789.0,276907.0,271871.0,279448.0,379830.0,378982.0,369713.0,291574.0,291957.0,291045.0,270543.0,268385.0,277756.0,341864.0,338202.0,336995.0,273074.0,270712.0,267712.0,265870.0,266478.0,269510.0,303215.0,307558.0,303617.0,257486.0,260677.0,259760.0,259384.0,262401.0,257371.0,263944.0,264496.0
2.0,309893.0,308721.0,309674.0,308387.0,314167.0,294567.0,329254.0,335010.0,333791.0,345226.0,353807.0,355664.0,271211.0,275913.0,274834.0,261670.0,448359.0,442922.0,415844.0,321852.0,322468.0,327686.0,443865.0,413986.0,428507.0,317338.0,318542.0,315355.0,287402.0,283923.0,281306.0,450401.0,437243.0,447407.0,320201.0,315327.0,323556.0,285579.0,272735.0,279741.0,451954.0,438977.0,427121.0,304769.0,306831.0,309670.0,272839.0,269017.0,275312.0,372021.0,367214.0,357889.0,274233.0,270849.0,275910.0,268889.0,263335.0,271408.0,311048.0,309652.0,306505.0,258375.0,258875.0,258305.0,260778.0,259408.0,261546.0,265923.0,264954.0
2.5,309636.0,305449.0,306854.0,311435.0,308776.0,296421.0,331265.0,333460.0,329934.0,414114.0,417192.0,421933.0,273921.0,271503.0,274472.0,263947.0,528721.0,523645.0,496471.0,371419.0,371043.0,371446.0,504546.0,453797.0,490605.0,353462.0,357268.0,357443.0,291816.0,284633.0,288654.0,518989.0,495404.0,522290.0,338330.0,330860.0,337432.0,281749.0,278236.0,284260.0,526637.0,525403.0,520149.0,309243.0,316252.0,316020.0,267202.0,272145.0,275489.0,410509.0,406580.0,398546.0,276135.0,271878.0,276515.0,267132.0,264412.0,267261.0,311190.0,316142.0,314595.0,256079.0,255484.0,260763.0,257031.0,259242.0,258531.0,264076.0,262291.0
3.0,307395.0,309035.0,311735.0,311856.0,308707.0,303111.0,336673.0,336016.0,332710.0,490533.0,494653.0,489316.0,273728.0,268322.0,270240.0,257314.0,620952.0,609191.0,581309.0,427479.0,428836.0,429071.0,585401.0,505456.0,565919.0,395157.0,397605.0,401955.0,297048.0,287584.0,291658.0,604536.0,556210.0,597655.0,355175.0,339290.0,351076.0,282457.0,280439.0,285131.0,619533.0,623587.0,619157.0,311480.0,318775.0,316659.0,272010.0,270192.0,272199.0,448384.0,452062.0,447226.0,274803.0,274485.0,274171.0,266451.0,264103.0,263636.0,316048.0,323654.0,319294.0,259217.0,256736.0,258277.0,258800.0,263466.0,260432.0,265829.0,262155.0
3.5,310806.0,305993.0,315549.0,309530.0,310287.0,297245.0,340362.0,338970.0,338777.0,553634.0,562167.0,558271.0,271781.0,273100.0,272467.0,259192.0,713402.0,695787.0,660716.0,495782.0,498116.0,493429.0,657568.0,568862.0,635286.0,432658.0,434759.0,444931.0,299085.0,293285.0,294259.0,678033.0,623428.0,670324.0,355722.0,344213.0,351130.0,289226.0,283551.0,287897.0,684917.0,702762.0,705712.0,315077.0,315290.0,315962.0,270002.0,270920.0,272727.0,488561.0,489723.0,483701.0,277202.0,274738.0,280343.0,264102.0,265870.0,268071.0,326382.0,330811.0,327564.0,259613.0,258557.0,259273.0,262348.0,259552.0,261012.0,265368.0,262862.0
4.0,310283.0,307089.0,309934.0,304183.0,315276.0,293631.0,347538.0,333923.0,348084.0,619929.0,624807.0,623008.0,270130.0,275147.0,272548.0,259084.0,795279.0,776598.0,752504.0,554912.0,565700.0,568537.0,718733.0,630655.0,709491.0,456679.0,467488.0,478737.0,302770.0,295250.0,295031.0,740037.0,684845.0,740506.0,361689.0,353373.0,359528.0,287795.0,282255.0,285106.0,748127.0,775635.0,788712.0,316040.0,317275.0,318192.0,274808.0,270955.0,278149.0,526292.0,521752.0,516317.0,276053.0,275819.0,278436.0,266275.0,269572.0,268713.0,334234.0,339492.0,339472.0,259671.0,257455.0,262488.0,260191.0,261161.0,257649.0,266557.0,261252.0
4.5,310630.0,311317.0,308161.0,309001.0,306783.0,301932.0,347317.0,332508.0,341373.0,682998.0,684891.0,675351.0,271768.0,268470.0,271748.0,259268.0,875223.0,860869.0,839278.0,612359.0,622242.0,626517.0,792235.0,706408.0,804408.0,485559.0,488558.0,504364.0,306730.0,300206.0,298135.0,822455.0,762121.0,821220.0,369428.0,353845.0,365691.0,290558.0,288097.0,287856.0,842473.0,875871.0,881627.0,317497.0,321722.0,319693.0,275730.0,276574.0,279980.0,565055.0,567504.0,563890.0,279324.0,275548.0,280042.0,268623.0,263924.0,268615.0,338307.0,346407.0,343040.0,257486.0,255720.0,262986.0,256702.0,260087.0,262584.0,263857.0,265113.0
5.0,309924.0,308566.0,306317.0,307000.0,310532.0,299908.0,349682.0,329224.0,342172.0,735890.0,744339.0,728682.0,269127.0,273182.0,271001.0,259232.0,940408.0,942847.0,901268.0,671114.0,681812.0,682473.0,871918.0,790616.0,904863.0,498927.0,511176.0,516369.0,311121.0,302134.0,296942.0,899272.0,831650.0,915927.0,371427.0,359457.0,369863.0,294923.0,291551.0,287698.0,940086.0,972399.0,976509.0,320917.0,324825.0,319133.0,276311.0,275456.0,278554.0,600597.0,609204.0,601694.0,275377.0,278274.0,279123.0,268079.0,263770.0,266108.0,342230.0,348211.0,346154.0,258345.0,259135.0,258765.0,261799.0,256416.0,259538.0,263628.0,266527.0
5.5,313179.0,305024.0,310439.0,306827.0,312837.0,297317.0,355248.0,335359.0,346365.0,780130.0,790305.0,771947.0,270438.0,269819.0,269982.0,260595.0,1017842.0,1020716.0,977956.0,716606.0,729574.0,728254.0,961648.0,878861.0,998795.0,507052.0,531979.0,535019.0,312600.0,302985.0,296387.0,978538.0,910172.0,1000258.0,378563.0,360745.0,377540.0,297188.0,288092.0,291483.0,1031857.0,1057417.0,1058883.0,319011.0,326600.0,320798.0,271700.0,270964.0,279548.0,636869.0,646648.0,629413.0,276788.0,272126.0,279787.0,265411.0,262593.0,266784.0,347639.0,359352.0,349149.0,257700.0,259333.0,260712.0,259870.0,259829.0,260476.0,266598.0,265262.0
6.0,312925.0,305474.0,303566.0,311775.0,309897.0,297221.0,348735.0,336461.0,350343.0,815409.0,831717.0,809042.0,272684.0,273369.0,270029.0,259499.0,1100172.0,1100452.0,1065842.0,771211.0,795375.0,772640.0,1063828.0,976301.0,1091599.0,528237.0,545020.0,561230.0,315345.0,304971.0,301366.0,1076616.0,992552.0,1099033.0,382910.0,365049.0,377501.0,295396.0,293362.0,295657.0,1118392.0,1142493.0,1139871.0,334715.0,330135.0,322260.0,276569.0,274207.0,278828.0,678931.0,673977.0,665112.0,274939.0,273096.0,277851.0,269564.0,261877.0,269020.0,347960.0,360851.0,355593.0,256857.0,255981.0,256335.0,259573.0,261367.0,258118.0,263314.0,264606.0
6.5,312341.0,311771.0,308268.0,315060.0,312041.0,300579.0,353914.0,338382.0,346475.0,843185.0,867139.0,850849.0,270784.0,270493.0,270287.0,260270.0,1177005.0,1187532.0,1172730.0,827611.0,851046.0,830631.0,1158536.0,1071747.0,1169932.0,538512.0,553873.0,571475.0,322332.0,309328.0,298257.0,1176314.0,1100087.0,1191830.0,389138.0,370120.0,385357.0,297621.0,294388.0,296297.0,1217116.0,1243257.0,1231526.0,337226.0,331380.0,325345.0,275971.0,273802.0,275604.0,713257.0,708515.0,699533.0,277963.0,275843.0,283107.0,265678.0,260761.0,267766.0,351946.0,369664.0,359986.0,255450.0,256074.0,260002.0,263642.0,256214.0,261606.0,262336.0,261606.0
7.0,316395.0,309837.0,311417.0,311626.0,310191.0,299643.0,353336.0,342824.0,346354.0,882253.0,902566.0,883327.0,270647.0,269987.0,270020.0,257668.0,1311374.0,1286083.0,1280591.0,891576.0,905631.0,878380.0,1263318.0,1162308.0,1251929.0,544872.0,569483.0,594717.0,324044.0,311008.0,300923.0,1259732.0,1196670.0,1277010.0,396763.0,374810.0,394366.0,299891.0,290405.0,297224.0,1303006.0,1327931.0,1328006.0,344802.0,334145.0,331998.0,280033.0,275845.0,282808.0,747679.0,746002.0,725112.0,276476.0,276498.0,277046.0,264129.0,262689.0,267719.0,359690.0,382493.0,365311.0,254940.0,254529.0,257385.0,260307.0,260696.0,257901.0,262815.0,261730.0
7.5,311772.0,306156.0,309799.0,309549.0,310298.0,299674.0,355294.0,344783.0,355742.0,916656.0,942189.0,925574.0,269516.0,267556.0,268009.0,257827.0,1420824.0,1406776.0,1398773.0,927370.0,936881.0,950906.0,1335784.0,1242129.0,1313126.0,555437.0,573003.0,607505.0,328463.0,314609.0,308580.0,1354891.0,1266806.0,1354944.0,404379.0,382075.0,402012.0,305474.0,296424.0,304214.0,1422203.0,1423224.0,1421440.0,345112.0,334340.0,334226.0,278855.0,276113.0,282000.0,784332.0,786115.0,773095.0,279098.0,273299.0,283603.0,266199.0,263327.0,267861.0,370545.0,385870.0,373706.0,254438.0,256234.0,262951.0,255629.0,260906.0,259277.0,258890.0,259106.0
8.0,311501.0,309435.0,309728.0,313939.0,310380.0,302172.0,361393.0,352949.0,355247.0,979198.0,987716.0,973922.0,270328.0,270339.0,268917.0,257494.0,1520511.0,1518623.0,1537294.0,950434.0,955161.0,1013882.0,1416204.0,1314808.0,1392151.0,565232.0,583901.0,623192.0,326589.0,315233.0,308838.0,1427428.0,1361540.0,1447759.0,407867.0,382466.0,402313.0,302896.0,300624.0,307532.0,1513114.0,1515674.0,1524428.0,350790.0,337105.0,339567.0,278209.0,276479.0,280306.0,824383.0,820173.0,821717.0,280749.0,279709.0,280674.0,266956.0,261951.0,269124.0,373768.0,390568.0,383540.0,258041.0,255718.0,256097.0,257218.0,254195.0,252990.0,262609.0,257694.0
8.5,308449.0,311347.0,306729.0,312187.0,311537.0,302212.0,364141.0,354384.0,358459.0,1046561.0,1028299.0,1004536.0,268133.0,266873.0,265958.0,255708.0,1640104.0,1617269.0,1665000.0,972684.0,978850.0,1068013.0,1471669.0,1401336.0,1469055.0,573600.0,594484.0,637661.0,333408.0,319636.0,312380.0,1489465.0,1456146.0,1533024.0,415376.0,390701.0,409979.0,314945.0,302999.0,312082.0,1623890.0,1627430.0,1629081.0,354300.0,340721.0,343602.0,283456.0,279819.0,285155.0,866428.0,858580.0,857930.0,280170.0,277970.0,282050.0,265703.0,259820.0,269101.0,385406.0,399744.0,385536.0,253891.0,256228.0,255540.0,259828.0,257820.0,256780.0,263274.0,257868.0
9.0,313890.0,304258.0,311086.0,308733.0,310752.0,301910.0,378914.0,364884.0,365409.0,1127885.0,1072124.0,1057265.0,266831.0,268077.0,272581.0,257228.0,1768839.0,1748936.0,1792949.0,993703.0,985664.0,1097159.0,1550369.0,1463490.0,1537776.0,580453.0,599155.0,655426.0,328952.0,325249.0,312012.0,1554420.0,1544621.0,1636586.0,418701.0,390629.0,412457.0,316388.0,305604.0,311712.0,1729611.0,1733649.0,1742532.0,358502.0,343893.0,345847.0,282448.0,279816.0,286097.0,906645.0,899025.0,911078.0,285362.0,278691.0,283248.0,264081.0,261918.0,269129.0,396419.0,403840.0,396369.0,252293.0,252658.0,255146.0,256147.0,253140.0,254770.0,257530.0,256250.0
9.5,313804.0,307115.0,310490.0,309044.0,308031.0,304291.0,378411.0,368221.0,370293.0,1216076.0,1139475.0,1115006.0,266114.0,267566.0,270457.0,254432.0,1898415.0,1902798.0,1907452.0,1001800.0,1000601.0,1102542.0,1609219.0,1539490.0,1607752.0,586727.0,604922.0,661016.0,336921.0,331694.0,318857.0,1631171.0,1613495.0,1736525.0,423907.0,394856.0,415412.0,319440.0,308521.0,315782.0,1836733.0,1831492.0,1841052.0,361086.0,347226.0,348806.0,282670.0,285099.0,285101.0,950396.0,945645.0,953882.0,282787.0,281205.0,281518.0,265735.0,263593.0,266956.0,405352.0,415607.0,404957.0,253264.0,253854.0,256395.0,259299.0,256040.0,255387.0,257535.0,259092.0
10.0,312724.0,311283.0,310922.0,314593.0,310764.0,302106.0,392253.0,373109.0,377100.0,1339452.0,1198448.0,1171363.0,266046.0,263219.0,268597.0,258784.0,2046520.0,2025079.0,2019574.0,1010020.0,1010335.0,1122157.0,1688740.0,1608187.0,1697154.0,590927.0,613902.0,671558.0,340015.0,332431.0,318898.0,1698041.0,1705888.0,1801936.0,429886.0,399391.0,425972.0,321427.0,315734.0,320639.0,1949746.0,1931953.0,1950525.0,362489.0,348075.0,353916.0,285863.0,285505.0,284909.0,987787.0,982014.0,1004870.0,284998.0,281458.0,283330.0,264998.0,260739.0,267312.0,418238.0,422529.0,416471.0,252980.0,251267.0,254643.0,261267.0,255467.0,253592.0,259320.0,258605.0
10.5,314972.0,309297.0,312794.0,312726.0,314669.0,303633.0,395715.0,384289.0,383535.0,1459305.0,1261545.0,1245555.0,268877.0,267940.0,265400.0,255360.0,2205778.0,2167826.0,2147338.0,1015641.0,1006079.0,1139457.0,1767373.0,1683488.0,1779392.0,596579.0,620336.0,684926.0,346313.0,334196.0,324500.0,1774996.0,1790911.0,1858114.0,434453.0,400896.0,432571.0,328278.0,319141.0,318050.0,2072723.0,2021018.0,2039201.0,371392.0,352641.0,352636.0,290292.0,285883.0,287419.0,1027802.0,1022876.0,1040531.0,285638.0,283040.0,286044.0,271796.0,263309.0,266870.0,429370.0,433436.0,426305.0,249863.0,250907.0,258802.0,257704.0,254444.0,252961.0,262255.0,256202.0
11.0,316956.0,308222.0,310577.0,313311.0,311736.0,301355.0,406046.0,390003.0,389307.0,1537104.0,1316646.0,1323753.0,265861.0,268235.0,270683.0,255455.0,2343077.0,2327743.0,2257118.0,1024755.0,1026176.0,1148164.0,1853079.0,1743374.0,1840999.0,609098.0,618998.0,691905.0,354573.0,338286.0,328561.0,1870648.0,1826204.0,1933521.0,439965.0,406743.0,433349.0,330407.0,325274.0,323150.0,2177247.0,2132473.0,2129922.0,367503.0,349388.0,356597.0,289104.0,288753.0,293536.0,1060130.0,1058257.0,1078079.0,287378.0,282801.0,284808.0,266065.0,262632.0,270695.0,443589.0,445627.0,437640.0,256812.0,252789.0,254215.0,257013.0,253727.0,256648.0,257471.0,256929.0
11.5,312300.0,307262.0,308237.0,309986.0,312926.0,301769.0,415275.0,398245.0,397675.0,1662770.0,1374107.0,1403505.0,266108.0,268319.0,265977.0,254774.0,2450742.0,2464086.0,2356682.0,1029197.0,1030610.0,1156133.0,1941474.0,1853873.0,1918377.0,615647.0,630888.0,704195.0,364109.0,341491.0,336223.0,1943845.0,1909003.0,2010222.0,446141.0,405708.0,437837.0,335853.0,326904.0,330826.0,2291893.0,2230101.0,2228456.0,371374.0,351932.0,357428.0,291667.0,291689.0,295269.0,1102585.0,1095004.0,1113109.0,286396.0,284184.0,290095.0,265925.0,261793.0,266282.0,452183.0,459184.0,449352.0,252883.0,251104.0,257412.0,256001.0,254815.0,253551.0,257184.0,255947.0
12.0,312738.0,308667.0,309623.0,309791.0,311689.0,306067.0,416835.0,402893.0,404584.0,1806354.0,1446642.0,1507436.0,261558.0,264129.0,266789.0,252663.0,2559464.0,2582271.0,2485544.0,1040869.0,1037928.0,1179303.0,2037019.0,1911986.0,1992973.0,622723.0,633266.0,715629.0,371201.0,340827.0,336672.0,2010940.0,1998351.0,2075303.0,453137.0,406255.0,443389.0,341496.0,335738.0,336286.0,2385125.0,2320760.0,2304158.0,369265.0,350146.0,357541.0,295036.0,291498.0,296123.0,1137043.0,1131839.0,1138251.0,284122.0,279498.0,288178.0,271439.0,263599.0,266759.0,456782.0,462368.0,462383.0,251916.0,253304.0,255807.0,257605.0,253028.0,253565.0,254566.0,257715.0
12.5,319203.0,307725.0,309378.0,310581.0,312617.0,306458.0,423362.0,408965.0,411887.0,1935361.0,1507463.0,1626740.0,265663.0,261800.0,265127.0,255029.0,2682473.0,2732522.0,2614706.0,1044946.0,1064064.0,1185798.0,2116158.0,1996515.0,2084087.0,624213.0,641145.0,721482.0,391654.0,349034.0,340825.0,2123747.0,2072895.0,2171831.0,456522.0,409129.0,444510.0,349718.0,338941.0,335382.0,2485177.0,2424001.0,2413038.0,374346.0,354222.0,357950.0,297556.0,291369.0,300377.0,1183396.0,1169273.0,1167769.0,286235.0,286236.0,285883.0,267390.0,265584.0,264530.0,468673.0,474294.0,464242.0,249774.0,252734.0,257471.0,257238.0,253797.0,252247.0,257229.0,256987.0
13.0,316022.0,307113.0,313523.0,311132.0,312619.0,301174.0,427063.0,414955.0,413195.0,2068428.0,1582516.0,1833403.0,262929.0,262861.0,263940.0,250507.0,2793701.0,2837564.0,2733790.0,1067238.0,1074290.0,1207240.0,2204088.0,2062810.0,2146632.0,629226.0,644587.0,735307.0,406429.0,357941.0,349701.0,2215653.0,2162654.0,2243776.0,458622.0,411200.0,446643.0,353220.0,345081.0,339037.0,2576508.0,2513673.0,2504793.0,375972.0,356936.0,358803.0,298986.0,294659.0,297696.0,1211553.0,1198703.0,1210841.0,286344.0,283161.0,285843.0,269794.0,261894.0,267670.0,476827.0,482580.0,472310.0,252054.0,251549.0,254784.0,252718.0,251147.0,254592.0,253898.0,255535.0
13.5,315373.0,312024.0,311621.0,313116.0,311874.0,307574.0,432237.0,421204.0,416256.0,2216623.0,1659297.0,2017643.0,267396.0,266510.0,269751.0,251463.0,2915932.0,2957589.0,2829570.0,1072319.0,1076686.0,1223885.0,2301145.0,2154076.0,2220088.0,635544.0,649732.0,744945.0,420897.0,365059.0,350058.0,2297131.0,2244769.0,2307787.0,465644.0,421481.0,457025.0,360988.0,347432.0,349048.0,2664312.0,2616365.0,2595293.0,379117.0,358848.0,362310.0,299976.0,297718.0,302680.0,1247522.0,1234838.0,1232396.0,286430.0,284295.0,285000.0,267285.0,262814.0,269005.0,481757.0,489941.0,480328.0,249972.0,256394.0,253491.0,255456.0,251496.0,250181.0,254907.0,257575.0
14.0,317617.0,312615.0,311730.0,312044.0,309857.0,303056.0,436994.0,426326.0,426878.0,2428135.0,1734581.0,2223253.0,266594.0,265145.0,264694.0,252628.0,3026034.0,3081889.0,2960987.0,1084696.0,1102921.0,1239133.0,2388953.0,2218169.0,2291083.0,647272.0,655958.0,760270.0,428694.0,385532.0,363686.0,2379145.0,2318472.0,2395466.0,463804.0,423513.0,464319.0,364917.0,354473.0,353408.0,2761960.0,2712988.0,2680422.0,378994.0,359216.0,362155.0,302218.0,299124.0,304524.0,1284179.0,1260749.0,1265708.0,289719.0,283297.0,283098.0,270135.0,265531.0,271162.0,492344.0,498151.0,489677.0,248703.0,252073.0,252321.0,256671.0,253704.0,249814.0,251809.0,250731.0
14.5,316141.0,309364.0,309955.0,317961.0,314894.0,302207.0,441457.0,429505.0,424094.0,2613701.0,1853451.0,2482596.0,265075.0,264856.0,264417.0,255549.0,3160329.0,3182255.0,3082219.0,1097649.0,1114807.0,1251494.0,2487822.0,2305159.0,2377702.0,659786.0,673724.0,769211.0,443195.0,392823.0,377653.0,2460080.0,2397381.0,2458596.0,468377.0,434439.0,469685.0,375799.0,362174.0,356756.0,2850927.0,2807270.0,2773235.0,378909.0,357743.0,363788.0,308644.0,300840.0,307015.0,1312990.0,1284376.0,1283017.0,290422.0,285911.0,286232.0,268991.0,263460.0,269396.0,504559.0,505135.0,499525.0,254049.0,251703.0,251989.0,257533.0,249940.0,251674.0,252176.0,252659.0
15.0,314275.0,307665.0,314020.0,311988.0,312332.0,299757.0,444047.0,432489.0,428436.0,2831169.0,1991965.0,2726517.0,267111.0,265994.0,266479.0,251944.0,3297267.0,3323877.0,3215234.0,1123183.0,1134413.0,1285688.0,2571998.0,2400488.0,2449953.0,665489.0,681857.0,776626.0,457551.0,404454.0,382626.0,2528396.0,2484844.0,2547325.0,475640.0,438013.0,467991.0,380941.0,368034.0,368026.0,2936140.0,2894684.0,2869442.0,379893.0,359732.0,363249.0,313306.0,306526.0,309319.0,1346271.0,1319773.0,1317396.0,290426.0,288678.0,287249.0,268266.0,262047.0,265801.0,515985.0,512784.0,504298.0,250562.0,253316.0,254544.0,259325.0,252344.0,254206.0,255139.0,255149.0
15.5,320674.0,312812.0,308426.0,311006.0,313938.0,307513.0,446801.0,441873.0,435520.0,3007029.0,2109074.0,2948918.0,265584.0,261079.0,267719.0,251225.0,3418046.0,3438678.0,3325544.0,1136345.0,1153038.0,1307798.0,2663527.0,2460301.0,2510389.0,679903.0,693678.0,784379.0,473625.0,413233.0,389893.0,2603459.0,2550043.0,2630609.0,481936.0,447551.0,475130.0,390405.0,379074.0,370026.0,3043173.0,2999457.0,2963285.0,383333.0,363614.0,361876.0,312323.0,308818.0,317174.0,1368395.0,1342765.0,1340939.0,292779.0,287721.0,290206.0,268251.0,264374.0,268999.0,516729.0,518936.0,516524.0,252830.0,253753.0,253482.0,258340.0,251328.0,254767.0,254154.0,255571.0
16.0,320033.0,312323.0,309965.0,312152.0,307938.0,306678.0,453203.0,438842.0,436559.0,3278022.0,2285549.0,3037502.0,268846.0,266778.0,264471.0,252103.0,3524309.0,3568166.0,3474670.0,1146508.0,1162823.0,1325187.0,2743128.0,2524473.0,2571008.0,685562.0,708477.0,794336.0,479483.0,426900.0,397118.0,2649267.0,2622737.0,2709161.0,480965.0,447924.0,477706.0,394853.0,380573.0,375675.0,3114638.0,3079005.0,3043095.0,385482.0,361592.0,365197.0,318933.0,311917.0,320511.0,1388341.0,1379314.0,1370042.0,291238.0,288245.0,287661.0,272129.0,268912.0,271187.0,528895.0,523036.0,526977.0,252018.0,252255.0,251167.0,254936.0,255258.0,250981.0,255946.0,251089.0
16.5,314523.0,309901.0,310207.0,314481.0,311559.0,301432.0,454640.0,446507.0,442322.0,3502188.0,2449229.0,3239990.0,267768.0,267376.0,266991.0,253539.0,3654572.0,3727474.0,3630523.0,1154402.0,1179425.0,1333087.0,2829114.0,2594804.0,2647163.0,698829.0,737103.0,814951.0,500375.0,437491.0,406335.0,2760831.0,2713207.0,2805865.0,481691.0,451672.0,484419.0,403782.0,384253.0,387073.0,3214662.0,3153436.0,3144185.0,386053.0,362837.0,364240.0,320550.0,315750.0,320065.0,1429485.0,1401588.0,1389473.0,289581.0,287994.0,291492.0,271735.0,266008.0,268998.0,535140.0,538790.0,528090.0,253466.0,249608.0,253435.0,259757.0,248580.0,247520.0,252159.0,251905.0
17.0,318806.0,310671.0,310722.0,310986.0,314874.0,304458.0,468257.0,451542.0,441521.0,3544335.0,2681066.0,3432885.0,264664.0,265891.0,265852.0,250062.0,3763620.0,3832651.0,3736787.0,1163493.0,1199338.0,1361949.0,2901985.0,2677345.0,2720507.0,719473.0,768797.0,822706.0,515851.0,455955.0,415213.0,2870270.0,2816863.0,2880831.0,482534.0,460892.0,484950.0,409605.0,399115.0,393900.0,3332806.0,3265028.0,3229001.0,387485.0,363718.0,367990.0,325843.0,316998.0,321918.0,1460356.0,1422717.0,1429597.0,295711.0,292783.0,291231.0,273881.0,266419.0,272215.0,545521.0,543027.0,535912.0,254124.0,250642.0,253705.0,257657.0,251095.0,249448.0,253738.0,253383.0
17.5,315738.0,309838.0,310408.0,315097.0,312113.0,304668.0,467733.0,452564.0,443992.0,3790545.0,3092026.0,3695685.0,267370.0,268516.0,267121.0,255980.0,3906031.0,3933871.0,3858151.0,1184362.0,1204959.0,1382568.0,2977497.0,2754213.0,2789987.0,731186.0,770785.0,831293.0,531655.0,466577.0,429346.0,2961984.0,2899739.0,2960943.0,487288.0,465516.0,485735.0,423410.0,404455.0,401725.0,3396863.0,3355751.0,3330965.0,390843.0,367814.0,374136.0,328192.0,321866.0,323300.0,1484316.0,1447161.0,1452662.0,294852.0,286404.0,289216.0,267891.0,265489.0,270697.0,555516.0,549192.0,546202.0,254701.0,252694.0,251750.0,257454.0,254637.0,245458.0,255330.0,250285.0
18.0,321316.0,311037.0,312201.0,314416.0,313513.0,308917.0,469925.0,458310.0,451236.0,3969022.0,3209009.0,3858369.0,265964.0,265270.0,267236.0,253541.0,4024575.0,4071690.0,3957039.0,1204075.0,1227363.0,1404766.0,3055614.0,2810027.0,2882742.0,750875.0,777319.0,842652.0,557694.0,475600.0,440539.0,3059884.0,2976910.0,3038939.0,485324.0,471806.0,489407.0,431003.0,410529.0,408865.0,3503417.0,3453064.0,3410549.0,389796.0,368433.0,375078.0,329004.0,321024.0,326073.0,1513168.0,1468723.0,1478408.0,295453.0,288127.0,288989.0,269882.0,266560.0,271865.0,560714.0,561583.0,550683.0,254716.0,248613.0,257040.0,257999.0,255126.0,253685.0,255399.0,253563.0
18.5,317996.0,313585.0,313139.0,311114.0,314334.0,306446.0,478809.0,460750.0,457760.0,4183170.0,3541686.0,4091715.0,268606.0,266305.0,265747.0,255181.0,4142023.0,4223716.0,4112758.0,1229646.0,1238914.0,1422656.0,3155084.0,2904752.0,2982789.0,756043.0,781951.0,849227.0,578496.0,485889.0,450135.0,3169424.0,3076375.0,3124071.0,487552.0,463664.0,491136.0,440001.0,416374.0,413382.0,3610646.0,3532758.0,3518003.0,388415.0,368220.0,374820.0,333515.0,327263.0,332712.0,1556229.0,1509062.0,1517618.0,295189.0,290062.0,290089.0,274898.0,268435.0,270344.0,570896.0,572395.0,560361.0,247147.0,253578.0,255873.0,253169.0,254444.0,255550.0,255697.0,252304.0
19.0,321879.0,310595.0,313740.0,311497.0,318158.0,305943.0,481045.0,468256.0,455614.0,4209523.0,3764687.0,4328961.0,267915.0,268461.0,269504.0,253635.0,4263366.0,4325807.0,4232126.0,1248367.0,1262300.0,1452599.0,3245843.0,3009078.0,3074907.0,766710.0,789178.0,850498.0,604759.0,503249.0,464784.0,3259040.0,3140531.0,3213285.0,489966.0,471036.0,490374.0,442280.0,424214.0,425823.0,3710135.0,3663438.0,3599647.0,391527.0,372868.0,378119.0,333503.0,326234.0,330049.0,1581079.0,1534542.0,1541105.0,295063.0,289825.0,289598.0,272346.0,267154.0,273814.0,579456.0,579811.0,570760.0,251984.0,254076.0,256399.0,254220.0,257274.0,255001.0,254995.0,258496.0
19.5,317996.0,312958.0,308899.0,318147.0,316080.0,307076.0,486168.0,475297.0,463007.0,4438871.0,3808401.0,4551493.0,267654.0,267586.0,267834.0,256368.0,4409193.0,4454582.0,4329328.0,1281792.0,1283047.0,1468158.0,3345586.0,3114549.0,3171144.0,771221.0,793938.0,855036.0,627218.0,521652.0,476235.0,3341822.0,3236795.0,3292155.0,492720.0,475195.0,497362.0,451259.0,429048.0,428349.0,3819816.0,3767803.0,3705499.0,395410.0,369622.0,378296.0,343791.0,329201.0,338172.0,1609340.0,1559110.0,1572812.0,295321.0,290047.0,292850.0,269408.0,265403.0,272753.0,591612.0,591501.0,578820.0,255145.0,254640.0,259490.0,257231.0,255452.0,255213.0,259964.0,259576.0
20.0,319994.0,318129.0,309919.0,315497.0,312728.0,310294.0,482853.0,476456.0,468186.0,4553095.0,3749371.0,4754418.0,265479.0,262281.0,268106.0,254104.0,4508854.0,4579550.0,4424623.0,1325919.0,1310776.0,1487446.0,3438148.0,3195783.0,3256180.0,768642.0,795693.0,857294.0,656657.0,542886.0,487409.0,3452749.0,3344371.0,3382310.0,497013.0,479936.0,500071.0,462220.0,443407.0,439355.0,3932241.0,3875381.0,3807088.0,393991.0,372087.0,376433.0,340233.0,334153.0,336153.0,1639743.0,1591163.0,1608997.0,295659.0,293147.0,293443.0,274453.0,270227.0,271642.0,594843.0,604891.0,596818.0,253912.0,253576.0,253383.0,259623.0,259818.0,257242.0,261095.0,255286.0
20.5,324237.0,310611.0,316778.0,316850.0,317309.0,312056.0,490314.0,481592.0,468782.0,4593829.0,4056375.0,4917621.0,267671.0,266829.0,265154.0,254318.0,4627021.0,4715268.0,4574614.0,1371419.0,1349994.0,1518403.0,3569746.0,3294626.0,3357641.0,770069.0,793876.0,859159.0,675757.0,562794.0,505620.0,3577063.0,3422570.0,3473530.0,496522.0,479829.0,500892.0,465853.0,446206.0,447504.0,4040042.0,3977529.0,3917129.0,397220.0,373972.0,378594.0,346472.0,336708.0,340333.0,1687148.0,1631455.0,1657524.0,301632.0,291437.0,294382.0,274659.0,271414.0,274748.0,608396.0,614537.0,599106.0,253992.0,252905.0,256325.0,255656.0,258091.0,257391.0,258350.0,259187.0
21.0,321703.0,312973.0,315988.0,314989.0,318071.0,306425.0,496581.0,484429.0,474515.0,4702790.0,4121806.0,5069175.0,272391.0,271704.0,270165.0,256537.0,4770596.0,4805962.0,4692143.0,1409948.0,1381482.0,1554055.0,3670574.0,3409992.0,3468398.0,779031.0,793812.0,862172.0,706778.0,588584.0,511618.0,3663936.0,3506927.0,3565175.0,501237.0,480916.0,503231.0,471694.0,454747.0,451635.0,4153091.0,4096195.0,4039547.0,395543.0,374356.0,382294.0,347216.0,341858.0,344949.0,1719828.0,1648607.0,1678500.0,299538.0,290152.0,293367.0,271478.0,270207.0,276625.0,614464.0,622816.0,600571.0,258324.0,254043.0,255568.0,260047.0,260263.0,257505.0,260478.0,261297.0
21.5,317155.0,314771.0,312158.0,315742.0,316593.0,307326.0,503226.0,494118.0,487435.0,4813759.0,4168614.0,5269734.0,267601.0,268377.0,270494.0,254918.0,4889657.0,4930015.0,4778667.0,1440895.0,1417606.0,1579219.0,3771166.0,3510029.0,3566683.0,778694.0,804495.0,864440.0,736183.0,613130.0,535627.0,3786270.0,3595183.0,3641950.0,499890.0,475199.0,509150.0,488527.0,466075.0,454326.0,4285436.0,4201066.0,4141486.0,399240.0,376326.0,384351.0,349530.0,346577.0,343728.0,1760936.0,1699498.0,1727824.0,299855.0,292947.0,295765.0,277825.0,272092.0,275303.0,624565.0,631548.0,615139.0,254826.0,254571.0,255817.0,255484.0,260769.0,255715.0,258586.0,261753.0
22.0,321509.0,315642.0,313876.0,318366.0,315929.0,311589.0,508047.0,496749.0,493311.0,4934736.0,4306321.0,5428153.0,265563.0,268604.0,270220.0,255569.0,5017734.0,5068609.0,4890472.0,1481933.0,1439909.0,1630069.0,3861963.0,3606413.0,3657614.0,777398.0,795356.0,866554.0,765136.0,630896.0,558416.0,3881501.0,3698183.0,3745710.0,501321.0,478510.0,506570.0,489155.0,469835.0,463553.0,4398021.0,4344705.0,4292233.0,399120.0,374362.0,386083.0,352282.0,345875.0,347390.0,1799185.0,1733294.0,1756587.0,299469.0,294546.0,289446.0,271884.0,271299.0,277681.0,636041.0,643825.0,624692.0,256503.0,253587.0,255228.0,258911.0,260864.0,260037.0,263789.0,258658.0
22.5,322076.0,316168.0,316126.0,320880.0,321405.0,315496.0,519428.0,503433.0,494966.0,5166922.0,4549255.0,5626987.0,266473.0,268423.0,270336.0,254758.0,5120972.0,5172221.0,5024770.0,1508518.0,1476571.0,1657892.0,3966886.0,3721944.0,3739351.0,778891.0,808162.0,877240.0,790671.0,664652.0,581099.0,3988522.0,3789208.0,3858976.0,498326.0,478008.0,507148.0,497210.0,481356.0,465032.0,4547657.0,4468337.0,4410827.0,403717.0,379345.0,388756.0,355229.0,344450.0,350215.0,1857524.0,1765312.0,1807418.0,298994.0,293403.0,294116.0,276656.0,271118.0,276880.0,640588.0,650212.0,638729.0,258859.0,255579.0,255817.0,262897.0,260577.0,263128.0,266474.0,264988.0
23.0,319703.0,311766.0,316460.0,317639.0,319682.0,309211.0,522813.0,506343.0,500359.0,5487638.0,4954261.0,5809928.0,267326.0,271373.0,268352.0,255041.0,5278351.0,5279222.0,5118136.0,1520303.0,1487567.0,1715921.0,4091723.0,3816364.0,3860745.0,779802.0,829848.0,870920.0,818169.0,690067.0,606595.0,4114654.0,3896485.0,3930113.0,501521.0,479607.0,505185.0,507741.0,479044.0,475421.0,4683229.0,4602657.0,4576350.0,405640.0,382494.0,387244.0,358173.0,356225.0,351107.0,1900156.0,1811131.0,1854771.0,295590.0,292166.0,297557.0,278131.0,273604.0,278530.0,654080.0,663418.0,647302.0,258824.0,255185.0,256339.0,261697.0,263310.0,256088.0,262725.0,261309.0
23.5,321557.0,316076.0,317091.0,317328.0,318567.0,313808.0,525635.0,519528.0,510599.0,5779480.0,5296444.0,6012126.0,267234.0,270349.0,268603.0,258495.0,5386070.0,5389593.0,5233599.0,1537720.0,1501716.0,1745695.0,4177759.0,3926739.0,3949481.0,779838.0,854858.0,870732.0,848921.0,716915.0,630740.0,4225561.0,3987895.0,4021996.0,503981.0,478267.0,503858.0,512345.0,488035.0,479064.0,4855149.0,4733383.0,4695858.0,399935.0,382495.0,387541.0,361060.0,350610.0,356320.0,1944169.0,1856156.0,1901112.0,297006.0,294098.0,294907.0,279361.0,270986.0,278404.0,663379.0,682232.0,655601.0,262321.0,256923.0,260746.0,256415.0,260938.0,260077.0,263193.0,260002.0
24.0,322990.0,316553.0,316557.0,319003.0,318968.0,313102.0,535527.0,521175.0,514318.0,5915517.0,5509567.0,6090863.0,269886.0,267292.0,269377.0,256778.0,5518791.0,5546714.0,5323248.0,1543829.0,1506834.0,1779127.0,4285526.0,4026568.0,4064778.0,781945.0,869197.0,870422.0,881083.0,744718.0,652442.0,4370931.0,4092094.0,4124744.0,503451.0,480754.0,504440.0,520843.0,494889.0,490968.0,5017383.0,4879127.0,4854903.0,397657.0,381244.0,390754.0,364565.0,353868.0,358719.0,2020303.0,1913706.0,1962861.0,296952.0,296294.0,293826.0,279929.0,273642.0,279162.0,678389.0,686839.0,668783.0,261259.0,253097.0,257771.0,260195.0,258765.0,258478.0,262229.0,262584.0
24.5,325762.0,318190.0,316543.0,318701.0,322011.0,309690.0,537900.0,524389.0,515801.0,6106730.0,5779945.0,6280563.0,272753.0,269471.0,271811.0,256553.0,5632610.0,5665964.0,5455593.0,1554435.0,1521426.0,1814791.0,4399028.0,4133243.0,4185121.0,782541.0,858009.0,879481.0,908821.0,768131.0,680190.0,4491443.0,4188882.0,4238211.0,499467.0,476574.0,507334.0,529089.0,504032.0,498253.0,5181362.0,5048080.0,4982324.0,403137.0,380837.0,391732.0,366498.0,360575.0,361360.0,2060301.0,1960038.0,1997299.0,299496.0,297128.0,291962.0,277899.0,277693.0,280319.0,697192.0,698033.0,674403.0,259167.0,255924.0,261419.0,261190.0,262819.0,261274.0,266446.0,262708.0
25.0,328105.0,315301.0,317343.0,316773.0,313871.0,307537.0,550043.0,535814.0,526159.0,6338566.0,6028865.0,6493943.0,267213.0,270465.0,271033.0,257042.0,5766627.0,5740408.0,5570953.0,1547715.0,1525184.0,1828811.0,4470252.0,4220269.0,4277438.0,781891.0,834924.0,879166.0,929364.0,793523.0,699813.0,4604379.0,4276572.0,4334079.0,493646.0,480153.0,501430.0,533118.0,508130.0,504786.0,5326591.0,5193084.0,5121584.0,398760.0,378911.0,389759.0,370802.0,357669.0,367015.0,2131640.0,2001151.0,2053012.0,300081.0,293672.0,289807.0,280079.0,274416.0,279600.0,704626.0,712692.0,690801.0,264887.0,256676.0,260853.0,261712.0,266034.0,260359.0,262659.0,262343.0
25.5,319159.0,321736.0,317278.0,317473.0,317660.0,314500.0,552432.0,539525.0,528375.0,6464546.0,6225063.0,6638421.0,273962.0,271091.0,270224.0,255535.0,5930534.0,5878489.0,5639322.0,1550863.0,1534749.0,1840213.0,4642769.0,4328200.0,4404961.0,783661.0,836581.0,883431.0,948122.0,826186.0,723591.0,4753104.0,4415136.0,4448282.0,499082.0,473456.0,506025.0,546181.0,519979.0,512705.0,5503514.0,5358422.0,5312852.0,395530.0,381223.0,392230.0,372124.0,365121.0,367127.0,2177507.0,2075151.0,2113748.0,300649.0,297034.0,295598.0,280448.0,277077.0,280970.0,720699.0,736961.0,708469.0,261002.0,257118.0,259859.0,260113.0,263231.0,259647.0,263302.0,265345.0
26.0,325184.0,319323.0,320268.0,322706.0,313982.0,313576.0,557437.0,548784.0,536376.0,6463982.0,6394208.0,6717974.0,270836.0,273566.0,272636.0,258214.0,6056343.0,6017287.0,5760908.0,1565269.0,1539187.0,1840830.0,4748097.0,4447405.0,4525052.0,781623.0,842993.0,873963.0,957354.0,856514.0,749257.0,4893782.0,4532539.0,4597531.0,500575.0,476845.0,505889.0,558999.0,531045.0,518937.0,5665000.0,5538646.0,5486122.0,403818.0,382404.0,393211.0,372084.0,364870.0,367646.0,2233138.0,2137166.0,2173677.0,299411.0,302463.0,293035.0,279743.0,275080.0,281184.0,736604.0,741282.0,723628.0,264490.0,261477.0,262310.0,262297.0,263058.0,260951.0,265693.0,262824.0
26.5,326757.0,313280.0,318112.0,319929.0,320574.0,315915.0,564864.0,553330.0,540397.0,6575064.0,6579194.0,6860388.0,269232.0,272862.0,273169.0,257126.0,6204860.0,6162158.0,5894410.0,1561368.0,1551002.0,1840142.0,4866606.0,4577305.0,4659858.0,791091.0,836784.0,887038.0,979000.0,876281.0,777004.0,5018916.0,4646690.0,4697343.0,506638.0,478174.0,506021.0,568009.0,544874.0,529703.0,5826900.0,5671705.0,5653385.0,399859.0,383055.0,393373.0,382147.0,367120.0,367877.0,2310337.0,2184038.0,2233207.0,302155.0,297450.0,297208.0,282494.0,277355.0,281854.0,758009.0,753455.0,736365.0,265345.0,258764.0,262139.0,261883.0,263492.0,262167.0,264249.0,262711.0
27.0,325345.0,313859.0,318791.0,316178.0,319450.0,310879.0,569577.0,556688.0,540274.0,6724447.0,6738762.0,6958418.0,273533.0,276150.0,271683.0,260821.0,6328092.0,6247694.0,5988478.0,1564102.0,1546782.0,1860646.0,4991954.0,4666043.0,4780182.0,791764.0,846431.0,885693.0,984729.0,903953.0,799848.0,5180546.0,4757025.0,4823884.0,505660.0,478913.0,509054.0,579174.0,549050.0,544743.0,6002615.0,5843245.0,5807616.0,396054.0,388144.0,392846.0,384312.0,371677.0,370573.0,2368254.0,2253437.0,2294615.0,298773.0,295755.0,294590.0,283618.0,276528.0,283627.0,763207.0,770535.0,746370.0,263233.0,258474.0,262500.0,260262.0,261484.0,262733.0,267178.0,268037.0
27.5,322075.0,323723.0,320463.0,323201.0,320465.0,313677.0,578753.0,566355.0,548760.0,7048093.0,6891825.0,7152062.0,272114.0,274438.0,270866.0,260463.0,6448674.0,6360070.0,6111567.0,1571919.0,1551130.0,1860698.0,5111796.0,4784224.0,4902253.0,785050.0,847264.0,892162.0,1007741.0,948074.0,839763.0,5335960.0,4926412.0,4961477.0,506276.0,482398.0,508063.0,586013.0,558246.0,553049.0,6184410.0,5981075.0,5927508.0,400774.0,378130.0,394016.0,388618.0,375752.0,380837.0,2419061.0,2304902.0,2347354.0,302709.0,299713.0,298999.0,283926.0,275406.0,289774.0,790312.0,790079.0,771447.0,266733.0,259197.0,260898.0,265345.0,268440.0,263515.0,267205.0,262965.0
28.0,323982.0,319299.0,313744.0,323757.0,321625.0,312792.0,582998.0,567528.0,554077.0,7224868.0,7032641.0,7322319.0,272185.0,275683.0,275095.0,258367.0,6590872.0,6511454.0,6217080.0,1581324.0,1551073.0,1858117.0,5216206.0,4878702.0,5031756.0,795524.0,843078.0,898409.0,1033787.0,1011964.0,905323.0,5475967.0,5044675.0,5091710.0,503891.0,479039.0,506202.0,595876.0,567674.0,565564.0,6359837.0,6153349.0,6081750.0,400733.0,384269.0,394511.0,391508.0,374010.0,382156.0,2477838.0,2360643.0,2394798.0,302754.0,299472.0,295947.0,279077.0,278172.0,290534.0,807450.0,807371.0,782893.0,264922.0,259246.0,261398.0,265173.0,265887.0,262506.0,266082.0,264073.0
28.5,330592.0,316178.0,321234.0,321943.0,322672.0,315243.0,589434.0,572999.0,560325.0,7403110.0,7201266.0,7449803.0,274306.0,268732.0,273075.0,259717.0,6758363.0,6644238.0,6362437.0,1588428.0,1563496.0,1867717.0,5346845.0,5037069.0,5180741.0,790032.0,847751.0,900289.0,1070205.0,1075786.0,978604.0,5637721.0,5187764.0,5246374.0,496554.0,482956.0,503907.0,600168.0,579983.0,572690.0,6515241.0,6250655.0,6214341.0,402636.0,383691.0,388734.0,394258.0,387319.0,384701.0,2549568.0,2403146.0,2466912.0,300198.0,296889.0,297729.0,282447.0,279463.0,295183.0,823164.0,822350.0,800791.0,268036.0,257538.0,264844.0,264741.0,260345.0,266495.0,268411.0,264962.0
29.0,329446.0,317955.0,318359.0,321525.0,325404.0,309006.0,599861.0,577640.0,563716.0,7656616.0,7392371.0,7645408.0,272983.0,272986.0,277677.0,265364.0,6876595.0,6720764.0,6501722.0,1591356.0,1566540.0,1870040.0,5483394.0,5156979.0,5333338.0,797614.0,856352.0,899174.0,1114371.0,1127553.0,1047075.0,5768745.0,5303289.0,5380853.0,501157.0,479447.0,507884.0,615253.0,594650.0,582016.0,6677519.0,6443978.0,6364912.0,400702.0,385834.0,392693.0,395725.0,385013.0,389067.0,2602804.0,2469101.0,2507828.0,302954.0,299765.0,298247.0,285788.0,283654.0,303468.0,847606.0,837054.0,812844.0,268805.0,261624.0,267168.0,268832.0,266979.0,263229.0,268733.0,269308.0
29.5,326232.0,320595.0,322142.0,322679.0,321614.0,318118.0,602890.0,585262.0,567904.0,7795102.0,7431763.0,7714559.0,275171.0,273270.0,274347.0,263095.0,7013031.0,6847904.0,6580770.0,1580538.0,1556389.0,1866073.0,5636555.0,5300874.0,5437171.0,797881.0,847560.0,895889.0,1177283.0,1184220.0,1095332.0,5922195.0,5451966.0,5514870.0,498036.0,477400.0,506622.0,626644.0,598994.0,591911.0,6801349.0,6563974.0,6513656.0,399496.0,384399.0,392521.0,401136.0,388110.0,388149.0,2656067.0,2522998.0,2568756.0,300089.0,301031.0,299637.0,289745.0,280786.0,306472.0,860377.0,854549.0,844931.0,275015.0,264843.0,269524.0,267914.0,264110.0,263702.0,264107.0,264035.0
30.0,327352.0,318756.0,316388.0,324438.0,318208.0,315450.0,606000.0,594149.0,574425.0,7917775.0,7600615.0,7816045.0,275761.0,275785.0,272878.0,266521.0,7152851.0,6992172.0,6667687.0,1587352.0,1561264.0,1870384.0,5783626.0,5387146.0,5553871.0,803200.0,857370.0,898839.0,1233982.0,1214905.0,1135203.0,6082512.0,5621020.0,5626649.0,505022.0,479525.0,506259.0,623587.0,608591.0,603625.0,6976400.0,6720385.0,6659864.0,396361.0,387478.0,395174.0,402112.0,393933.0,388992.0,2713078.0,2582451.0,2623699.0,303056.0,298834.0,300874.0,293046.0,283676.0,303066.0,929583.0,897802.0,888517.0,269010.0,265684.0,269247.0,267889.0,265500.0,268749.0,266910.0,264022.0
30.5,328313.0,320005.0,324550.0,316832.0,319371.0,312739.0,618058.0,597091.0,578118.0,8128367.0,7640743.0,7994718.0,273843.0,275017.0,277011.0,265054.0,7256486.0,7118683.0,6806687.0,1579784.0,1568678.0,1880600.0,5890028.0,5538887.0,5686964.0,796684.0,857635.0,904272.0,1309486.0,1240707.0,1145434.0,6216118.0,5766032.0,5799645.0,503772.0,481304.0,510300.0,643757.0,617929.0,635770.0,7157470.0,6870818.0,6809819.0,398661.0,383678.0,393870.0,406882.0,391773.0,394923.0,2777194.0,2647476.0,2702212.0,296130.0,303225.0,299859.0,297315.0,285148.0,305726.0,1015523.0,963204.0,951309.0,269798.0,265121.0,269097.0,268456.0,262123.0,262788.0,269042.0,268990.0
31.0,329600.0,316704.0,317720.0,319829.0,320408.0,310956.0,623945.0,600669.0,584289.0,8377997.0,7829171.0,8243919.0,274851.0,274443.0,274891.0,267140.0,7383622.0,7189406.0,6918379.0,1572488.0,1560670.0,1877824.0,6043138.0,5638603.0,5818181.0,797646.0,873654.0,902416.0,1349293.0,1262049.0,1162406.0,6354205.0,5846960.0,5920440.0,497371.0,479970.0,504333.0,652799.0,642588.0,680059.0,7334728.0,7033552.0,6986927.0,397416.0,384794.0,394295.0,422428.0,397313.0,398514.0,2856088.0,2713460.0,2757005.0,298969.0,298602.0,301323.0,302065.0,286269.0,304827.0,1126131.0,1063875.0,1070410.0,274208.0,267375.0,272740.0,270958.0,267380.0,266197.0,270944.0,265658.0
31.5,327752.0,318619.0,319979.0,321133.0,318846.0,320853.0,628295.0,611965.0,596779.0,8534749.0,7953374.0,8458934.0,278663.0,275427.0,279699.0,261890.0,7553047.0,7308903.0,6995997.0,1569285.0,1561398.0,1883279.0,6186367.0,5766026.0,5924478.0,804946.0,872455.0,907718.0,1390437.0,1276027.0,1173372.0,6548593.0,6007142.0,6061480.0,501255.0,474499.0,511549.0,678412.0,677674.0,720170.0,7472825.0,7192638.0,7098314.0,397596.0,387767.0,392809.0,433793.0,408623.0,410064.0,2907856.0,2768889.0,2812188.0,302187.0,300534.0,304118.0,303927.0,294990.0,307923.0,1242315.0,1192760.0,1163308.0,273394.0,267944.0,265726.0,269896.0,271710.0,265201.0,268280.0,265822.0
32.0,326407.0,321888.0,318918.0,322224.0,322500.0,318476.0,635809.0,614546.0,597676.0,8705717.0,8119531.0,8634184.0,280970.0,277099.0,283482.0,268036.0,7686321.0,7449681.0,7095027.0,1582242.0,1572635.0,1889683.0,6295072.0,5898113.0,6019107.0,809271.0,868771.0,917673.0,1418814.0,1280891.0,1178624.0,6657062.0,6154537.0,6173173.0,502425.0,482521.0,508553.0,720581.0,729598.0,770226.0,7640069.0,7359717.0,7271641.0,397807.0,389394.0,394261.0,454783.0,425406.0,429042.0,2979831.0,2842362.0,2866986.0,300740.0,301257.0,300025.0,307898.0,300837.0,307707.0,1335096.0,1292261.0,1262833.0,271750.0,270522.0,268217.0,269762.0,267841.0,262696.0,267498.0,267476.0
32.5,330165.0,317726.0,322591.0,322885.0,323284.0,320472.0,644304.0,617529.0,604381.0,8849099.0,8326121.0,8796906.0,274489.0,275183.0,276786.0,264947.0,7769814.0,7578987.0,7218625.0,1581364.0,1559007.0,1875621.0,6404416.0,6007405.0,6170197.0,807933.0,875627.0,915449.0,1418131.0,1293624.0,1200766.0,6797871.0,6306126.0,6359837.0,502972.0,484126.0,510296.0,773474.0,771934.0,796799.0,7817904.0,7497915.0,7399198.0,403700.0,386934.0,393327.0,477028.0,448324.0,453680.0,3042350.0,2885417.0,2928361.0,306384.0,303024.0,302763.0,307521.0,299868.0,306593.0,1407241.0,1368541.0,1325718.0,274041.0,270267.0,268616.0,271723.0,263678.0,267716.0,269796.0,267940.0
33.0,329002.0,316078.0,321285.0,320371.0,322358.0,317900.0,654226.0,629501.0,606059.0,9022216.0,8494539.0,8991452.0,275976.0,281047.0,280013.0,268878.0,7870441.0,7621899.0,7342881.0,1580085.0,1569121.0,1878100.0,6564028.0,6120236.0,6267128.0,811967.0,883129.0,911942.0,1436747.0,1294055.0,1199230.0,6955561.0,6428147.0,6481367.0,502834.0,483891.0,514000.0,817830.0,796261.0,817105.0,7955157.0,7672347.0,7581386.0,398305.0,388060.0,401223.0,483723.0,468400.0,468074.0,3089466.0,2942037.0,3001384.0,303353.0,300957.0,302003.0,306761.0,301554.0,310815.0,1465199.0,1424052.0,1370225.0,276332.0,271847.0,270889.0,271208.0,264373.0,266470.0,267249.0,270823.0
33.5,330160.0,320079.0,320796.0,320294.0,323376.0,322494.0,660699.0,636049.0,613901.0,9091788.0,8675928.0,9175584.0,275078.0,278861.0,280326.0,271730.0,8008074.0,7730283.0,7379492.0,1580933.0,1562738.0,1878738.0,6684785.0,6233036.0,6399360.0,812057.0,896666.0,916847.0,1455765.0,1307387.0,1210636.0,7111917.0,6578594.0,6583368.0,502762.0,490090.0,521030.0,846044.0,829406.0,830578.0,8163966.0,7843246.0,7717371.0,399710.0,397227.0,397595.0,498387.0,474748.0,483992.0,3186759.0,3020196.0,3058544.0,305120.0,299870.0,300560.0,310896.0,304955.0,311876.0,1508146.0,1473539.0,1423134.0,271424.0,267129.0,272200.0,271985.0,265678.0,264308.0,270577.0,272103.0
34.0,329217.0,321884.0,313677.0,323128.0,320530.0,323820.0,667605.0,642016.0,622978.0,9289231.0,8911450.0,9357391.0,278841.0,279004.0,281806.0,270231.0,8123294.0,7850940.0,7524715.0,1574265.0,1561508.0,1870431.0,6820343.0,6331163.0,6498417.0,807303.0,893470.0,920770.0,1464388.0,1319727.0,1209549.0,7257851.0,6713802.0,6765496.0,500182.0,482444.0,534164.0,876349.0,850926.0,839773.0,8334687.0,7973608.0,7894813.0,399261.0,393631.0,400879.0,507776.0,484979.0,498491.0,3329600.0,3082623.0,3171638.0,300768.0,306134.0,302184.0,305039.0,305210.0,311681.0,1531203.0,1516234.0,1448543.0,274994.0,269247.0,269974.0,269480.0,266172.0,266788.0,268406.0,268400.0
34.5,328223.0,318200.0,323110.0,319107.0,320985.0,320527.0,674909.0,647117.0,626054.0,9407671.0,9098544.0,9511392.0,278394.0,279445.0,281547.0,272903.0,8218937.0,7944805.0,7608253.0,1569541.0,1562497.0,1884300.0,6956254.0,6464180.0,6655460.0,810701.0,889869.0,924825.0,1467688.0,1313814.0,1227873.0,7399178.0,6866594.0,6894150.0,501786.0,487504.0,549610.0,905936.0,858976.0,844632.0,8536769.0,8128151.0,8036810.0,403497.0,398030.0,403663.0,511801.0,491860.0,498285.0,3632174.0,3200077.0,3460748.0,305916.0,306119.0,303371.0,305819.0,305500.0,312944.0,1585862.0,1561821.0,1483980.0,275167.0,274739.0,269943.0,271986.0,267813.0,266089.0,273513.0,270864.0
35.0,330331.0,316444.0,321636.0,318867.0,324297.0,320098.0,682704.0,652681.0,630880.0,9500322.0,9272697.0,9698984.0,278723.0,279666.0,279251.0,270115.0,8318949.0,8018580.0,7704228.0,1579867.0,1559817.0,1872981.0,7054350.0,6565464.0,6757491.0,810771.0,901497.0,920118.0,1476283.0,1325919.0,1225786.0,7552991.0,6992720.0,7044304.0,499225.0,483006.0,570874.0,912007.0,861886.0,849104.0,8681388.0,8309836.0,8176616.0,402308.0,398106.0,403653.0,511977.0,497816.0,504074.0,4125972.0,3473799.0,3912139.0,308134.0,305931.0,308737.0,307925.0,303398.0,311403.0,1621552.0,1601510.0,1534776.0,271643.0,270044.0,268666.0,275258.0,267160.0,267388.0,272219.0,266458.0
35.5,330569.0,322875.0,321120.0,323517.0,325706.0,323079.0,688036.0,659525.0,637462.0,9664932.0,9447776.0,9838392.0,279565.0,282466.0,283858.0,270471.0,8420563.0,8128551.0,7780086.0,1567882.0,1562337.0,1873614.0,7203370.0,6660717.0,6882834.0,808534.0,906427.0,921121.0,1486534.0,1331083.0,1235090.0,7718906.0,7119223.0,7206746.0,508033.0,488045.0,592920.0,917585.0,862004.0,859525.0,8866971.0,8482086.0,8377280.0,395783.0,398845.0,405214.0,512698.0,496265.0,510316.0,4697749.0,3893636.0,4427568.0,306906.0,306651.0,308192.0,308381.0,301859.0,312707.0,1657116.0,1627765.0,1555403.0,273541.0,270591.0,270223.0,273774.0,265773.0,267082.0,267499.0,264835.0
36.0,330342.0,324448.0,318727.0,322412.0,322128.0,319691.0,701220.0,666010.0,643617.0,9776963.0,9602162.0,10036820.0,282144.0,282489.0,283382.0,270233.0,8530816.0,8240827.0,7836007.0,1572967.0,1565327.0,1874866.0,7331217.0,6803129.0,6993269.0,810726.0,907225.0,925233.0,1492593.0,1337727.0,1248065.0,7844757.0,7296355.0,7308718.0,504834.0,492664.0,607811.0,928721.0,880460.0,856453.0,8985991.0,8637556.0,8504137.0,404907.0,394896.0,405682.0,513259.0,501504.0,509919.0,5195318.0,4430863.0,4927368.0,307521.0,309801.0,306149.0,311062.0,308656.0,312704.0,1690420.0,1669395.0,1597932.0,273595.0,271782.0,273818.0,272914.0,267026.0,267780.0,271470.0,262378.0
36.5,329311.0,320445.0,320422.0,319368.0,325064.0,317337.0,717086.0,676527.0,653594.0,9916264.0,9787427.0,10188026.0,282432.0,288739.0,287937.0,272564.0,8620309.0,8306084.0,7972874.0,1580443.0,1552063.0,1850605.0,7468018.0,6915667.0,7142957.0,817374.0,905078.0,930910.0,1495044.0,1336790.0,1248554.0,8023562.0,7421030.0,7496072.0,497584.0,505494.0,619965.0,926165.0,883328.0,858358.0,9168585.0,8802472.0,8645989.0,410066.0,396940.0,404988.0,519234.0,504240.0,509944.0,5563215.0,4888393.0,5261024.0,310876.0,308064.0,304500.0,309742.0,308045.0,310037.0,1713574.0,1699537.0,1623033.0,274452.0,272568.0,269576.0,268932.0,268013.0,262350.0,269640.0,265465.0
37.0,332895.0,316263.0,321744.0,323266.0,324284.0,319229.0,715928.0,686056.0,659087.0,10058775.0,9944813.0,10353313.0,282916.0,280871.0,283133.0,272101.0,8713839.0,8393285.0,8047808.0,1573149.0,1560220.0,1860104.0,7581142.0,7016112.0,7236199.0,816956.0,908612.0,925781.0,1504425.0,1350417.0,1250916.0,8210071.0,7579162.0,7649749.0,498907.0,533704.0,623505.0,931720.0,875343.0,863229.0,9337301.0,8938372.0,8857016.0,410424.0,399984.0,403852.0,517317.0,502385.0,505954.0,5799455.0,5244516.0,5500706.0,306095.0,311530.0,309136.0,311558.0,305789.0,316545.0,1743536.0,1724670.0,1660139.0,273279.0,273453.0,271024.0,269916.0,267486.0,265520.0,269818.0,265578.0
37.5,332123.0,322224.0,320830.0,325250.0,323858.0,320622.0,736177.0,690708.0,663527.0,10192313.0,10121644.0,10533854.0,282379.0,284466.0,283173.0,275332.0,8834148.0,8473750.0,8123064.0,1573282.0,1552647.0,1861365.0,7752588.0,7149098.0,7381465.0,814853.0,903009.0,931509.0,1502955.0,1342508.0,1255128.0,8356599.0,7754803.0,7768683.0,507435.0,559329.0,626159.0,944880.0,891835.0,867063.0,9741188.0,9111700.0,9397759.0,412351.0,398976.0,405212.0,521148.0,504628.0,508739.0,6004336.0,5487353.0,5655841.0,310590.0,310295.0,304599.0,314362.0,307186.0,313810.0,1766233.0,1766942.0,1684842.0,275112.0,271470.0,274385.0,272260.0,268446.0,264885.0,270154.0,272388.0
38.0,333156.0,321901.0,321654.0,324176.0,322757.0,321128.0,732337.0,697746.0,669832.0,10351341.0,10254578.0,10657133.0,286059.0,285003.0,285358.0,275075.0,8907636.0,8557775.0,8194976.0,1575920.0,1546343.0,1855806.0,7880850.0,7284743.0,7477718.0,815711.0,915077.0,933256.0,1504307.0,1358698.0,1256741.0,8515612.0,7883458.0,7910409.0,501133.0,584526.0,626363.0,938104.0,892915.0,865759.0,10532218.0,9640229.0,10309005.0,414102.0,397251.0,406833.0,520020.0,503503.0,509453.0,6118829.0,5672133.0,5766407.0,311072.0,306693.0,308732.0,314649.0,309472.0,316564.0,1787823.0,1792348.0,1707415.0,270559.0,272381.0,277391.0,269993.0,269899.0,265393.0,272499.0,271154.0
38.5,337518.0,320088.0,323254.0,323757.0,325064.0,319578.0,748301.0,706114.0,678955.0,10501836.0,10405576.0,10847866.0,287700.0,286484.0,281969.0,276047.0,8990667.0,8666508.0,8310346.0,1583736.0,1555876.0,1856931.0,7973584.0,7384316.0,7621066.0,819519.0,905120.0,933004.0,1501752.0,1352100.0,1265161.0,8663041.0,8045017.0,8085280.0,513348.0,599011.0,626195.0,940224.0,886030.0,862172.0,11679585.0,10577503.0,11471497.0,414777.0,403915.0,411819.0,517250.0,507074.0,511756.0,6272656.0,5792583.0,5880633.0,310930.0,311139.0,311032.0,314385.0,307995.0,318011.0,1807473.0,1811109.0,1732622.0,275535.0,270702.0,277360.0,276345.0,272282.0,264453.0,272752.0,268195.0
39.0,331246.0,319119.0,323160.0,319813.0,327145.0,319227.0,755106.0,706731.0,691363.0,10676946.0,10572041.0,10955193.0,286837.0,285453.0,286265.0,271327.0,9123842.0,8707066.0,8384715.0,1572482.0,1551139.0,1857786.0,8126905.0,7523696.0,7687504.0,820648.0,908956.0,937584.0,1504093.0,1345465.0,1256952.0,8821212.0,8145215.0,8201556.0,529864.0,612013.0,629045.0,937923.0,889332.0,867105.0,12815547.0,11751235.0,12445014.0,409586.0,399717.0,408116.0,523975.0,505072.0,514251.0,6338329.0,5875174.0,5963292.0,311900.0,303746.0,304653.0,313929.0,312111.0,313913.0,1827425.0,1836285.0,1753204.0,274932.0,277368.0,272808.0,274682.0,266916.0,264054.0,271857.0,263672.0
39.5,332187.0,325280.0,323888.0,324669.0,322736.0,326144.0,764739.0,727085.0,691998.0,10802661.0,10691770.0,11118064.0,286234.0,284787.0,286315.0,273895.0,9195550.0,8798927.0,8422046.0,1573546.0,1544749.0,1853640.0,8267674.0,7611461.0,7809769.0,820928.0,914762.0,943954.0,1521078.0,1346235.0,1261614.0,8990830.0,8339267.0,8335443.0,548013.0,611280.0,619741.0,942264.0,888997.0,874242.0,13711477.0,12790247.0,13171587.0,414569.0,401693.0,410686.0,523947.0,507056.0,512076.0,6433424.0,5974820.0,6024626.0,312934.0,308246.0,305674.0,311879.0,306795.0,313075.0,1846437.0,1849229.0,1776340.0,277293.0,272109.0,272663.0,276086.0,271701.0,266506.0,269952.0,267118.0
40.0,336155.0,326132.0,318412.0,324081.0,321712.0,324029.0,785525.0,731151.0,705864.0,10892101.0,10828300.0,11262723.0,285564.0,285129.0,286987.0,270705.0,9286458.0,8896030.0,8516640.0,1573561.0,1541929.0,1849826.0,8341036.0,7746879.0,7924504.0,823304.0,904145.0,952471.0,1522539.0,1347993.0,1274805.0,9212047.0,8435542.0,8539813.0,575931.0,615371.0,625808.0,941961.0,890468.0,872292.0,14249151.0,13541677.0,13619265.0,414823.0,395582.0,405476.0,523673.0,508409.0,513975.0,6568507.0,6051627.0,6135166.0,311568.0,307449.0,308943.0,311944.0,312621.0,312833.0,1865958.0,1877278.0,1792915.0,275007.0,275785.0,273921.0,274905.0,266295.0,269232.0,271852.0,265082.0
40.5,338491.0,318645.0,324676.0,322423.0,325580.0,320418.0,841173.0,748831.0,715291.0,11125402.0,10997796.0,11410290.0,286798.0,284653.0,290640.0,276498.0,9363714.0,8930833.0,8615991.0,1571502.0,1544257.0,1854941.0,8471986.0,7845913.0,8044743.0,830611.0,901831.0,972512.0,1514492.0,1351355.0,1268772.0,9601761.0,8594649.0,8965329.0,598225.0,611019.0,619452.0,947587.0,889534.0,874036.0,14559209.0,14019400.0,13941727.0,415270.0,399532.0,408768.0,526757.0,509233.0,519276.0,6625090.0,6154206.0,6224158.0,313993.0,306075.0,303449.0,313375.0,307336.0,315577.0,1886246.0,1880431.0,1813641.0,275476.0,278811.0,276710.0,274309.0,273555.0,266803.0,271972.0,264432.0
41.0,338845.0,323326.0,324933.0,324827.0,327128.0,320392.0,901592.0,769979.0,722908.0,11265521.0,11188685.0,11566272.0,288384.0,285905.0,284506.0,272857.0,9486230.0,8995289.0,8680841.0,1580319.0,1555929.0,1861798.0,8579013.0,7928137.0,8146380.0,823044.0,916730.0,1028304.0,1517300.0,1337562.0,1266406.0,10595627.0,8895145.0,9996943.0,607003.0,606041.0,624064.0,946077.0,894859.0,872025.0,14862690.0,14357746.0,14216274.0,415603.0,403461.0,409148.0,525296.0,507550.0,518784.0,6742485.0,6227872.0,6323235.0,310652.0,313549.0,306695.0,311308.0,305824.0,317865.0,1897697.0,1902330.0,1837188.0,276946.0,274896.0,274016.0,276644.0,271804.0,266314.0,271811.0,267784.0
41.5,332362.0,324131.0,320069.0,321011.0,325551.0,320176.0,964680.0,826684.0,738121.0,11407000.0,11321803.0,11736461.0,286704.0,287765.0,287791.0,272799.0,9794741.0,9102924.0,8762042.0,1588750.0,1545670.0,1855511.0,8726090.0,8062533.0,8316212.0,827548.0,938088.0,1108092.0,1513093.0,1344215.0,1269141.0,11908805.0,9717020.0,11163140.0,608178.0,605846.0,628294.0,952333.0,899559.0,875644.0,15093766.0,14592094.0,14333952.0,416854.0,398879.0,408620.0,524996.0,510295.0,515805.0,6833279.0,6285165.0,6351020.0,311776.0,311559.0,307839.0,312693.0,307439.0,317075.0,1926398.0,1913717.0,1843125.0,274779.0,272579.0,275337.0,278403.0,275460.0,264847.0,271877.0,263654.0
42.0,336163.0,322076.0,319004.0,323095.0,322656.0,322900.0,1011467.0,892655.0,757438.0,11560452.0,11417847.0,11830995.0,289850.0,285335.0,284593.0,275147.0,10282770.0,9275527.0,9002832.0,1585248.0,1537763.0,1856107.0,8975182.0,8130566.0,8759691.0,834987.0,999116.0,1213501.0,1529737.0,1333957.0,1258905.0,12877936.0,10971557.0,12065224.0,612734.0,611146.0,627223.0,950643.0,890613.0,872657.0,15321674.0,14787477.0,14488288.0,420739.0,398802.0,408207.0,520297.0,505056.0,511663.0,6906714.0,6351794.0,6421609.0,312083.0,310427.0,304294.0,313688.0,311362.0,318013.0,1971456.0,1915143.0,1863093.0,273459.0,274336.0,272641.0,274129.0,269434.0,268378.0,276785.0,266308.0
42.5,341284.0,322613.0,324695.0,324118.0,325508.0,325529.0,1048961.0,935848.0,803575.0,11684724.0,11517802.0,11975117.0,290889.0,287027.0,284856.0,273733.0,10918663.0,9692933.0,9476706.0,1570747.0,1549702.0,1855910.0,9717804.0,8379404.0,9634916.0,868319.0,1073246.0,1318649.0,1515939.0,1348293.0,1263583.0,13568155.0,12077869.0,12765807.0,606889.0,605362.0,626969.0,954322.0,898611.0,878404.0,15489070.0,14926448.0,14633356.0,414954.0,405326.0,407672.0,529295.0,504445.0,513444.0,7012661.0,6460995.0,6503720.0,312258.0,312500.0,308188.0,311774.0,308985.0,319475.0,1977043.0,1935893.0,1875280.0,272437.0,274320.0,275475.0,277862.0,273089.0,266369.0,285008.0,273007.0
43.0,331954.0,318370.0,326096.0,321182.0,332596.0,323719.0,1078426.0,984043.0,861603.0,11868010.0,11663688.0,12091782.0,290176.0,285978.0,285119.0,275041.0,11493156.0,10272210.0,10095405.0,1583750.0,1546653.0,1865802.0,10795428.0,9026203.0,10623474.0,924752.0,1178278.0,1385846.0,1508107.0,1344649.0,1262522.0,13940603.0,12838297.0,13185260.0,610541.0,607237.0,625224.0,946711.0,904065.0,878170.0,15684112.0,15072087.0,14873232.0,418995.0,404846.0,408088.0,527406.0,506259.0,514498.0,7095526.0,6512585.0,6572022.0,313830.0,306962.0,309867.0,314199.0,310030.0,318011.0,1997199.0,1962796.0,1883736.0,275623.0,275328.0,276005.0,278306.0,272491.0,265349.0,279972.0,265818.0
43.5,336192.0,326890.0,321524.0,330151.0,322385.0,325332.0,1094725.0,1013578.0,908923.0,11987712.0,11808266.0,12256338.0,288615.0,286077.0,287972.0,274746.0,11932776.0,10906160.0,10629292.0,1584367.0,1548194.0,1859990.0,11783572.0,10061334.0,11310879.0,1005438.0,1281356.0,1439923.0,1519674.0,1336764.0,1267208.0,14304372.0,13281842.0,13422114.0,609327.0,606895.0,624355.0,950905.0,901086.0,875432.0,15898788.0,15317861.0,14990775.0,420442.0,401017.0,409394.0,526209.0,505592.0,520953.0,7185052.0,6598447.0,6636438.0,310931.0,310563.0,309498.0,312836.0,310037.0,317854.0,2029883.0,1976358.0,1897721.0,273297.0,278141.0,277459.0,274169.0,271468.0,272456.0,276943.0,265882.0
44.0,336906.0,324387.0,324301.0,329765.0,327573.0,327519.0,1119844.0,1031405.0,946358.0,12142204.0,11893325.0,12290258.0,291645.0,289329.0,287058.0,276794.0,12122838.0,11277482.0,11060338.0,1588131.0,1547131.0,1864332.0,12379761.0,11114325.0,11679147.0,1099646.0,1336012.0,1464270.0,1518651.0,1337210.0,1263578.0,14447190.0,13642360.0,13600295.0,609379.0,603629.0,627383.0,949434.0,896872.0,877879.0,16050297.0,15420432.0,15109982.0,421271.0,407879.0,412033.0,524779.0,505571.0,517642.0,7272583.0,6632396.0,6755783.0,314407.0,310938.0,309268.0,315221.0,312663.0,317574.0,2049963.0,1993297.0,1914495.0,275370.0,278821.0,275891.0,274212.0,274103.0,273223.0,273833.0,268337.0
44.5,341751.0,320333.0,324866.0,320728.0,329738.0,320406.0,1135505.0,1039370.0,979681.0,12277908.0,12049836.0,12389300.0,285791.0,290964.0,285613.0,278467.0,12139445.0,11489506.0,11288595.0,1582974.0,1553318.0,1871683.0,12715546.0,11719419.0,11948907.0,1182919.0,1362897.0,1467305.0,1514566.0,1330983.0,1260923.0,14584217.0,13803913.0,13778813.0,606328.0,602399.0,623696.0,950848.0,897127.0,877293.0,16271926.0,15624672.0,15255414.0,418532.0,403890.0,411658.0,521908.0,510524.0,516956.0,7359997.0,6707706.0,6807159.0,314873.0,311745.0,308267.0,313634.0,309618.0,319639.0,2082098.0,2002002.0,1927324.0,272479.0,275568.0,274199.0,277021.0,270519.0,273401.0,269076.0,281673.0
45.0,340091.0,321386.0,324702.0,325417.0,330542.0,324710.0,1146210.0,1069130.0,1006701.0,12409227.0,12147133.0,12522024.0,292654.0,290873.0,285682.0,276445.0,12205181.0,11615202.0,11399258.0,1585526.0,1553091.0,1867012.0,12892295.0,12073709.0,12181974.0,1227161.0,1406504.0,1482244.0,1505532.0,1326252.0,1260604.0,14737911.0,13976545.0,13905245.0,603530.0,602775.0,626198.0,955660.0,899959.0,876262.0,16397471.0,15693288.0,15392860.0,421131.0,402745.0,414132.0,522870.0,508338.0,512630.0,7417275.0,6783309.0,6827863.0,314787.0,313481.0,310441.0,314373.0,311955.0,315052.0,2108012.0,2033373.0,1937214.0,274867.0,279262.0,278578.0,274013.0,271686.0,272529.0,272321.0,282630.0
45.5,339544.0,328815.0,325108.0,328676.0,323993.0,323268.0,1156631.0,1076509.0,1024783.0,12544482.0,12172033.0,12618459.0,291604.0,292561.0,285210.0,276606.0,12176749.0,11615665.0,11383489.0,1594849.0,1551566.0,1879657.0,13080955.0,12192902.0,12295771.0,1255966.0,1422151.0,1500069.0,1494579.0,1325906.0,1262239.0,14925183.0,14059624.0,14005030.0,602118.0,602860.0,623677.0,960209.0,902756.0,887004.0,16567099.0,15793873.0,15501107.0,424032.0,406129.0,407714.0,521133.0,506565.0,511903.0,7500524.0,6821079.0,6952147.0,316042.0,308667.0,308411.0,312300.0,309290.0,318885.0,2105717.0,2024096.0,1960309.0,276515.0,277228.0,280150.0,278265.0,272404.0,273172.0,272776.0,279728.0
46.0,339298.0,325783.0,318875.0,327581.0,326849.0,327742.0,1178505.0,1091267.0,1042192.0,12652802.0,12314974.0,12685014.0,291695.0,289611.0,286657.0,276537.0,12189959.0,11656900.0,11430088.0,1591313.0,1550570.0,1881778.0,13110650.0,12415598.0,12381447.0,1273233.0,1422649.0,1484223.0,1492756.0,1311960.0,1252576.0,15051414.0,14267716.0,14158243.0,598825.0,597487.0,618788.0,960363.0,892438.0,875695.0,16710008.0,15951605.0,15628778.0,419800.0,396966.0,409223.0,527214.0,509839.0,516173.0,7610378.0,6901284.0,6977071.0,314262.0,310099.0,307715.0,314803.0,311242.0,321826.0,2139676.0,2054651.0,1962302.0,274112.0,279935.0,276372.0,275376.0,272341.0,273939.0,273669.0,280361.0
46.5,343762.0,322756.0,327424.0,323327.0,326032.0,322617.0,1185385.0,1108715.0,1057652.0,12808807.0,12443838.0,12804185.0,292314.0,291367.0,286418.0,281426.0,12100743.0,11619743.0,11457605.0,1587420.0,1551503.0,1878546.0,13238164.0,12501159.0,12476484.0,1278420.0,1414320.0,1490073.0,1495915.0,1312563.0,1255198.0,15175641.0,14327911.0,14251855.0,604005.0,600289.0,626572.0,963679.0,899856.0,879476.0,16843796.0,16079619.0,15716333.0,420286.0,405147.0,410717.0,521846.0,499323.0,514982.0,7704589.0,6952763.0,7024903.0,312122.0,308170.0,305089.0,314172.0,312123.0,321306.0,2120597.0,2063584.0,1981175.0,275032.0,277506.0,277625.0,277267.0,274054.0,272856.0,268086.0,277422.0
47.0,343392.0,327619.0,327774.0,327894.0,324420.0,326790.0,1202527.0,1112084.0,1071901.0,12908832.0,12515908.0,12867634.0,294200.0,287415.0,285810.0,277385.0,12065841.0,11570070.0,11398307.0,1585833.0,1549949.0,1879930.0,13351987.0,12602667.0,12538747.0,1290530.0,1414955.0,1486144.0,1488530.0,1312472.0,1255472.0,15329860.0,14419984.0,14363385.0,602139.0,598862.0,617072.0,963849.0,889899.0,869696.0,17043055.0,16214229.0,15863651.0,420202.0,404559.0,410715.0,525360.0,503143.0,513549.0,7778834.0,7010846.0,7062055.0,310967.0,311074.0,306811.0,315099.0,310255.0,320392.0,2084377.0,2056958.0,1988570.0,274532.0,275783.0,278737.0,277991.0,272549.0,270163.0,272944.0,281450.0
47.5,340612.0,329805.0,322615.0,328919.0,324890.0,327854.0,1216667.0,1119417.0,1082450.0,13077850.0,12620202.0,12976569.0,293192.0,290458.0,288398.0,278518.0,12028479.0,11540989.0,11345251.0,1588509.0,1551326.0,1883128.0,13465741.0,12670360.0,12544052.0,1279240.0,1418989.0,1482340.0,1489539.0,1307288.0,1245009.0,15456726.0,14545197.0,14413971.0,598643.0,592484.0,616267.0,959234.0,888924.0,867869.0,17147640.0,16356268.0,15972877.0,423618.0,401526.0,412785.0,518792.0,505656.0,512398.0,7843963.0,7042437.0,7140031.0,318026.0,313534.0,307236.0,313559.0,312672.0,317893.0,2086125.0,2084701.0,2009222.0,274884.0,277616.0,275219.0,278526.0,278994.0,269452.0,269743.0,280741.0
48.0,342709.0,323215.0,326085.0,326315.0,329329.0,326923.0,1231932.0,1134218.0,1098555.0,13180136.0,12691106.0,13081634.0,291197.0,286402.0,288766.0,275986.0,11978095.0,11498702.0,11310785.0,1589916.0,1559869.0,1881585.0,13526599.0,12747869.0,12734161.0,1278376.0,1416772.0,1475880.0,1486444.0,1305029.0,1248561.0,15585256.0,14625583.0,14566470.0,597818.0,597501.0,618389.0,954379.0,884699.0,878918.0,17322626.0,16505052.0,16084711.0,418978.0,401724.0,412702.0,533942.0,504469.0,518297.0,7925470.0,7127616.0,7193826.0,315101.0,310873.0,307089.0,312617.0,312181.0,325845.0,2091973.0,2101634.0,2007011.0,275840.0,278379.0,278364.0,277031.0,279794.0,271912.0,268074.0,281314.0
