,A1,A2,A3,A4,A5,A6,A7,A8,A9,A10,A11,A12,B1,B2,B3,B4,B5,B6,B7,B8,B9,B10,B11,B12,C1,C2,C3,C4,C5,C6,C7,C8,C9,C10,C11,C12
0.0,601341.0,600191.0,596758.0,592792.0,602768.0,591559.0,471676.0,474729.0,476300.0,472200.0,477168.0,470183.0,415873.0,412948.0,415806.0,418560.0,416279.0,418778.0,583829.0,585925.0,562016.0,587888.0,574785.0,560728.0,616080.0,614547.0,616261.0,607532.0,621346.0,616690.0,480059.0,471437.0,472536.0,465541.0,470208.0,462771.0
0.5,667521,670236,668550,673274,675484,668895,533005,532623,533788,519687,517274,506466,459430,468530,449373,447770,449200,459000,638047,633981,635021,634959,642635,620812,735590,702666,712983,727239,723315,726826,517292,528788,525054,527483,517145,513944
1.0,716518,701818,704311,699869,696493,680955,549731,556166,562314,544209,541469,546680,473247,473848,472217,466037,457573,468690,659539,673416,678317,656744,651295,642124,784031,776182,755842,749677,747818,755189,508148,516788,505974,525001,527733,522689
1.5,720481.0,712098.0,713485.0,700934.0,703183.0,694000.0,554150.0,553703.0,559631.0,544843.0,556975.0,558520.0,490098.0,485236.0,471802.0,469070.0,467714.0,471733.0,648637.0,652122.0,658492.0,660085.0,647012.0,636251.0,807520.0,770011.0,789302.0,759280.0,751779.0,764725.0,506353.0,521624.0,517638.0,522445.0,530751.0,519997.0
2.0,786049.0,761153.0,767354.0,730093.0,744234.0,736561.0,592866.0,586781.0,591448.0,590303.0,595073.0,589490.0,526378.0,509355.0,507643.0,491885.0,494721.0,494171.0,682102.0,686224.0,698680.0,712346.0,697991.0,665674.0,878261.0,824086.0,826926.0,823918.0,807271.0,817114.0,543298.0,544001.0,544213.0,553620.0,547615.0,550662.0
2.5,863542.0,823826.0,838425.0,792203.0,814842.0,801999.0,627853.0,625874.0,632094.0,631617.0,633579.0,628302.0,555870.0,556494.0,543392.0,525356.0,529416.0,529987.0,743637.0,751450.0,769869.0,772385.0,759619.0,715160.0,936923.0,874402.0,885776.0,867886.0,841002.0,854593.0,564586.0,584188.0,570176.0,574574.0,579026.0,587789.0
3.0,968145.0,885876.0,935544.0,901777.0,909426.0,883199.0,691244.0,677287.0,693150.0,689721.0,685392.0,686675.0,602172.0,589155.0,571871.0,562727.0,575962.0,573096.0,821087.0,823185.0,833575.0,844390.0,856392.0,789557.0,1042866.0,947653.0,953980.0,948479.0,901001.0,928294.0,604432.0,624785.0,608454.0,623582.0,629127.0,639412.0
3.5,1050232.0,967228.0,1006274.0,970527.0,970224.0,964185.0,737079.0,731457.0,744980.0,735021.0,737509.0,733891.0,648125.0,620242.0,602116.0,591115.0,599080.0,601832.0,867974.0,876028.0,882041.0,890070.0,931665.0,851110.0,1133188.0,1012386.0,996251.0,999919.0,975485.0,1003312.0,650691.0,657019.0,647500.0,651599.0,659398.0,686990.0
4.0,1172404.0,1109889.0,1125224.0,1066484.0,1081328.0,1057106.0,813637.0,801990.0,818368.0,807601.0,801906.0,809151.0,697738.0,668749.0,651167.0,639366.0,642014.0,643815.0,942134.0,959499.0,956229.0,976290.0,1012441.0,936883.0,1248152.0,1098466.0,1100374.0,1084202.0,1069952.0,1088628.0,709909.0,702130.0,696518.0,709194.0,715182.0,753911.0
4.5,1264004.0,1211460.0,1206294.0,1157620.0,1169453.0,1129654.0,854155.0,848139.0,865436.0,863794.0,861353.0,857723.0,741302.0,700753.0,685580.0,679382.0,679974.0,679124.0,1000829.0,1020250.0,1016029.0,1032827.0,1056516.0,994783.0,1346389.0,1165002.0,1195260.0,1145467.0,1138922.0,1150355.0,747842.0,739737.0,738130.0,744716.0,741421.0,799479.0
5.0,1372239.0,1334064.0,1320163.0,1274332.0,1272794.0,1219339.0,919703.0,919892.0,936859.0,920465.0,927269.0,936636.0,806390.0,754679.0,741965.0,721437.0,723287.0,738083.0,1089935.0,1101832.0,1091979.0,1119969.0,1138039.0,1051375.0,1462176.0,1280097.0,1297212.0,1250247.0,1247476.0,1241511.0,807286.0,790748.0,797033.0,808090.0,803106.0,860028.0
5.5,1453188.0,1415858.0,1400102.0,1356615.0,1370861.0,1290002.0,972989.0,972987.0,980794.0,976911.0,979023.0,982934.0,841018.0,794328.0,768915.0,760258.0,749619.0,762591.0,1166438.0,1184205.0,1148600.0,1186585.0,1204095.0,1080304.0,1549056.0,1374259.0,1358177.0,1336068.0,1332767.0,1334442.0,848480.0,837094.0,845447.0,841308.0,845596.0,898776.0
6.0,1564011.0,1523136.0,1518398.0,1462744.0,1471207.0,1393159.0,1049738.0,1052655.0,1055735.0,1045418.0,1059223.0,1055277.0,900587.0,848414.0,830779.0,816497.0,809396.0,823443.0,1268588.0,1281194.0,1257541.0,1281660.0,1303593.0,1184628.0,1676217.0,1492857.0,1474182.0,1460142.0,1436445.0,1445397.0,916158.0,900977.0,899747.0,908654.0,913873.0,978993.0
6.5,1651279.0,1603544.0,1581361.0,1540409.0,1545663.0,1469822.0,1113345.0,1109261.0,1121203.0,1103034.0,1110949.0,1100700.0,950588.0,897528.0,870535.0,858506.0,851439.0,875799.0,1357430.0,1371071.0,1341639.0,1357789.0,1395072.0,1234031.0,1753116.0,1609181.0,1581187.0,1568238.0,1541494.0,1555265.0,983142.0,963490.0,971230.0,969290.0,971309.0,1032383.0
7.0,1807180.0,1731955.0,1724325.0,1669482.0,1680421.0,1600645.0,1197854.0,1201996.0,1213542.0,1201669.0,1201139.0,1189716.0,1010947.0,961389.0,937885.0,919798.0,919052.0,937073.0,1472939.0,1468701.0,1499068.0,1494953.0,1522459.0,1315662.0,1908219.0,1776675.0,1715655.0,1709111.0,1680826.0,1686438.0,1061398.0,1055040.0,1052967.0,1053095.0,1068104.0,1112232.0
7.5,1981559.0,1898580.0,1884797.0,1824580.0,1845646.0,1759954.0,1277356.0,1280903.0,1283795.0,1289134.0,1270854.0,1260532.0,1088643.0,1029081.0,1003651.0,989698.0,979655.0,994978.0,1626975.0,1609942.0,1623156.0,1627012.0,1676576.0,1442685.0,2043069.0,1899125.0,1815074.0,1820425.0,1795628.0,1829836.0,1140811.0,1162440.0,1157537.0,1127958.0,1141782.0,1192934.0
8.0,2210588.0,2139203.0,2105470.0,2066764.0,2076234.0,1992867.0,1406586.0,1417697.0,1407064.0,1415269.0,1407829.0,1379731.0,1177522.0,1109088.0,1100606.0,1073214.0,1069068.0,1084704.0,1814701.0,1808972.0,1815498.0,1807779.0,1878110.0,1649122.0,2269355.0,2105843.0,2015306.0,2001241.0,1993292.0,2035319.0,1257431.0,1269367.0,1266364.0,1242137.0,1257186.0,1302312.0
8.5,2435792.0,2291946.0,2267190.0,2259508.0,2280036.0,2145551.0,1549713.0,1553476.0,1550156.0,1524066.0,1518412.0,1506110.0,1274028.0,1200716.0,1193873.0,1155406.0,1152946.0,1173226.0,2022415.0,1997037.0,1999986.0,1987845.0,2069222.0,1807452.0,2486481.0,2335122.0,2238324.0,2226439.0,2213311.0,2263530.0,1385312.0,1392972.0,1374857.0,1358360.0,1384580.0,1395489.0
9.0,2784698.0,2634827.0,2630558.0,2566182.0,2628343.0,2497563.0,1746261.0,1742714.0,1747059.0,1692680.0,1686318.0,1689947.0,1414352.0,1355978.0,1332620.0,1304097.0,1305130.0,1308083.0,2338055.0,2334247.0,2331881.0,2299064.0,2327779.0,2049333.0,2864546.0,2760226.0,2633766.0,2609790.0,2620242.0,2665839.0,1617511.0,1580959.0,1587251.0,1565790.0,1587527.0,1554182.0
9.5,3011012.0,2880436.0,2892350.0,2847052.0,2878012.0,2806188.0,1944812.0,1934267.0,1927732.0,1904846.0,1905286.0,1900082.0,1575890.0,1464683.0,1447969.0,1410919.0,1427652.0,1427041.0,2526708.0,2584619.0,2524918.0,2526179.0,2581927.0,2256819.0,3224658.0,3090520.0,2992904.0,2953076.0,2943029.0,2959517.0,1778023.0,1754446.0,1745458.0,1709189.0,1740145.0,1694884.0
10.0,3326144.0,3131398.0,3099216.0,3088249.0,3167241.0,3071346.0,2114390.0,2118569.0,2096559.0,2105889.0,2106606.0,2143869.0,1730687.0,1651563.0,1643592.0,1589418.0,1591036.0,1584212.0,2815677.0,2810566.0,2824418.0,2836230.0,2921996.0,2569423.0,3580808.0,3433815.0,3334069.0,3316503.0,3331202.0,3359462.0,1954311.0,1930783.0,1907241.0,1879467.0,1927563.0,1911519.0
10.5,3635841.0,3358808.0,3241706.0,3253524.0,3335980.0,3176977.0,2213483.0,2216834.0,2188032.0,2177176.0,2202339.0,2175123.0,1803539.0,1772884.0,1732033.0,1705087.0,1672755.0,1702368.0,2980502.0,2962347.0,2955721.0,3030694.0,3089392.0,2654462.0,3763006.0,3701485.0,3548880.0,3525974.0,3526000.0,3537633.0,2058376.0,2047170.0,2045561.0,2023232.0,2054701.0,2037035.0
11.0,3975421.0,3550232.0,3386991.0,3402981.0,3468463.0,3230615.0,2306756.0,2310490.0,2297241.0,2247711.0,2253337.0,2285062.0,1921615.0,1882813.0,1836897.0,1788645.0,1765258.0,1775323.0,3149417.0,3101124.0,3104053.0,3181279.0,3281759.0,2622450.0,4056895.0,3845390.0,3707796.0,3721348.0,3687328.0,3663112.0,2105316.0,2164841.0,2150119.0,2114232.0,2199576.0,2144052.0
11.5,4213522.0,3648603.0,3550089.0,3551480.0,3669814.0,3303323.0,2446679.0,2436903.0,2446923.0,2324512.0,2328893.0,2497529.0,2045216.0,1964837.0,1884133.0,1845413.0,1803816.0,1829315.0,3212666.0,3186703.0,3156206.0,3285759.0,3267702.0,2711596.0,4405370.0,3979038.0,3844307.0,3838870.0,3804061.0,3747071.0,2125377.0,2198093.0,2220782.0,2150576.0,2284668.0,2146229.0
12.0,4520192.0,3909656.0,3816631.0,3899619.0,4069108.0,3523658.0,2670504.0,2640655.0,2631610.0,2464159.0,2476688.0,2740353.0,2200195.0,2046048.0,1931310.0,1889706.0,1850070.0,1864405.0,3352093.0,3253781.0,3258810.0,3356102.0,3296150.0,2942064.0,4791582.0,4040303.0,3980705.0,3926102.0,3939851.0,3851274.0,2167988.0,2281881.0,2286253.0,2190034.0,2424531.0,2253841.0
12.5,4733881.0,4218150.0,4114182.0,4248409.0,4374642.0,3905805.0,2814390.0,2794601.0,2771148.0,2624049.0,2681543.0,2939105.0,2311315.0,2051976.0,1977785.0,1913939.0,1883807.0,1920270.0,3382970.0,3289435.0,3255740.0,3278798.0,3317754.0,3254352.0,4980563.0,4097679.0,3987348.0,3886227.0,3955226.0,3827012.0,2200371.0,2329812.0,2228174.0,2184566.0,2410637.0,2372249.0
13.0,4962918.0,4629444.0,4496754.0,4570265.0,4685364.0,4336792.0,2964310.0,2928807.0,2907251.0,2838550.0,2903076.0,3180560.0,2434044.0,2101086.0,2035800.0,1986686.0,1958646.0,1977144.0,3494533.0,3423479.0,3350715.0,3335282.0,3470185.0,3614763.0,5231643.0,4192241.0,4081220.0,4032903.0,3979320.0,3933178.0,2303452.0,2383811.0,2279444.0,2267140.0,2460957.0,2597425.0
13.5,5117526.0,4943719.0,4712875.0,4778341.0,4824309.0,4598675.0,3062983.0,3016556.0,2982617.0,2983464.0,3024895.0,3319426.0,2504397.0,2111211.0,2068348.0,2039713.0,2025142.0,2032045.0,3445439.0,3488160.0,3369756.0,3357461.0,3626835.0,3889447.0,5329899.0,4226960.0,4153980.0,4114795.0,4022777.0,4078213.0,2347977.0,2368418.0,2298151.0,2312722.0,2465661.0,2725071.0
14.0,5301676.0,5303763.0,5015045.0,5027912.0,5075992.0,4916308.0,3209822.0,3154681.0,3101645.0,3128997.0,3201982.0,3530203.0,2602769.0,2199949.0,2176894.0,2158824.0,2167345.0,2160682.0,3531426.0,3631563.0,3572790.0,3500140.0,3869864.0,4198658.0,5511832.0,4403408.0,4406317.0,4379644.0,4262835.0,4395509.0,2514396.0,2416567.0,2394468.0,2432074.0,2532891.0,2862674.0
14.5,5404908.0,5487232.0,5179928.0,5187759.0,5196659.0,5091902.0,3268762.0,3227953.0,3161335.0,3217123.0,3309536.0,3625877.0,2641462.0,2295053.0,2294977.0,2280073.0,2288440.0,2298274.0,3641734.0,3799985.0,3778173.0,3626798.0,4170532.0,4396273.0,5628228.0,4580452.0,4726248.0,4708448.0,4540825.0,4690564.0,2659638.0,2498940.0,2444857.0,2542759.0,2573297.0,2934497.0
15.0,5540965.0,5696773.0,5394269.0,5336589.0,5346388.0,5305492.0,3366421.0,3308195.0,3244419.0,3331744.0,3408847.0,3760415.0,2720260.0,2477893.0,2436637.0,2397192.0,2387288.0,2410753.0,3941532.0,4080467.0,4003462.0,3857349.0,4516876.0,4522072.0,5758700.0,4948308.0,5146224.0,5110463.0,4947400.0,4966358.0,2771112.0,2672447.0,2579164.0,2690151.0,2679006.0,3013783.0
15.5,5596937.0,5730141.0,5446204.0,5368990.0,5363360.0,5370520.0,3391080.0,3351197.0,3258713.0,3359848.0,3437499.0,3818569.0,2731582.0,2595587.0,2535828.0,2435661.0,2432495.0,2437235.0,4112982.0,4207345.0,4088126.0,4042607.0,4661588.0,4556343.0,5771837.0,5205908.0,5322825.0,5232717.0,5124145.0,5027667.0,2781066.0,2810330.0,2662642.0,2775492.0,2799236.0,3014833.0
16.0,5767544.0,5937463.0,5641644.0,5532930.0,5497585.0,5590584.0,3488782.0,3436793.0,3348478.0,3466489.0,3561617.0,3935731.0,2811448.0,2713185.0,2625940.0,2500695.0,2500915.0,2502659.0,4313068.0,4351570.0,4225381.0,4343960.0,4855486.0,4736659.0,5937271.0,5428944.0,5522322.0,5396165.0,5306226.0,5157281.0,2848917.0,2919508.0,2793519.0,2871738.0,3045007.0,3111816.0
16.5,5794111.0,5990238.0,5683836.0,5598440.0,5530119.0,5667314.0,3510293.0,3452182.0,3364129.0,3487484.0,3615159.0,4030760.0,2833784.0,2757737.0,2647860.0,2518566.0,2503419.0,2508437.0,4365274.0,4375556.0,4223965.0,4435514.0,4904160.0,4772145.0,5977484.0,5473904.0,5520593.0,5437127.0,5340417.0,5177040.0,2839884.0,2938317.0,2836606.0,2898659.0,3175998.0,3125764.0
17.0,6012704.0,6147702.0,5853731.0,5728123.0,5705385.0,5887766.0,3613873.0,3551752.0,3443829.0,3617803.0,3730932.0,4172125.0,2912209.0,2855088.0,2715849.0,2580027.0,2559395.0,2564213.0,4457044.0,4490033.0,4344649.0,4599591.0,5056836.0,4945058.0,6152523.0,5612810.0,5661349.0,5545813.0,5470515.0,5257066.0,2913074.0,3032210.0,2929364.0,2984641.0,3338297.0,3224306.0
17.5,6129007.0,6275923.0,5954760.0,5818230.0,5785081.0,5970717.0,3675164.0,3602374.0,3498359.0,3655855.0,3809700.0,4267091.0,2933586.0,2869693.0,2735765.0,2595160.0,2579219.0,2574940.0,4471900.0,4515894.0,4359153.0,4657234.0,5119426.0,4992280.0,6193934.0,5667063.0,5700800.0,5566021.0,5507338.0,5283112.0,2908563.0,3059829.0,2931450.0,3000106.0,3375675.0,3251780.0
18.0,6286274.0,6402691.0,6066926.0,5976799.0,5917521.0,6167972.0,3763479.0,3684700.0,3569307.0,3761958.0,3923543.0,4407226.0,3002767.0,2923263.0,2786331.0,2650156.0,2640110.0,2601985.0,4555420.0,4606716.0,4427240.0,4751408.0,5209362.0,5097566.0,6341193.0,5738653.0,5799518.0,5650829.0,5560744.0,5369032.0,2961918.0,3098297.0,2973690.0,3051122.0,3464540.0,3309179.0
18.5,6337124.0,6462753.0,6110332.0,6012973.0,5915070.0,6233591.0,3761638.0,3707819.0,3589475.0,3771895.0,3938114.0,4441174.0,3020039.0,2945319.0,2792129.0,2653055.0,2624029.0,2597564.0,4511570.0,4552649.0,4402022.0,4713887.0,5226431.0,5162016.0,6322966.0,5737055.0,5764095.0,5629549.0,5518613.0,5314179.0,2956842.0,3094409.0,2966112.0,3034165.0,3446836.0,3344409.0
19.0,6519719.0,6633533.0,6263465.0,6156502.0,6074077.0,6416176.0,3856460.0,3804718.0,3673819.0,3861369.0,4032680.0,4571220.0,3104778.0,2984530.0,2845267.0,2678845.0,2660411.0,2639861.0,4586258.0,4631504.0,4480350.0,4833205.0,5328511.0,5313649.0,6469504.0,5808730.0,5823414.0,5724178.0,5630789.0,5410739.0,3000269.0,3155956.0,3030212.0,3082747.0,3511840.0,3418510.0
19.5,6481260.0,6658702.0,6280513.0,6162055.0,6105286.0,6466217.0,3875078.0,3795235.0,3677561.0,3897084.0,4070073.0,4613148.0,3117124.0,2982019.0,2850838.0,2686881.0,2659882.0,2639846.0,4585432.0,4629747.0,4449035.0,4818439.0,5333636.0,5301373.0,6497879.0,5801444.0,5820443.0,5700291.0,5611918.0,5365204.0,2988636.0,3150721.0,3029569.0,3080647.0,3526136.0,3423133.0
20.0,6631607.0,6785987.0,6422633.0,6283228.0,6208619.0,6590318.0,3940338.0,3875658.0,3729601.0,3951870.0,4136703.0,4733533.0,3146341.0,3030768.0,2875924.0,2726505.0,2692376.0,2672010.0,4621853.0,4659308.0,4508553.0,4898535.0,5371372.0,5397705.0,6606754.0,5859168.0,5923165.0,5774721.0,5683070.0,5439846.0,3017922.0,3191322.0,3048065.0,3105056.0,3587936.0,3470548.0
20.5,6631851.0,6735759.0,6346641.0,6247914.0,6184463.0,6570521.0,3925367.0,3856484.0,3694143.0,3931738.0,4140397.0,4704763.0,3150443.0,3005883.0,2849748.0,2705067.0,2667261.0,2658263.0,4583180.0,4613909.0,4454082.0,4830830.0,5348291.0,5394082.0,6573597.0,5789521.0,5846374.0,5727077.0,5589614.0,5372219.0,3001734.0,3159412.0,3041979.0,3086313.0,3570648.0,3487226.0
21.0,6773036.0,6830844.0,6440208.0,6356083.0,6291852.0,6693742.0,3978769.0,3937661.0,3762218.0,4000043.0,4191402.0,4807701.0,3214985.0,3056424.0,2878026.0,2734444.0,2707709.0,2658199.0,4629942.0,4698264.0,4518609.0,4913764.0,5419115.0,5466363.0,6669195.0,5856259.0,5940164.0,5786855.0,5658340.0,5437874.0,3034691.0,3192327.0,3040229.0,3126785.0,3619422.0,3530690.0
21.5,6784992.0,6815476.0,6406301.0,6304133.0,6250204.0,6668302.0,3953894.0,3901848.0,3735347.0,3997221.0,4180067.0,4792179.0,3207047.0,3027672.0,2863682.0,2721462.0,2662522.0,2656897.0,4599981.0,4637941.0,4482998.0,4886200.0,5390022.0,5411503.0,6673827.0,5814439.0,5903707.0,5774241.0,5618003.0,5387878.0,3023436.0,3200792.0,3033877.0,3101109.0,3616130.0,3520894.0
22.0,6963705.0,6969557.0,6559236.0,6480938.0,6415653.0,6857773.0,4084487.0,3978607.0,3827211.0,4086176.0,4320095.0,4947965.0,3290055.0,3094723.0,2934578.0,2765377.0,2731944.0,2700964.0,4702653.0,4747527.0,4547362.0,4979161.0,5492020.0,5531012.0,6843440.0,5948104.0,6008995.0,5863357.0,5745035.0,5492255.0,3068902.0,3253139.0,3108271.0,3159759.0,3675268.0,3622576.0
22.5,7026312.0,7026378.0,6616926.0,6543150.0,6491134.0,6927095.0,4106713.0,4048041.0,3867229.0,4139042.0,4371156.0,5013026.0,3318112.0,3117489.0,2944213.0,2783523.0,2752691.0,2713992.0,4725789.0,4754958.0,4575316.0,5034503.0,5534921.0,5617108.0,6911738.0,5937102.0,6058227.0,5899022.0,5761536.0,5537782.0,3106444.0,3266531.0,3127650.0,3186996.0,3722263.0,3619224.0
23.0,7222172.0,7182021.0,6736608.0,6656416.0,6629798.0,7110962.0,4184218.0,4127465.0,3943517.0,4213564.0,4432249.0,5125615.0,3382485.0,3152042.0,2985078.0,2827802.0,2786004.0,2766116.0,4791403.0,4848992.0,4654996.0,5114104.0,5631678.0,5723896.0,7043593.0,6037338.0,6138981.0,6043323.0,5892843.0,5603196.0,3135485.0,3344311.0,3145577.0,3235927.0,3793942.0,3690589.0
23.5,7216687.0,7175460.0,6719193.0,6661199.0,6635207.0,7136090.0,4189038.0,4130821.0,3923998.0,4232064.0,4432360.0,5153827.0,3395747.0,3164851.0,2990715.0,2818887.0,2787714.0,2763841.0,4782201.0,4825826.0,4618294.0,5093049.0,5590247.0,5727725.0,7080807.0,6050932.0,6143744.0,5971124.0,5852282.0,5573123.0,3128156.0,3337523.0,3134425.0,3210482.0,3792309.0,3712672.0
24.0,7418675.0,7339755.0,6859120.0,6825543.0,6752507.0,7259369.0,4281211.0,4203576.0,4019363.0,4314539.0,4541577.0,5271891.0,3458335.0,3217961.0,3033541.0,2880405.0,2832633.0,2790550.0,4848231.0,4894627.0,4704174.0,5173866.0,5724476.0,5834633.0,7228524.0,6144896.0,6295185.0,6101584.0,5958066.0,5640643.0,3176239.0,3383722.0,3202464.0,3267966.0,3845852.0,3808184.0
24.5,7360683.0,7235814.0,6815604.0,6784557.0,6714024.0,7211718.0,4245459.0,4171639.0,4007132.0,4287002.0,4532594.0,5226318.0,3463964.0,3174729.0,3017203.0,2842504.0,2815101.0,2783066.0,4776639.0,4827918.0,4645072.0,5119068.0,5666265.0,5817009.0,7202441.0,6047803.0,6210009.0,6048016.0,5865324.0,5578056.0,3153615.0,3328952.0,3172001.0,3241983.0,3832746.0,3772313.0
25.0,7513842.0,7367189.0,6875758.0,6865728.0,6829623.0,7319124.0,4338357.0,4243639.0,4078123.0,4347155.0,4567895.0,5328260.0,3518751.0,3243258.0,3041091.0,2873193.0,2853884.0,2812809.0,4835010.0,4921764.0,4674391.0,5182905.0,5720314.0,5913064.0,7311344.0,6148521.0,6241252.0,6137354.0,5931030.0,5637871.0,3195026.0,3384527.0,3206972.0,3271426.0,3874346.0,3814519.0
25.5,7469157.0,7326106.0,6831623.0,6844536.0,6778611.0,7292361.0,4293991.0,4201433.0,4010830.0,4314536.0,4553024.0,5301826.0,3494262.0,3207058.0,3032693.0,2850967.0,2817970.0,2776387.0,4763490.0,4840862.0,4611204.0,5129705.0,5660734.0,5812576.0,7220531.0,6092905.0,6186884.0,6049508.0,5861613.0,5580212.0,3147919.0,3356323.0,3169263.0,3234842.0,3850043.0,3811354.0
26.0,7563633.0,7389690.0,6905676.0,6904120.0,6847456.0,7385732.0,4347316.0,4277503.0,4051832.0,4344384.0,4576678.0,5378712.0,3508741.0,3227969.0,3027396.0,2877366.0,2838508.0,2801728.0,4795661.0,4880951.0,4644723.0,5122405.0,5680913.0,5875238.0,7302336.0,6104814.0,6240001.0,6071304.0,5903805.0,5582945.0,3170616.0,3368360.0,3168593.0,3265147.0,3858532.0,3825210.0
26.5,7571712.0,7382849.0,6866788.0,6901809.0,6850300.0,7374256.0,4332451.0,4264737.0,4059281.0,4332743.0,4586410.0,5362550.0,3540716.0,3212913.0,3030853.0,2866866.0,2842347.0,2795761.0,4768386.0,4876480.0,4641882.0,5134358.0,5673218.0,5909624.0,7301400.0,6082548.0,6209779.0,6069683.0,5895596.0,5569884.0,3164335.0,3365574.0,3156978.0,3244625.0,3862016.0,3814521.0
27.0,7802214.0,7595420.0,7029230.0,7070984.0,7041011.0,7544481.0,4438339.0,4359748.0,4134894.0,4439907.0,4708587.0,5512147.0,3606208.0,3276562.0,3086222.0,2914613.0,2886106.0,2843673.0,4871006.0,4933562.0,4716046.0,5222129.0,5775056.0,6005779.0,7444508.0,6200758.0,6298853.0,6131275.0,5986442.0,5665114.0,3196967.0,3438503.0,3218303.0,3305853.0,3944986.0,3896287.0
27.5,7906871.0,7677024.0,7117291.0,7152460.0,7116694.0,7653742.0,4504441.0,4405227.0,4198843.0,4485260.0,4755555.0,5575586.0,3646225.0,3305340.0,3116369.0,2938533.0,2905015.0,2864245.0,4906989.0,4960324.0,4742977.0,5263324.0,5833872.0,6026497.0,7508944.0,6242965.0,6352869.0,6235115.0,6028758.0,5676590.0,3232005.0,3465208.0,3227173.0,3328507.0,3966991.0,3928746.0
28.0,8049037.0,7775299.0,7239093.0,7341111.0,7272593.0,7800547.0,4597165.0,4490866.0,4265958.0,4591504.0,4859382.0,5714236.0,3708766.0,3376656.0,3168172.0,2995582.0,2937042.0,2918588.0,4981053.0,5053943.0,4805405.0,5351452.0,5920345.0,6187363.0,7690756.0,6299289.0,6449146.0,6285779.0,6092734.0,5777074.0,3269725.0,3491565.0,3284827.0,3388864.0,4021643.0,3997067.0
28.5,8002870.0,7778777.0,7173519.0,7290182.0,7232498.0,7788498.0,4565308.0,4490748.0,4230147.0,4543330.0,4818270.0,5670555.0,3695236.0,3340022.0,3151405.0,2973548.0,2946680.0,2886039.0,4955239.0,5035634.0,4770652.0,5296795.0,5887061.0,6158829.0,7638545.0,6268416.0,6382473.0,6230095.0,6050850.0,5726065.0,3250587.0,3470802.0,3247067.0,3359996.0,3982265.0,3989889.0
29.0,8172839.0,7918181.0,7319322.0,7461983.0,7369023.0,7988405.0,4675186.0,4577624.0,4318280.0,4644953.0,4917833.0,5796529.0,3783365.0,3396769.0,3195141.0,3015183.0,2988295.0,2936232.0,5022912.0,5075515.0,4844235.0,5377096.0,5940580.0,6261909.0,7803198.0,6367382.0,6499842.0,6350644.0,6155349.0,5822147.0,3296389.0,3520033.0,3280755.0,3399787.0,4062914.0,4057155.0
29.5,8125187.0,7907199.0,7305216.0,7430845.0,7343079.0,7937029.0,4655260.0,4563263.0,4308101.0,4647350.0,4915452.0,5800135.0,3774245.0,3392304.0,3175445.0,3008320.0,2954717.0,2918833.0,4985630.0,5033519.0,4808062.0,5347642.0,5889394.0,6266884.0,7762451.0,6331248.0,6434053.0,6286520.0,6075734.0,5749728.0,3265526.0,3505863.0,3264214.0,3358773.0,4015286.0,4036813.0
30.0,8219443.0,8023177.0,7416071.0,7517303.0,7451357.0,8019552.0,4715680.0,4624149.0,4359235.0,4681649.0,4986758.0,5849601.0,3817466.0,3428731.0,3195566.0,3042430.0,2988857.0,2941191.0,4986402.0,5074603.0,4840590.0,5407835.0,5987848.0,6324718.0,7830710.0,6363464.0,6487982.0,6363500.0,6125816.0,5815268.0,3300760.0,3532708.0,3287685.0,3391515.0,4060001.0,4085843.0
30.5,8179609.0,7929623.0,7315782.0,7453476.0,7387920.0,7956449.0,4670118.0,4582941.0,4310510.0,4634364.0,4937443.0,5814806.0,3794880.0,3390341.0,3168633.0,2982911.0,2954309.0,2913083.0,4955158.0,5026242.0,4781191.0,5336926.0,5894513.0,6271627.0,7820109.0,6273246.0,6427463.0,6283720.0,6067276.0,5763166.0,3253763.0,3491510.0,3242200.0,3360846.0,4011173.0,4044124.0
31.0,8330214.0,8070853.0,7446112.0,7559946.0,7512512.0,8106062.0,4756728.0,4663958.0,4380284.0,4710336.0,4997608.0,5941062.0,3857789.0,3428370.0,3208444.0,3036699.0,2998883.0,2930306.0,5028973.0,5099781.0,4834312.0,5395028.0,5951673.0,6378211.0,7895530.0,6362045.0,6476569.0,6331477.0,6139653.0,5832606.0,3294367.0,3535111.0,3285358.0,3380751.0,4082947.0,4073517.0
31.5,8269114.0,8016970.0,7412041.0,7539887.0,7471451.0,8067887.0,4723108.0,4632646.0,4352439.0,4706919.0,4985298.0,5957122.0,3822098.0,3413655.0,3183982.0,2996576.0,2958789.0,2935457.0,4932806.0,5038265.0,4785702.0,5345924.0,5894425.0,6359620.0,7831003.0,6304767.0,6427798.0,6287058.0,6083229.0,5749904.0,3261680.0,3483593.0,3254452.0,3363720.0,4057817.0,4071470.0
32.0,8461350.0,8189813.0,7592737.0,7720865.0,7678762.0,8270754.0,4861081.0,4747353.0,4444674.0,4787032.0,5120329.0,6097083.0,3922537.0,3462906.0,3252481.0,3075912.0,3014790.0,2989075.0,5078544.0,5145578.0,4882025.0,5446753.0,6037998.0,6529628.0,8035124.0,6444769.0,6584574.0,6388503.0,6201281.0,5851522.0,3337562.0,3578842.0,3324608.0,3433712.0,4123187.0,4148264.0
32.5,8551665.0,8259004.0,7648236.0,7790211.0,7710175.0,8289504.0,4873821.0,4791789.0,4507756.0,4814732.0,5150524.0,6142601.0,3945574.0,3501450.0,3263643.0,3076373.0,3054740.0,2994706.0,5114486.0,5155672.0,4892252.0,5447868.0,6064353.0,6530280.0,8063471.0,6461049.0,6589796.0,6419737.0,6208849.0,5847583.0,3352546.0,3598954.0,3327869.0,3432326.0,4150460.0,4161362.0
33.0,8747677.0,8425914.0,7737897.0,7942412.0,7902573.0,8476328.0,4971171.0,4851860.0,4573492.0,4914719.0,5225914.0,6267190.0,4012026.0,3564128.0,3312666.0,3126657.0,3087681.0,3050496.0,5155166.0,5245144.0,4988221.0,5561782.0,6149827.0,6675595.0,8183505.0,6567644.0,6659817.0,6549018.0,6319087.0,5979944.0,3382973.0,3663121.0,3367120.0,3477591.0,4209226.0,4242453.0
33.5,8659564.0,8413980.0,7773077.0,7932624.0,7868287.0,8499164.0,4973032.0,4837616.0,4562798.0,4910858.0,5228759.0,6281585.0,4019902.0,3536250.0,3296822.0,3113045.0,3090728.0,3018736.0,5122051.0,5220605.0,4947194.0,5532126.0,6141586.0,6677961.0,8181333.0,6496095.0,6633365.0,6512483.0,6272019.0,5935369.0,3377493.0,3653081.0,3359449.0,3476104.0,4203987.0,4239431.0
34.0,8875126.0,8571390.0,7907919.0,8128346.0,8009324.0,8639306.0,5070878.0,4965164.0,4645357.0,4993616.0,5310560.0,6377367.0,4081580.0,3608466.0,3344950.0,3167149.0,3112097.0,3072236.0,5216525.0,5285858.0,5028413.0,5632353.0,6228179.0,6794159.0,8324363.0,6596724.0,6734729.0,6568408.0,6362583.0,6039192.0,3425720.0,3699204.0,3390961.0,3517976.0,4261773.0,4299963.0
34.5,8889835.0,8517284.0,7861332.0,8072327.0,7997805.0,8581368.0,5027862.0,4942380.0,4627250.0,4986878.0,5326123.0,6367653.0,4065241.0,3573892.0,3352232.0,3145076.0,3099379.0,3064328.0,5192877.0,5291105.0,4989351.0,5602767.0,6201819.0,6759858.0,8284266.0,6569485.0,6707195.0,6535635.0,6323926.0,5974338.0,3411928.0,3678936.0,3363642.0,3497434.0,4217398.0,4287079.0
35.0,8988183.0,8655256.0,7976483.0,8174409.0,8115850.0,8763999.0,5103615.0,4999520.0,4702661.0,5046514.0,5381144.0,6472071.0,4111256.0,3640258.0,3369294.0,3174919.0,3141910.0,3086577.0,5221858.0,5317597.0,5047126.0,5655525.0,6245976.0,6843762.0,8383270.0,6611909.0,6792343.0,6600702.0,6399277.0,6038307.0,3427046.0,3694574.0,3399062.0,3532455.0,4273605.0,4327675.0
35.5,8854478.0,8541601.0,7884248.0,8117143.0,8017314.0,8624224.0,5052826.0,4923614.0,4632292.0,5014236.0,5315383.0,6415936.0,4042990.0,3578164.0,3322488.0,3148480.0,3074276.0,3034438.0,5179571.0,5252536.0,4982451.0,5581271.0,6163785.0,6775284.0,8299545.0,6528677.0,6664534.0,6519800.0,6295368.0,5943884.0,3401200.0,3648673.0,3352195.0,3457322.0,4217674.0,4286306.0
36.0,9003296.0,8657007.0,8017068.0,8242394.0,8142604.0,8773380.0,5104035.0,4991199.0,4686215.0,5057854.0,5378019.0,6492496.0,4103899.0,3616666.0,3337041.0,3156166.0,3128145.0,3080604.0,5220715.0,5297021.0,5012365.0,5595729.0,6241646.0,6828885.0,8325475.0,6578321.0,6722777.0,6596777.0,6344624.0,5988906.0,3425659.0,3665928.0,3365747.0,3507929.0,4259946.0,4319120.0
36.5,8944093.0,8624866.0,7968590.0,8200116.0,8112676.0,8742475.0,5103013.0,5005956.0,4672044.0,5035863.0,5344172.0,6497325.0,4113614.0,3582118.0,3354637.0,3148974.0,3099961.0,3058850.0,5157783.0,5273719.0,4997447.0,5595226.0,6189794.0,6793375.0,8301683.0,6533925.0,6689463.0,6552505.0,6314123.0,5969890.0,3394281.0,3652164.0,3350030.0,3464638.0,4251058.0,4302376.0
37.0,9177905.0,8789052.0,8149588.0,8374437.0,8305297.0,8930491.0,5219910.0,5098823.0,4770172.0,5133623.0,5476668.0,6632280.0,4193313.0,3658515.0,3394528.0,3207158.0,3151044.0,3129185.0,5256737.0,5341795.0,5055087.0,5676572.0,6302003.0,6929365.0,8460189.0,6646572.0,6828929.0,6643903.0,6394161.0,6045552.0,3459869.0,3723266.0,3418608.0,3531510.0,4312761.0,4373094.0
37.5,9167135.0,8861890.0,8140208.0,8342868.0,8316913.0,8957476.0,5227709.0,5126910.0,4785725.0,5164419.0,5529636.0,6638597.0,4204840.0,3666501.0,3391758.0,3219757.0,3150169.0,3108256.0,5280731.0,5375377.0,5056618.0,5704138.0,6325392.0,6986508.0,8490049.0,6626655.0,6808478.0,6646451.0,6412351.0,6054878.0,3453748.0,3721750.0,3390245.0,3532604.0,4336468.0,4411626.0
38.0,9274406.0,9010844.0,8307473.0,8541563.0,8458156.0,9118951.0,5338678.0,5217842.0,4852146.0,5254039.0,5602062.0,6778676.0,4279300.0,3723333.0,3448244.0,3273772.0,3206139.0,3163521.0,5335657.0,5436874.0,5141586.0,5789268.0,6398279.0,7046648.0,8628868.0,6745384.0,6914626.0,6743496.0,6511099.0,6118496.0,3474160.0,3767664.0,3432928.0,3571436.0,4361223.0,4452464.0
38.5,9315064.0,8970598.0,8256988.0,8517060.0,8467308.0,9082164.0,5301701.0,5194143.0,4827828.0,5232521.0,5576277.0,6760390.0,4243439.0,3705214.0,3417631.0,3245127.0,3178116.0,3137145.0,5314861.0,5396118.0,5105511.0,5708575.0,6364532.0,7043877.0,8554621.0,6669753.0,6858722.0,6673556.0,6451933.0,6078897.0,3445218.0,3743617.0,3396590.0,3551887.0,4347879.0,4423228.0
39.0,9569261.0,9145229.0,8432209.0,8724092.0,8644171.0,9312164.0,5390528.0,5295815.0,4944798.0,5354195.0,5707922.0,6890247.0,4347158.0,3771385.0,3487236.0,3296261.0,3228730.0,3199388.0,5387711.0,5506718.0,5184458.0,5830012.0,6499772.0,7145003.0,8743009.0,6793951.0,6968188.0,6817271.0,6553989.0,6166251.0,3527662.0,3804575.0,3451261.0,3611850.0,4435999.0,4515553.0
39.5,9448245.0,9098768.0,8390612.0,8641190.0,8627002.0,9261548.0,5389835.0,5261943.0,4918879.0,5316562.0,5660604.0,6866012.0,4307676.0,3760226.0,3476932.0,3291790.0,3222225.0,3166319.0,5398102.0,5476513.0,5163830.0,5795384.0,6445877.0,7125954.0,8670984.0,6742020.0,6906026.0,6794395.0,6528223.0,6107235.0,3518284.0,3787693.0,3440408.0,3571030.0,4404585.0,4490996.0
40.0,9563733.0,9232060.0,8526787.0,8840682.0,8751110.0,9404830.0,5471422.0,5363768.0,4982077.0,5391366.0,5764745.0,6978161.0,4365231.0,3817648.0,3526581.0,3333440.0,3262356.0,3211075.0,5441363.0,5548743.0,5218829.0,5877697.0,6524494.0,7268748.0,8791259.0,6816179.0,7007055.0,6849459.0,6590599.0,6210011.0,3522946.0,3836492.0,3486266.0,3622705.0,4454402.0,4547012.0
40.5,9493282.0,9142754.0,8471090.0,8751474.0,8713940.0,9311990.0,5390923.0,5316245.0,4931008.0,5332241.0,5706722.0,6937279.0,4339378.0,3778948.0,3455014.0,3276137.0,3195482.0,3185884.0,5377957.0,5474066.0,5153618.0,5823421.0,6459326.0,7151612.0,8727853.0,6734487.0,6906840.0,6732019.0,6496504.0,6110003.0,3495626.0,3802082.0,3425240.0,3566926.0,4412603.0,4512933.0
41.0,9674604.0,9304305.0,8592431.0,8870936.0,8865834.0,9485341.0,5489240.0,5375556.0,5012579.0,5418572.0,5798221.0,7051483.0,4397014.0,3819166.0,3518291.0,3333626.0,3246469.0,3206397.0,5450348.0,5553775.0,5248567.0,5916828.0,6550933.0,7308120.0,8826053.0,6814691.0,7003329.0,6879709.0,6614203.0,6213923.0,3542487.0,3857097.0,3489283.0,3612263.0,4477474.0,4575087.0
41.5,9652304.0,9280260.0,8545447.0,8830563.0,8854848.0,9439214.0,5480072.0,5370260.0,5037607.0,5440164.0,5745951.0,7050507.0,4361273.0,3812965.0,3494197.0,3314704.0,3242176.0,3222114.0,5430285.0,5517347.0,5219682.0,5872570.0,6526253.0,7291042.0,8781602.0,6744096.0,6960429.0,6801540.0,6563839.0,6174079.0,3545265.0,3851880.0,3458269.0,3607790.0,4467075.0,4564252.0
42.0,9867620.0,9549611.0,8788204.0,9070937.0,9036562.0,9678296.0,5595466.0,5512911.0,5132481.0,5551993.0,5892882.0,7201208.0,4493082.0,3881630.0,3575536.0,3389064.0,3315066.0,3276552.0,5540883.0,5636920.0,5322435.0,6024962.0,6693250.0,7478498.0,9027326.0,6928751.0,7095989.0,6981381.0,6706973.0,6291332.0,3601799.0,3916293.0,3507697.0,3674930.0,4530562.0,4669797.0
42.5,9933899.0,9550113.0,8823642.0,9112078.0,9115591.0,9734781.0,5633054.0,5525622.0,5129703.0,5575075.0,5929830.0,7243420.0,4481429.0,3911870.0,3584657.0,3400381.0,3316303.0,3285825.0,5601581.0,5670809.0,5346931.0,6003175.0,6729102.0,7467299.0,9050882.0,6938941.0,7126967.0,6979842.0,6725659.0,6320651.0,3603321.0,3943499.0,3508526.0,3682863.0,4560304.0,4677692.0
43.0,10151695.0,9678968.0,8992636.0,9291462.0,9261224.0,9886431.0,5726866.0,5638049.0,5247698.0,5686811.0,6030412.0,7393325.0,4568739.0,3955591.0,3622777.0,3452148.0,3366052.0,3333342.0,5665624.0,5740038.0,5429007.0,6126175.0,6830628.0,7622631.0,9197479.0,7060160.0,7257568.0,7094962.0,6793923.0,6390946.0,3656520.0,3994194.0,3572168.0,3752708.0,4641051.0,4772075.0
43.5,10113294.0,9620395.0,8895111.0,9177925.0,9250686.0,9817700.0,5655717.0,5582121.0,5178630.0,5630936.0,5991215.0,7315303.0,4551902.0,3934885.0,3592439.0,3411808.0,3335498.0,3307925.0,5615428.0,5671879.0,5365988.0,6023163.0,6742222.0,7554471.0,9112296.0,6968191.0,7163795.0,6990082.0,6765970.0,6362419.0,3617642.0,3960472.0,3522871.0,3692722.0,4597035.0,4704224.0
44.0,10264742.0,9815351.0,9069848.0,9366295.0,9383886.0,10030733.0,5822468.0,5685355.0,5309541.0,5744662.0,6112237.0,7480052.0,4624692.0,4014928.0,3658335.0,3479883.0,3422973.0,3361212.0,5711746.0,5802645.0,5440044.0,6170696.0,6888836.0,7723761.0,9285144.0,7085241.0,7289849.0,7156589.0,6917126.0,6464411.0,3674750.0,4032778.0,3590739.0,3741629.0,4670206.0,4810063.0
44.5,10187078.0,9709798.0,8972456.0,9249381.0,9274246.0,9908345.0,5744105.0,5626688.0,5216890.0,5648098.0,6048505.0,7403222.0,4562106.0,3946825.0,3601162.0,3424135.0,3362196.0,3324844.0,5633653.0,5748798.0,5394016.0,6108250.0,6797996.0,7630592.0,9161049.0,6957231.0,7215631.0,7076567.0,6786284.0,6354754.0,3642829.0,3974532.0,3530001.0,3698557.0,4617124.0,4749561.0
45.0,10319968.0,9813345.0,9066128.0,9429479.0,9399893.0,10013886.0,5802335.0,5692451.0,5306126.0,5737859.0,6124709.0,7505167.0,4626536.0,4012433.0,3661599.0,3484812.0,3407808.0,3367874.0,5690179.0,5801155.0,5440490.0,6177103.0,6869516.0,7697605.0,9231129.0,7024508.0,7276603.0,7148589.0,6837306.0,6433519.0,3685269.0,4034013.0,3585688.0,3725937.0,4651018.0,4809974.0
45.5,10325874.0,9735291.0,9045211.0,9318179.0,9341172.0,9973799.0,5778748.0,5667160.0,5243506.0,5688258.0,6079310.0,7449255.0,4579098.0,3967083.0,3628288.0,3443000.0,3374135.0,3311630.0,5641240.0,5729476.0,5385760.0,6110904.0,6808538.0,7638291.0,9213196.0,6964602.0,7225784.0,7099874.0,6809053.0,6375399.0,3634739.0,3981614.0,3544764.0,3705003.0,4624141.0,4755535.0
46.0,10391693.0,9834602.0,9108316.0,9414610.0,9436895.0,10072341.0,5816774.0,5708981.0,5288697.0,5747979.0,6120880.0,7569993.0,4623634.0,4010060.0,3650201.0,3478219.0,3401929.0,3364607.0,5714451.0,5812205.0,5454169.0,6147141.0,6887663.0,7760597.0,9255119.0,7015677.0,7282191.0,7123584.0,6868617.0,6409792.0,3694394.0,4030824.0,3574286.0,3717056.0,4658605.0,4823397.0
46.5,10329945.0,9791796.0,9062736.0,9397148.0,9371322.0,10010566.0,5797273.0,5687234.0,5267954.0,5724644.0,6113124.0,7498158.0,4643325.0,3974893.0,3641008.0,3451603.0,3385644.0,3341295.0,5675312.0,5744997.0,5401596.0,6129345.0,6843570.0,7751775.0,9258958.0,6996955.0,7218040.0,7081489.0,6810032.0,6391677.0,3661621.0,4013952.0,3548276.0,3712334.0,4638598.0,4802775.0
47.0,10574205.0,9929221.0,9213184.0,9555527.0,9539328.0,10184151.0,5889686.0,5761970.0,5338280.0,5824075.0,6191593.0,7637791.0,4697276.0,4049195.0,3686722.0,3525040.0,3428341.0,3398335.0,5786870.0,5847354.0,5486631.0,6205684.0,6933591.0,7876268.0,9364408.0,7088679.0,7367766.0,7196371.0,6924682.0,6462450.0,3734059.0,4055733.0,3592503.0,3734910.0,4710719.0,4875846.0
47.5,10671239.0,10018547.0,9272967.0,9630704.0,9606684.0,10217455.0,5909439.0,5813774.0,5360349.0,5837232.0,6238305.0,7691297.0,4743759.0,4075420.0,3713827.0,3521407.0,3448994.0,3414806.0,5798685.0,5872961.0,5528667.0,6283653.0,6966191.0,7890781.0,9453382.0,7102966.0,7386916.0,7235593.0,6991152.0,6513769.0,3734117.0,4063243.0,3624788.0,3776770.0,4732028.0,4922138.0
48.0,10892216.0,10183174.0,9428992.0,9781623.0,9803406.0,10468953.0,6029659.0,5900952.0,5497833.0,5949710.0,6351413.0,7832881.0,4814390.0,4124789.0,3755479.0,3585439.0,3502015.0,3483600.0,5882545.0,5973618.0,5642893.0,6358716.0,7117650.0,8059401.0,9606557.0,7270306.0,7532286.0,7369525.0,7086010.0,6621822.0,3783898.0,4107720.0,3657848.0,3818302.0,4801855.0,5007434.0
48.5,10773858.0,10149395.0,9386630.0,9714242.0,9721073.0,10380197.0,5971598.0,5876878.0,5462015.0,5920510.0,6321134.0,7792335.0,4785939.0,4108621.0,3727014.0,3563443.0,3479662.0,3477995.0,5849280.0,5956950.0,5599046.0,6346545.0,7089549.0,8087121.0,9549222.0,7198781.0,7455573.0,7322510.0,7038863.0,6594831.0,3786708.0,4103154.0,3635535.0,3799624.0,4796073.0,4982378.0
49.0,11061396.0,10356581.0,9573337.0,9951741.0,9973791.0,10576887.0,6097503.0,6001698.0,5545670.0,6044699.0,6448876.0,7993160.0,4905312.0,4185472.0,3806467.0,3634212.0,3548246.0,3520827.0,5975473.0,6042421.0,5677021.0,6471972.0,7229882.0,8171448.0,9730111.0,7309264.0,7595391.0,7450726.0,7165036.0,6701694.0,3851235.0,4161064.0,3706215.0,3865995.0,4898275.0,5065485.0
49.5,11096704.0,10257089.0,9514953.0,9884805.0,9894258.0,10489544.0,6075354.0,5963910.0,5518770.0,5991881.0,6385121.0,7936819.0,4888407.0,4174147.0,3775448.0,3601486.0,3515042.0,3483330.0,5911510.0,6000198.0,5647204.0,6407375.0,7151867.0,8071817.0,9673112.0,7231616.0,7514262.0,7397390.0,7124748.0,6636896.0,3813647.0,4130537.0,3687945.0,3831905.0,4848641.0,5028113.0
50.0,11292841.0,10441398.0,9653259.0,10000259.0,10021742.0,10645452.0,6152372.0,6026094.0,5589925.0,6088297.0,6468505.0,7997133.0,4917189.0,4211608.0,3812467.0,3639766.0,3558258.0,3534797.0,5980656.0,6074840.0,5718387.0,6483635.0,7243148.0,8218533.0,9799235.0,7318463.0,7605094.0,7493930.0,7212674.0,6693535.0,3861348.0,4162332.0,3709158.0,3852229.0,4871484.0,5072457.0
50.5,11087597.0,10251344.0,9488249.0,9867769.0,9884354.0,10502739.0,6055241.0,5969748.0,5517347.0,6000905.0,6375337.0,7909282.0,4861443.0,4157692.0,3776233.0,3586238.0,3500609.0,3494613.0,5897170.0,5974235.0,5634202.0,6377721.0,7154763.0,8143795.0,9651801.0,7223564.0,7484240.0,7373117.0,7080977.0,6647951.0,3789629.0,4108210.0,3636374.0,3826640.0,4779884.0,5010348.0
51.0,11217385.0,10408518.0,9599252.0,10008583.0,10019732.0,10681751.0,6152042.0,6059343.0,5599994.0,6055061.0,6471359.0,8055418.0,4924527.0,4208129.0,3806576.0,3622913.0,3557015.0,3509068.0,5950687.0,6017796.0,5671848.0,6476864.0,7218096.0,8337926.0,9791877.0,7277062.0,7576477.0,7437683.0,7145701.0,6690412.0,3846825.0,4141992.0,3691692.0,3863457.0,4827866.0,5076933.0
51.5,11062446.0,10289181.0,9513043.0,9883335.0,9897622.0,10463737.0,6057816.0,5983888.0,5520433.0,5975693.0,6395295.0,7954794.0,4857595.0,4145122.0,3763922.0,3588116.0,3520514.0,3457914.0,5877402.0,5968495.0,5616808.0,6382854.0,7135429.0,8187874.0,9696528.0,7198393.0,7479628.0,7375439.0,7067585.0,6608428.0,3795229.0,4016322.0,3648078.0,3807475.0,4786969.0,5022558.0
52.0,11414457.0,10539369.0,9765529.0,10154055.0,10180334.0,10762661.0,6245391.0,6101242.0,5657102.0,6138096.0,6523248.0,8157761.0,4970636.0,4238053.0,3826772.0,3660277.0,3580280.0,3536756.0,6022132.0,6127220.0,5753955.0,6533743.0,7280090.0,8368667.0,9902475.0,7333620.0,7652328.0,7533552.0,7214846.0,6762694.0,3882103.0,4091050.0,3729619.0,3872568.0,4903501.0,5139142.0
52.5,11560780.0,10648762.0,9875954.0,10181639.0,10268981.0,10901643.0,6267259.0,6122097.0,5725786.0,6167266.0,6607240.0,8254173.0,5062828.0,4264964.0,3885830.0,3706958.0,3620395.0,3573478.0,6079326.0,6178209.0,5756328.0,6573319.0,7368968.0,8536211.0,10060511.0,7422860.0,7701812.0,7597617.0,7310479.0,6827112.0,3938234.0,4126990.0,3748426.0,3910890.0,4923851.0,5220562.0
53.0,11699638.0,10832068.0,9959085.0,10316166.0,10319631.0,11019036.0,6343758.0,6219260.0,5765569.0,6269118.0,6698269.0,8351442.0,5115954.0,4324627.0,3917331.0,3743181.0,3635025.0,3601495.0,6155359.0,6259803.0,5866977.0,6689717.0,7462365.0,8712832.0,10119285.0,7481203.0,7798508.0,7697091.0,7375644.0,6911915.0,3967320.0,4183277.0,3810329.0,3968004.0,5001393.0,5253164.0
53.5,11589678.0,10749385.0,9895070.0,10301630.0,10311520.0,10973615.0,6294855.0,6177177.0,5750495.0,6230263.0,6677883.0,8338967.0,5103023.0,4300535.0,3898997.0,3709771.0,3663126.0,3596548.0,6107158.0,6237812.0,5876800.0,6637023.0,7431606.0,8638367.0,10029953.0,7426087.0,7776109.0,7659263.0,7335445.0,6847519.0,3947861.0,4149328.0,3781135.0,3930790.0,4989995.0,5245500.0
54.0,11887667.0,10889737.0,10095771.0,10496930.0,10578778.0,11222629.0,6401503.0,6293858.0,5854460.0,6319254.0,6789664.0,8494543.0,5210463.0,4393223.0,3946773.0,3775243.0,3698389.0,3648168.0,6229462.0,6318290.0,5947412.0,6750033.0,7539503.0,8781756.0,10193895.0,7561671.0,7857992.0,7767609.0,7452684.0,6976050.0,4033126.0,4229000.0,3844822.0,3993266.0,5086610.0,5319097.0
54.5,11771039.0,10780545.0,9922469.0,10341144.0,10406791.0,11072688.0,6353701.0,6183345.0,5781531.0,6247280.0,6682767.0,8404841.0,5175415.0,4328289.0,3921306.0,3701584.0,3642426.0,3582851.0,6138402.0,6254686.0,5877416.0,6636579.0,7447783.0,8800407.0,10109857.0,7468894.0,7786228.0,7679907.0,7348629.0,6883057.0,3949153.0,4193186.0,3795901.0,3942818.0,5050964.0,5226132.0
55.0,11879197.0,10956493.0,10061828.0,10451487.0,10532092.0,11213408.0,6434218.0,6240285.0,5837934.0,6320101.0,6738559.0,8524225.0,5164838.0,4375306.0,3929899.0,3764104.0,3687770.0,3617719.0,6202868.0,6323220.0,5923268.0,6753915.0,7547896.0,8959357.0,10154020.0,7538941.0,7868736.0,7757571.0,7460764.0,6946934.0,3995119.0,4246373.0,3814801.0,3981612.0,5086478.0,5297062.0
55.5,11675079.0,10768214.0,9847601.0,10280599.0,10336726.0,11035290.0,6301852.0,6152499.0,5724027.0,6212615.0,6657533.0,8379908.0,5134334.0,4313686.0,3877976.0,3707086.0,3639404.0,3578326.0,6095011.0,6213279.0,5836419.0,6586162.0,7429284.0,8831879.0,10021812.0,7407345.0,7690326.0,7614934.0,7358616.0,6872367.0,3932669.0,4190306.0,3774208.0,3914606.0,4989276.0,5274112.0
56.0,11811515.0,10836456.0,9883097.0,10403045.0,10453483.0,11113726.0,6354664.0,6171764.0,5775797.0,6253459.0,6697114.0,8492954.0,5209402.0,4335725.0,3926357.0,3738226.0,3666777.0,3599630.0,6168464.0,6267003.0,5881795.0,6665757.0,7460263.0,8841109.0,10117662.0,7453075.0,7753314.0,7706653.0,7424235.0,6885609.0,3955716.0,4202200.0,3793868.0,3948804.0,5033209.0,5271249.0
56.5,11801106.0,10781187.0,9858037.0,10329805.0,10414920.0,11030065.0,6313441.0,6160953.0,5733083.0,6219596.0,6671648.0,8444922.0,5186132.0,4300174.0,3880686.0,3734792.0,3629257.0,3597075.0,6118264.0,6242402.0,5832125.0,6636998.0,7441778.0,8803473.0,10090559.0,7409445.0,7691404.0,7620929.0,7371637.0,6844131.0,3926041.0,4179674.0,3768760.0,3923340.0,5025261.0,5260773.0
57.0,12173241.0,11003296.0,10049996.0,10510828.0,10639185.0,11323722.0,6438036.0,6264652.0,5840299.0,6355659.0,6786603.0,8614278.0,5270705.0,4365615.0,3932602.0,3775271.0,3696720.0,3646103.0,6218364.0,6325908.0,5928914.0,6758330.0,7584787.0,9085476.0,10265051.0,7555231.0,7851354.0,7758171.0,7490452.0,6993824.0,4004121.0,4255994.0,3847298.0,4003347.0,5101447.0,5310721.0
57.5,11883118.0,10985702.0,10044107.0,10555791.0,10647354.0,11313633.0,6428622.0,6272753.0,5841281.0,6372014.0,6816922.0,8624667.0,5328394.0,4396239.0,3974887.0,3772734.0,3697132.0,3646122.0,6244489.0,6363244.0,5910951.0,6750720.0,7592852.0,9122919.0,10306736.0,7567664.0,7880280.0,7740332.0,7493313.0,6977010.0,4020921.0,4303697.0,3858083.0,3997913.0,5129647.0,5389303.0
58.0,12060821.0,11143768.0,10174283.0,10695875.0,10719952.0,11438544.0,6502156.0,6356150.0,5917653.0,6473484.0,6919017.0,8768001.0,5401347.0,4447854.0,4028441.0,3845749.0,3763924.0,3691953.0,6357189.0,6438109.0,6019376.0,6812274.0,7714406.0,9283096.0,10443030.0,7671317.0,7944949.0,7868512.0,7592946.0,7095910.0,4088496.0,4337724.0,3919700.0,4040356.0,5207700.0,5473395.0
58.5,12135670.0,11073380.0,10154810.0,10662726.0,10766466.0,11418988.0,6467441.0,6339160.0,5921414.0,6437135.0,6885091.0,8750583.0,5420380.0,4422394.0,3997316.0,3829847.0,3758906.0,3711306.0,6306831.0,6419736.0,6012157.0,6825415.0,7668359.0,9240277.0,10428819.0,7599713.0,7954394.0,7834114.0,7584456.0,7078573.0,4070011.0,4309776.0,3917849.0,4022256.0,5195947.0,5398648.0
59.0,12312618.0,11224029.0,10265973.0,10693229.0,10971475.0,11612454.0,6571585.0,6425475.0,6006459.0,6497070.0,6965954.0,8902571.0,5455209.0,4470618.0,4050290.0,3868282.0,3798626.0,3772342.0,6379919.0,6485320.0,6061171.0,6911147.0,7741363.0,9336302.0,10590247.0,7706606.0,8034055.0,7932989.0,7671644.0,7138700.0,4128661.0,4372719.0,3974088.0,4081237.0,5260930.0,5503501.0
59.5,12182798.0,11158744.0,10175931.0,10534180.0,10829172.0,11509947.0,6487375.0,6337692.0,5947919.0,6460445.0,6919465.0,8844838.0,5427568.0,4449901.0,4005873.0,3855046.0,3737428.0,3710880.0,6304550.0,6458427.0,6023381.0,6863120.0,7665230.0,9319187.0,10492134.0,7624747.0,7973113.0,7836735.0,7612030.0,7078970.0,4077775.0,4339055.0,3931331.0,4053096.0,5228057.0,5419857.0
60.0,12479891.0,11306103.0,10308789.0,10705661.0,10969886.0,11670738.0,6593234.0,6434719.0,5999496.0,6546759.0,7012283.0,8974811.0,5510111.0,4495173.0,4050986.0,3859855.0,3796185.0,3768448.0,6388192.0,6467015.0,6080282.0,6933342.0,7785442.0,9534643.0,10641798.0,7716281.0,8056555.0,7960192.0,7706729.0,7186520.0,4125974.0,4388149.0,3981505.0,4096382.0,5261254.0,5564552.0
60.5,12161785.0,11105690.0,10118602.0,10521204.0,10756612.0,11434625.0,6470705.0,6319909.0,5882049.0,6399576.0,6905582.0,8806883.0,5433389.0,4418960.0,3984133.0,3791778.0,3742602.0,3695224.0,6285182.0,6403312.0,5968489.0,6799093.0,7653465.0,9373253.0,10488587.0,7591228.0,7971634.0,7788198.0,7566708.0,7091331.0,4041002.0,4311950.0,3920670.0,4022571.0,5141405.0,5439339.0
61.0,12341659.0,11224452.0,10223653.0,10619774.0,10921772.0,11599502.0,6532417.0,6398671.0,5976506.0,6475592.0,6960940.0,8956137.0,5505582.0,4460339.0,4014821.0,3837586.0,3766066.0,3719145.0,6325828.0,6467307.0,6034550.0,6846056.0,7710746.0,9417549.0,10621221.0,7629403.0,8016542.0,7872623.0,7635730.0,7109056.0,4088335.0,4324524.0,3959615.0,4065441.0,5191375.0,5380276.0
61.5,12279991.0,11148287.0,10146014.0,10523657.0,10789293.0,11506031.0,6463844.0,6318793.0,5915062.0,6396080.0,6882706.0,8860399.0,5447123.0,4409903.0,3972726.0,3786823.0,3739973.0,3687208.0,6233938.0,6372394.0,5967368.0,6672639.0,7597042.0,9469800.0,10529617.0,7577503.0,7917809.0,7794002.0,7571004.0,7074500.0,4056368.0,4315616.0,3925997.0,4025229.0,5127930.0,5398881.0
62.0,12318864.0,11364747.0,10328381.0,10703195.0,10989763.0,11727390.0,6571760.0,6437179.0,6022778.0,6532835.0,7000336.0,9051334.0,5566581.0,4508081.0,4041223.0,3862131.0,3786993.0,3741699.0,6386627.0,6507177.0,6063919.0,6819375.0,7777329.0,9808842.0,10725747.0,7698346.0,8057190.0,7918822.0,7697629.0,7198405.0,4114652.0,4401873.0,4010716.0,4098435.0,5201137.0,5524951.0
62.5,12286676.0,11292731.0,10278106.0,10719407.0,10982430.0,11668766.0,6532481.0,6415731.0,5966399.0,6552251.0,7050341.0,9053612.0,5563176.0,4478490.0,4039025.0,3867340.0,3789950.0,3738146.0,6367345.0,6520560.0,6065752.0,6804525.0,7791161.0,9804479.0,10763375.0,7705730.0,8044477.0,7896681.0,7701866.0,7164299.0,4132917.0,4405904.0,3995157.0,4100520.0,5178205.0,5515515.0
63.0,12590871.0,11561106.0,10527079.0,10922211.0,11245793.0,11931496.0,6664919.0,6566800.0,6085917.0,6672380.0,7184428.0,9250526.0,5710899.0,4601129.0,4112366.0,3957102.0,3867338.0,3824005.0,6473806.0,6632027.0,6184537.0,6966876.0,7906098.0,9820402.0,11019630.0,7841714.0,8211682.0,8079148.0,7868802.0,7328027.0,4232309.0,4438321.0,4076811.0,4187670.0,5321674.0,5661025.0
63.5,12400336.0,11420473.0,10402936.0,10761748.0,11087209.0,11801138.0,6585297.0,6489512.0,6062508.0,6571118.0,7076046.0,9141709.0,5642471.0,4498735.0,4054566.0,3906232.0,3819692.0,3765699.0,6397659.0,6568546.0,6112597.0,6864689.0,7785175.0,9612175.0,10884854.0,7726143.0,8088930.0,7958249.0,7765207.0,7242545.0,4164638.0,4396791.0,4055519.0,4136062.0,5234995.0,5648237.0
64.0,12638779.0,11650180.0,10509065.0,10944949.0,11300953.0,12016619.0,6699180.0,6604965.0,6169494.0,6662122.0,7175945.0,9331423.0,5784485.0,4572874.0,4150324.0,3953486.0,3888608.0,3828934.0,6516697.0,6677201.0,6224271.0,6964144.0,7941857.0,9814506.0,11140227.0,7900965.0,8257332.0,8150832.0,7922585.0,7334449.0,4229206.0,4508062.0,4092013.0,4193521.0,5328326.0,5719190.0
64.5,12511963.0,11483701.0,10466237.0,10792004.0,11186813.0,11916282.0,6598739.0,6531536.0,6096665.0,6616880.0,7129711.0,9232667.0,5728551.0,4555883.0,4094351.0,3936090.0,3852303.0,3772039.0,6460561.0,6572742.0,6147700.0,6897179.0,7865315.0,9805414.0,11028702.0,7775567.0,8123287.0,8013471.0,7813631.0,7258589.0,4205328.0,4450389.0,4058703.0,4153121.0,5277027.0,5673719.0
65.0,12527437.0,11591577.0,10544462.0,10921790.0,11210505.0,11983078.0,6701268.0,6594055.0,6098605.0,6672762.0,7195192.0,9333934.0,5742621.0,4562933.0,4131112.0,3935272.0,3866687.0,3806389.0,6475926.0,6612024.0,6183191.0,6928793.0,7891586.0,9738502.0,11080715.0,7870298.0,8166380.0,8052496.0,7842166.0,7327627.0,4225462.0,4445261.0,4087760.0,4176829.0,5299785.0,5570622.0
65.5,12421546.0,11427238.0,10375972.0,10727781.0,11076933.0,11783636.0,6563531.0,6488084.0,6052813.0,6557228.0,7099395.0,9230948.0,5698342.0,4511718.0,4063347.0,3908353.0,3813127.0,3736559.0,6410933.0,6523304.0,6060648.0,6826990.0,7813781.0,9681230.0,11023816.0,7717356.0,8068524.0,7988490.0,7753955.0,7204567.0,4161097.0,4422827.0,4032110.0,4122259.0,5242297.0,5498507.0
66.0,12543884.0,11447773.0,10454236.0,10787131.0,11198817.0,11840424.0,6612258.0,6501138.0,6036392.0,6597410.0,7130830.0,9260302.0,5734920.0,4507699.0,4070676.0,3913962.0,3837269.0,3761076.0,6420579.0,6571851.0,6109545.0,6855667.0,7837265.0,9559737.0,11080660.0,7738774.0,8107173.0,7991106.0,7788256.0,7227221.0,4176312.0,4460145.0,4048758.0,4142726.0,5278258.0,5543306.0
66.5,12479360.0,11409063.0,10321411.0,10652737.0,11079609.0,11753658.0,6558574.0,6443157.0,6001946.0,6533036.0,7041522.0,9219151.0,5681604.0,4443796.0,4019848.0,3867366.0,3775440.0,3729520.0,6353677.0,6485787.0,6058718.0,6807502.0,7766667.0,9373145.0,10966105.0,7659305.0,8021102.0,7951357.0,7691019.0,7139378.0,4151866.0,4412273.0,4033537.0,4094734.0,5224035.0,5545282.0
67.0,12330092.0,11613787.0,10561629.0,10966616.0,11317906.0,12057882.0,6691095.0,6586365.0,6143568.0,6711059.0,7210186.0,9401432.0,5808674.0,4555533.0,4131478.0,3939940.0,3872421.0,3805222.0,6486891.0,6610063.0,6206124.0,6961960.0,7913309.0,9921534.0,11220039.0,7803179.0,8234848.0,8097781.0,7879552.0,7371933.0,4257258.0,4514454.0,4113566.0,4188558.0,5359091.0,5632971.0
67.5,12355749.0,11654593.0,10513280.0,10902554.0,11285790.0,11991536.0,6712655.0,6585293.0,6130268.0,6653611.0,7205603.0,9434322.0,5819642.0,4570408.0,4106794.0,3940890.0,3868168.0,3809854.0,6491816.0,6616585.0,6162674.0,6945771.0,7935811.0,10080005.0,11250461.0,7829975.0,8211976.0,8139893.0,7875356.0,7335450.0,4260783.0,4549488.0,4120193.0,4174380.0,5389084.0,5776195.0
68.0,12458989.0,11838022.0,10716002.0,11092218.0,11514991.0,12229827.0,6800687.0,6700218.0,6219450.0,6811483.0,7346403.0,9599958.0,5947668.0,4637531.0,4188659.0,4013618.0,3927052.0,3861285.0,6592796.0,6756037.0,6304603.0,7073684.0,8082865.0,10280915.0,11510754.0,7923740.0,8337051.0,8210143.0,8001017.0,7450515.0,4332665.0,4616903.0,4189867.0,4270176.0,5450042.0,5922338.0
68.5,12619630.0,11732262.0,10617011.0,11017763.0,11455263.0,12161006.0,6752187.0,6662678.0,6178118.0,6733592.0,7288363.0,9514657.0,5944121.0,4612354.0,4157872.0,3968551.0,3891795.0,3836549.0,6513159.0,6669789.0,6248358.0,7001669.0,8010208.0,10171959.0,11459523.0,7891348.0,8271628.0,8211719.0,7966377.0,7430506.0,4300490.0,4562734.0,4155205.0,4252452.0,5400311.0,5948671.0
69.0,12934198.0,11899418.0,10801530.0,11186170.0,11625603.0,12384975.0,6900989.0,6734659.0,6308055.0,6862459.0,7420648.0,9766046.0,6047950.0,4692808.0,4219459.0,4040142.0,3963111.0,3875042.0,6643362.0,6830973.0,6344552.0,7091122.0,8118655.0,10407727.0,11693852.0,8017322.0,8431889.0,8306945.0,8089039.0,7524192.0,4361659.0,4723880.0,4230111.0,4320850.0,5513033.0,5770102.0
69.5,12466486.0,11859816.0,10708179.0,11111628.0,11504899.0,12279786.0,6784309.0,6689691.0,6241471.0,6828890.0,7330570.0,9636181.0,5948902.0,4632522.0,4191447.0,4005647.0,3931725.0,3853631.0,6570599.0,6750138.0,6294220.0,7076340.0,8020513.0,10398217.0,11571084.0,7909643.0,8328159.0,8240805.0,8032020.0,7454807.0,4325772.0,4691211.0,4198190.0,4261794.0,5477990.0,5874246.0
70.0,12606870.0,11909771.0,10759560.0,11119191.0,11581457.0,12322426.0,6819799.0,6718655.0,6228183.0,6822562.0,7372933.0,9708327.0,5975189.0,4657801.0,4197292.0,4035422.0,3920104.0,3867579.0,6598218.0,6800928.0,6306560.0,7053694.0,8111115.0,10399531.0,11672857.0,7964263.0,8370496.0,8252878.0,8058382.0,7502391.0,4341348.0,4678299.0,4197102.0,4318313.0,5503571.0,5869990.0
70.5,12301935.0,11714978.0,10570300.0,10970724.0,11381647.0,12089495.0,6689802.0,6640195.0,6083939.0,6713252.0,7244697.0,9605827.0,5930541.0,4580058.0,4121929.0,3975245.0,3869089.0,3801226.0,6470130.0,6664066.0,6221950.0,6948122.0,7964237.0,10149983.0,11520629.0,7832315.0,8267121.0,8117231.0,7992937.0,7387626.0,4273948.0,4540529.0,4138549.0,4228116.0,5421671.0,5869153.0
71.0,12643704.0,11839529.0,10701737.0,11108830.0,11516440.0,12249234.0,6773524.0,6693222.0,6200266.0,6782735.0,7326230.0,9667245.0,5993732.0,4608584.0,4149248.0,3999769.0,3905417.0,3839225.0,6525875.0,6732548.0,6299969.0,7004233.0,8029068.0,10233018.0,11673322.0,7868994.0,8310291.0,8228534.0,8019984.0,7451876.0,4302406.0,4577758.0,4186384.0,4286673.0,5482353.0,5793875.0
71.5,12214823.0,11780577.0,10607249.0,10996966.0,11367192.0,12199396.0,6727381.0,6618184.0,6145913.0,6720086.0,7279088.0,9633199.0,5946060.0,4593018.0,4125972.0,3976137.0,3880615.0,3796602.0,6500561.0,6674389.0,6227642.0,6973232.0,7984942.0,10181735.0,11599947.0,7832675.0,8250418.0,8138212.0,7978126.0,7427091.0,4282972.0,4565197.0,4150569.0,4248276.0,5450260.0,5756725.0
72.0,12686417.0,11982410.0,10841691.0,11228481.0,11642919.0,12451959.0,6854559.0,6710546.0,6254362.0,6875094.0,7441704.0,9826364.0,6080584.0,4654707.0,4177521.0,4056756.0,3936837.0,3871958.0,6599730.0,6789165.0,6321856.0,7110623.0,8126884.0,10358097.0,11909816.0,7954681.0,8395650.0,8310440.0,8093138.0,7579100.0,4363156.0,4686454.0,4240259.0,4316158.0,5569926.0,5905883.0
72.5,12338984.0,11976102.0,10835476.0,11255908.0,11741414.0,12460160.0,6893529.0,6847460.0,6270627.0,6872001.0,7461532.0,9898386.0,6078473.0,4678249.0,4202417.0,4064668.0,3942394.0,3876166.0,6615310.0,6807945.0,6363596.0,7088794.0,8130450.0,10482073.0,11925446.0,7997683.0,8439678.0,8317279.0,8112273.0,7549930.0,4382227.0,4721058.0,4248764.0,4339857.0,5564997.0,5972830.0
73.0,12524379.0,12173220.0,10976493.0,11356611.0,11846936.0,12610879.0,6986132.0,6931896.0,6382569.0,6978115.0,7577039.0,10079297.0,6223117.0,4732310.0,4237876.0,4100075.0,4005516.0,4054836.0,6719910.0,6886457.0,6445299.0,7192270.0,8247945.0,10558386.0,12174129.0,8095285.0,8545234.0,8472471.0,8237178.0,7663353.0,4448707.0,4851986.0,4323952.0,4407608.0,5651579.0,5991666.0
73.5,12511348.0,12117229.0,10912292.0,11330184.0,11791624.0,12553128.0,6987586.0,6858522.0,6350670.0,6917732.0,7488645.0,9987186.0,6175635.0,4701283.0,4237214.0,4073225.0,3967425.0,3931075.0,6616799.0,6835871.0,6404791.0,7133877.0,8167546.0,10342707.0,12145185.0,8029948.0,8475697.0,8352519.0,8194136.0,7641515.0,4419483.0,4776901.0,4303602.0,4384562.0,5621190.0,6006902.0
74.0,12264091.0,12305923.0,11091784.0,11420872.0,11932447.0,12686534.0,6989609.0,6917148.0,6490923.0,7034653.0,7604828.0,10096517.0,6239124.0,4743696.0,4258564.0,4134780.0,4024410.0,3989208.0,6739878.0,6889361.0,6474256.0,7263016.0,8280502.0,10695862.0,12321093.0,8084659.0,8586849.0,8512266.0,8300403.0,7744510.0,4462542.0,4894925.0,4361771.0,4450083.0,5655936.0,6110987.0
74.5,12406247.0,12124778.0,10979760.0,11311623.0,11783703.0,12591387.0,6998339.0,6875272.0,6376399.0,6958707.0,7531778.0,10021926.0,6166180.0,4699993.0,4225056.0,4067215.0,3970009.0,3937441.0,6645602.0,6849755.0,6419494.0,7179532.0,8211051.0,10581433.0,12246651.0,8047932.0,8527654.0,8458282.0,8199351.0,7644676.0,4427695.0,4813693.0,4311205.0,4410169.0,5586145.0,6097892.0
75.0,12292821.0,12247583.0,11045615.0,11424307.0,11914948.0,12692353.0,7103742.0,6936294.0,6414001.0,6986736.0,7600414.0,10131662.0,6232427.0,4719849.0,4260232.0,4109870.0,3999337.0,3936588.0,6686271.0,6863285.0,6442649.0,7226129.0,8242356.0,10549259.0,12364496.0,8083230.0,8531586.0,8519598.0,8248693.0,7684073.0,4435023.0,4843790.0,4359185.0,4435667.0,5645661.0,6100150.0
75.5,12238546.0,11996563.0,10880078.0,11249796.0,11727251.0,12530684.0,7020374.0,6760555.0,6263478.0,6888876.0,7467066.0,9993713.0,6163641.0,4649697.0,4176097.0,4070636.0,3960513.0,3867229.0,6644528.0,6805178.0,6363039.0,7109280.0,8121888.0,10400975.0,12233067.0,7935617.0,8395280.0,8378982.0,8145488.0,7567819.0,4393488.0,4813279.0,4281982.0,4370271.0,5614263.0,5988246.0
76.0,12057448.0,12112084.0,10882090.0,11242315.0,11722052.0,12549762.0,7051962.0,6791543.0,6370016.0,6919727.0,7478620.0,10056282.0,6157946.0,4695354.0,4190048.0,4055880.0,3959366.0,3901589.0,6620740.0,6796096.0,6343884.0,7129336.0,8148741.0,10429301.0,12267703.0,8004483.0,8433039.0,8409730.0,8210893.0,7579804.0,4402338.0,4890829.0,4311068.0,4385777.0,5645757.0,6007334.0
76.5,11724336.0,11965301.0,10814051.0,11118312.0,11607819.0,12447685.0,6992584.0,6768565.0,6326887.0,6825789.0,7424532.0,9955224.0,6091810.0,4631305.0,4171440.0,4006633.0,3924539.0,3861628.0,6555270.0,6741575.0,6292958.0,7113902.0,8096372.0,10002502.0,12161344.0,7914226.0,8370664.0,8350360.0,8080708.0,7502639.0,4356635.0,4878176.0,4274630.0,4341674.0,5558767.0,5951371.0
77.0,11781301.0,12210465.0,10988478.0,11333449.0,11823355.0,12644431.0,7076042.0,6888561.0,6462525.0,6960744.0,7584629.0,10196086.0,6239501.0,4699434.0,4207604.0,4055744.0,3989829.0,3968968.0,6678759.0,6843704.0,6413884.0,7233749.0,8209009.0,10813025.0,12434383.0,8059622.0,8518286.0,8468979.0,8244583.0,7662311.0,4433919.0,4895316.0,4346659.0,4410848.0,5702434.0,6122334.0
77.5,11966543.0,12181839.0,11008728.0,11310984.0,11843080.0,12632799.0,7075229.0,6841461.0,6457204.0,6960326.0,7581259.0,10178890.0,6259229.0,4704818.0,4245628.0,4054689.0,4000452.0,3964388.0,6675446.0,6844697.0,6419523.0,7208986.0,8226242.0,10380224.0,12458470.0,8051884.0,8539855.0,8463923.0,8219286.0,7614258.0,4454714.0,4727862.0,4348090.0,4431746.0,5688181.0,6080819.0
78.0,11844492.0,12375641.0,11189539.0,11513047.0,12007776.0,12848383.0,7172536.0,6935951.0,6516973.0,7067650.0,7675756.0,10348000.0,6348216.0,4777469.0,4288076.0,4124502.0,4054760.0,4000445.0,6788719.0,6974696.0,6513203.0,7351463.0,8316779.0,10000924.0,12730857.0,8192715.0,8651916.0,8577619.0,8354422.0,7708436.0,4524728.0,4855513.0,4432661.0,4508542.0,5847592.0,6148843.0
78.5,11655976.0,12319306.0,11095445.0,11439304.0,11911874.0,12806711.0,7151061.0,6886456.0,6505727.0,7024569.0,7629125.0,10274623.0,6291111.0,4756212.0,4275377.0,4102085.0,4001232.0,3988650.0,6712973.0,6945686.0,6477518.0,7291726.0,8309527.0,9748676.0,12629207.0,8149595.0,8622609.0,8531022.0,8287140.0,7680164.0,4490314.0,4800136.0,4376045.0,4478741.0,5770615.0,6163070.0
79.0,11977378.0,12548733.0,11304970.0,11640503.0,12131676.0,12995198.0,7282842.0,7041117.0,6560614.0,7098302.0,7757757.0,10542339.0,6389769.0,4819824.0,4328976.0,4154367.0,4097956.0,4016236.0,6801847.0,7051404.0,6519981.0,7428574.0,8412256.0,10589644.0,12842561.0,8286225.0,8763962.0,8675061.0,8402974.0,7790477.0,4553985.0,4887739.0,4457328.0,4549018.0,5864341.0,6270468.0
79.5,11671726.0,12342757.0,11133927.0,11497283.0,11960512.0,12829475.0,7190532.0,6938143.0,6500549.0,7064061.0,7690943.0,10359580.0,6325086.0,4767827.0,4261953.0,4138235.0,4037303.0,3957464.0,6760374.0,6948682.0,6460714.0,7308085.0,8337955.0,10512487.0,12733130.0,8158473.0,8591329.0,8580036.0,8307283.0,7704998.0,4460772.0,4916273.0,4430493.0,4465498.0,5788527.0,6231282.0
80.0,11929228.0,12487554.0,11225842.0,11638825.0,12144402.0,12954540.0,7239083.0,7044214.0,6622631.0,7109001.0,7723425.0,10505186.0,6436183.0,4802154.0,4281142.0,4172992.0,4083446.0,4004122.0,6812677.0,6973696.0,6547337.0,7382395.0,8367911.0,10480099.0,12916436.0,8230626.0,8663380.0,8643666.0,8410713.0,7746183.0,4546457.0,4890802.0,4442557.0,4521662.0,5849795.0,6302684.0
80.5,11242836.0,12228944.0,11063607.0,11406277.0,11911419.0,12741210.0,7085658.0,6882601.0,6480752.0,6987033.0,7604509.0,10373627.0,6279107.0,4732193.0,4235189.0,4096647.0,3996354.0,3962943.0,6684445.0,6849466.0,6392035.0,7263527.0,8244996.0,10601524.0,12729097.0,8109865.0,8575590.0,8539803.0,8285657.0,7582238.0,4456626.0,4879010.0,4378042.0,4466216.0,5774198.0,6234987.0
81.0,11290788.0,12363116.0,11152785.0,11470476.0,12014110.0,12835489.0,7170762.0,6927477.0,6528858.0,7096966.0,7690515.0,10425869.0,6331775.0,4781564.0,4276809.0,4124347.0,4054495.0,4005438.0,6730847.0,6887531.0,6458162.0,7318976.0,8327631.0,9617651.0,12819546.0,8123092.0,8671106.0,8594779.0,8305923.0,7667997.0,4484519.0,4837991.0,4380292.0,4475109.0,5809750.0,6302454.0
81.5,10958974.0,12175904.0,10932989.0,11308050.0,11780525.0,12615381.0,7072584.0,6837318.0,6395684.0,6964013.0,7588376.0,10313798.0,6226453.0,4694106.0,4220063.0,4059851.0,4005019.0,3946065.0,6626658.0,6763347.0,6347487.0,7232753.0,8215156.0,10040803.0,12639111.0,8005264.0,8497262.0,8451849.0,8186731.0,7515906.0,4440304.0,4804256.0,4333337.0,4439082.0,5701967.0,6172701.0
82.0,11183000.0,12425062.0,11135049.0,11565280.0,12022377.0,12852194.0,7207652.0,6935123.0,6513753.0,7085634.0,7724244.0,10493362.0,6382958.0,4763568.0,4291092.0,4123087.0,4069960.0,4020227.0,6762386.0,6891890.0,6504863.0,7335986.0,8328916.0,10714575.0,12938158.0,8160809.0,8644697.0,8598333.0,8351708.0,7631920.0,4500636.0,4956254.0,4440773.0,4511875.0,5827495.0,6279105.0
82.5,10897680.0,12426656.0,11152428.0,11540365.0,12009236.0,12882474.0,7181768.0,6944509.0,6519366.0,7095980.0,7711727.0,10544479.0,6386110.0,4794813.0,4295271.0,4141092.0,4059910.0,4014449.0,6746563.0,6828895.0,6470440.0,7355627.0,8351989.0,10533638.0,12907935.0,8126470.0,8640606.0,8611325.0,8341763.0,7659476.0,4515176.0,4990617.0,4430733.0,4521129.0,5832940.0,6343247.0
83.0,11049509.0,12573542.0,11264865.0,11659392.0,12100198.0,13029502.0,7291174.0,6990810.0,6624112.0,7138535.0,7802616.0,10629798.0,6454458.0,4853426.0,4347995.0,4172221.0,4109686.0,4055378.0,6799092.0,6840251.0,6538538.0,7421974.0,8408038.0,10614675.0,13075818.0,8218507.0,8740300.0,8668663.0,8455532.0,7725626.0,4550567.0,5040828.0,4475289.0,4558846.0,5879068.0,6372658.0
83.5,10797299.0,12438445.0,11165634.0,11532651.0,11982585.0,12937253.0,7161353.0,6938350.0,6491645.0,7084469.0,7751181.0,10574466.0,6395039.0,4769718.0,4296213.0,4163457.0,4074673.0,3982458.0,6774494.0,6749102.0,6476413.0,7373804.0,8344470.0,10800410.0,13014082.0,8161420.0,8650910.0,8575527.0,8354404.0,7654306.0,4528934.0,5034269.0,4410271.0,4555460.0,5857502.0,6336440.0
84.0,10799143.0,12594312.0,11275213.0,11661259.0,12154744.0,13003200.0,7213759.0,7036220.0,6612449.0,7176184.0,7830982.0,10701466.0,6509417.0,4827507.0,4345016.0,4195423.0,4132096.0,4076469.0,6841970.0,6831735.0,6551127.0,7425528.0,8470984.0,11042951.0,13205891.0,8225602.0,8730219.0,8725954.0,8457953.0,7528944.0,4563843.0,5133294.0,4510450.0,4597628.0,5931333.0,6441953.0
84.5,10486086.0,12443318.0,11145306.0,11557674.0,11976684.0,12925802.0,7207144.0,6950888.0,6554637.0,7121151.0,7723632.0,10630842.0,6428194.0,4776671.0,4290801.0,4146715.0,4083984.0,4036159.0,6758528.0,6767652.0,6458241.0,7377001.0,8339522.0,10911436.0,13070225.0,8124425.0,8617412.0,8595492.0,8334481.0,7485190.0,4514330.0,5110234.0,4462317.0,4556437.0,5840713.0,6376511.0
85.0,10260605.0,12571375.0,11236011.0,11628472.0,12102993.0,13081680.0,7212131.0,7017995.0,6573253.0,7132322.0,7839426.0,10753203.0,6435437.0,4817145.0,4305308.0,4195513.0,4113589.0,4052258.0,6790278.0,6770383.0,6529139.0,7424675.0,8439191.0,11044765.0,13241376.0,8186578.0,8710983.0,8693906.0,8390136.0,7504890.0,4563576.0,5152384.0,4497146.0,4581409.0,5876043.0,6443539.0
85.5,9908139.0,12418030.0,11086839.0,11471792.0,11821861.0,12838700.0,7100073.0,6867652.0,6532126.0,7039374.0,7712306.0,10602985.0,6369544.0,4746203.0,4254376.0,4128910.0,4077983.0,4015858.0,6714105.0,6699536.0,6399490.0,7324180.0,8339845.0,10142105.0,13003306.0,8098005.0,8592325.0,8546185.0,8337468.0,7414011.0,4466618.0,5079799.0,4403667.0,4533977.0,5842471.0,6346502.0
86.0,9900990.0,12488787.0,11138768.0,11527913.0,11936974.0,12875857.0,7167583.0,6952501.0,6495194.0,7077423.0,7726275.0,10680747.0,6413856.0,4762171.0,4289823.0,4143504.0,4096856.0,4030195.0,6733835.0,6757086.0,6465354.0,7373517.0,8416143.0,10475582.0,13127094.0,8129125.0,8601138.0,8617505.0,8323434.0,7414040.0,4501913.0,5110445.0,4446904.0,4570186.0,5840473.0,6388347.0
86.5,9790011.0,12342352.0,11051896.0,11368253.0,11833123.0,12789961.0,7090647.0,6896905.0,6420652.0,7017644.0,7694319.0,10624499.0,6362267.0,4746274.0,4234700.0,4107338.0,4052063.0,4001372.0,6682497.0,6669839.0,6397530.0,7322995.0,8265300.0,10652213.0,13060698.0,8054771.0,8561082.0,8538906.0,8266135.0,7276131.0,4464428.0,5061765.0,4405914.0,4529476.0,5791298.0,6346071.0
87.0,9597421.0,12537967.0,11141316.0,11509600.0,11970564.0,12996660.0,7133911.0,6964023.0,6476497.0,7117883.0,7766174.0,10725347.0,6414090.0,4773805.0,4268998.0,4190068.0,4096761.0,4014997.0,6746613.0,6733907.0,6445368.0,7401251.0,8372685.0,11089224.0,13166960.0,8111479.0,8596793.0,8592956.0,8296148.0,7370688.0,4511795.0,5094456.0,4465634.0,4563973.0,5871337.0,6406986.0
87.5,9264988.0,12592883.0,11138856.0,11509312.0,11927218.0,12974680.0,7163417.0,6934972.0,6495321.0,7118388.0,7752495.0,10770819.0,6416363.0,4811264.0,4293258.0,4155594.0,4099365.0,4035098.0,6765993.0,6760433.0,6448499.0,7391998.0,8380574.0,11084413.0,13270423.0,8127893.0,8601011.0,8676446.0,8299362.0,7380544.0,4514327.0,5111582.0,4444771.0,4584210.0,5886165.0,6409527.0
88.0,9062301.0,12853257.0,11367634.0,11766121.0,12188114.0,13202998.0,7292136.0,7073569.0,6618604.0,7235594.0,7937167.0,11014394.0,6574658.0,4911635.0,4350125.0,4217537.0,4152345.0,4098139.0,6872941.0,6845636.0,6576428.0,7572316.0,8487485.0,11222330.0,13559309.0,8317098.0,8823463.0,8788598.0,8476209.0,7404508.0,4565550.0,5181472.0,4541119.0,4656040.0,6001593.0,6555962.0
88.5,8781383.0,12592622.0,11070886.0,11475801.0,11911599.0,12901403.0,7112519.0,6940038.0,6533204.0,7096971.0,7741542.0,10796641.0,6437056.0,4803942.0,4298881.0,4150866.0,4103241.0,4022650.0,6677492.0,6717954.0,6457180.0,7447045.0,8352507.0,11013181.0,13356921.0,8161025.0,8627370.0,8601909.0,8303486.0,7358269.0,4492305.0,4982431.0,4459065.0,4588223.0,5882122.0,6448690.0
89.0,8527802.0,12849814.0,11276486.0,11687982.0,12172684.0,13201580.0,7255167.0,7101518.0,6616284.0,7243856.0,7947386.0,11062876.0,6626694.0,4887474.0,4371210.0,4238952.0,4199358.0,4118960.0,6838252.0,6872266.0,6605175.0,7551328.0,8537450.0,11217293.0,13683561.0,8312001.0,8770528.0,8815094.0,8503814.0,7594130.0,4579160.0,5203897.0,4550860.0,4667903.0,5982582.0,6601050.0
89.5,7773513.0,12666807.0,11119702.0,11480257.0,11982816.0,12974283.0,7133888.0,6950799.0,6500370.0,7115772.0,7777232.0,10880992.0,6471104.0,4796352.0,4290098.0,4157676.0,4093301.0,4050250.0,6693301.0,6761206.0,6473747.0,7478358.0,8347051.0,10549321.0,13430015.0,8143334.0,8644972.0,8638414.0,8326172.0,7474384.0,4497776.0,5134184.0,4472723.0,4585288.0,5894152.0,6487419.0
90.0,7316553.0,12720346.0,11186363.0,11589568.0,12032552.0,13096224.0,7205189.0,7031075.0,6527130.0,7203327.0,7900635.0,11025306.0,6571031.0,4826589.0,4329712.0,4157192.0,4131365.0,4079530.0,6789271.0,6793063.0,6534795.0,7488190.0,8424335.0,10584980.0,13615322.0,8179362.0,8746361.0,8734608.0,8418738.0,7515022.0,4517861.0,5179921.0,4495686.0,4630482.0,5995416.0,6521553.0
90.5,6771370.0,12559452.0,11022406.0,11408539.0,11868138.0,12901275.0,7062973.0,6977171.0,6448545.0,7081159.0,7768889.0,10788330.0,6411140.0,4755069.0,4265170.0,4122033.0,4070119.0,4013264.0,6658388.0,6680121.0,6396030.0,7347160.0,8342680.0,10359748.0,13385383.0,8044218.0,8572768.0,8565858.0,8253513.0,7394496.0,4451197.0,5034661.0,4406176.0,4574131.0,5873688.0,6427227.0
91.0,6495381.0,12720130.0,11107292.0,11509901.0,11953967.0,12996984.0,7132690.0,7013818.0,6485778.0,7147638.0,7844222.0,10905725.0,6477078.0,4814881.0,4270656.0,4138166.0,4075868.0,4041318.0,6693529.0,6737096.0,6478772.0,7406359.0,8348141.0,10829234.0,13494834.0,8118915.0,8594883.0,8619369.0,8308168.0,7461833.0,4462295.0,5035433.0,4472642.0,4614564.0,5970643.0,6437545.0
91.5,6144867.0,12572640.0,10927007.0,11366985.0,11746474.0,12828798.0,7027182.0,6904803.0,6400669.0,7045958.0,7733688.0,10766143.0,6431685.0,4727101.0,4198699.0,4092509.0,4007864.0,3958747.0,6588214.0,6640516.0,6381757.0,7270821.0,8168543.0,9791957.0,13398111.0,7989989.0,8463412.0,8578376.0,8196610.0,7325986.0,4412067.0,4942009.0,4393378.0,4527075.0,5804742.0,6335465.0
92.0,5987662.0,12865667.0,11152401.0,11555810.0,12043474.0,13106904.0,7112599.0,7033929.0,6503661.0,7167715.0,7892345.0,11052490.0,6480126.0,4809543.0,4283610.0,4172031.0,4071950.0,4019911.0,6678560.0,6754005.0,6459321.0,7456495.0,8342266.0,10035288.0,13616516.0,8111771.0,8628495.0,8718008.0,8341164.0,7442947.0,4469028.0,5154236.0,4475809.0,4616197.0,5937076.0,6469350.0
92.5,5887013.0,12863238.0,11217043.0,11595013.0,11981886.0,13108384.0,7154131.0,7044882.0,6522792.0,7194581.0,7931220.0,11073761.0,6506029.0,4805539.0,4289588.0,4148908.0,4072154.0,4035886.0,6702236.0,6767571.0,6515667.0,7398248.0,8393565.0,10649659.0,13653329.0,8127777.0,8672600.0,8760925.0,8353278.0,7480961.0,4497859.0,5122230.0,4486369.0,4624201.0,5956640.0,6459725.0
93.0,5993116.0,13064131.0,11330659.0,11744059.0,12135861.0,13256846.0,7223014.0,7139481.0,6603208.0,7260749.0,8032743.0,11256725.0,6650323.0,4845316.0,4315322.0,4197507.0,4122377.0,4068234.0,6746803.0,6865681.0,6543783.0,7491030.0,8452922.0,9338999.0,13882838.0,8202755.0,8739154.0,8785136.0,8410546.0,7544004.0,4532743.0,5047469.0,4545360.0,4693283.0,6009321.0,6573449.0
93.5,5895723.0,12924932.0,11239147.0,11605338.0,11961342.0,13152668.0,7153622.0,7073265.0,6571288.0,7232890.0,7968907.0,11133907.0,6523310.0,4784195.0,4258894.0,4151666.0,4070985.0,4019905.0,6664914.0,6715569.0,6500101.0,7429389.0,8386037.0,9964249.0,13868593.0,8143988.0,8660045.0,8635724.0,8344372.0,7429482.0,4461799.0,5118877.0,4520610.0,4610995.0,5977901.0,6457826.0
94.0,6092506.0,13161724.0,11400096.0,11821636.0,12205673.0,13341535.0,7257002.0,7140884.0,6635412.0,7349236.0,8058987.0,11313556.0,6643218.0,4854862.0,4345247.0,4231244.0,4103226.0,4065708.0,6760486.0,6820161.0,6567324.0,7524483.0,8464157.0,10452849.0,14034154.0,8243753.0,8810479.0,8773395.0,8487702.0,7551300.0,4536311.0,5070197.0,4569998.0,4713435.0,6063170.0,6573708.0
94.5,5988628.0,13087397.0,11310782.0,11703177.0,12117001.0,13243685.0,7210407.0,7111726.0,6579517.0,7285000.0,8023345.0,11265030.0,6583734.0,4814775.0,4310375.0,4156953.0,4073015.0,4030569.0,6676834.0,6747608.0,6526085.0,7507869.0,8409768.0,10218015.0,13970592.0,8190644.0,8715749.0,8724047.0,8375613.0,7553766.0,4511928.0,5009735.0,4543076.0,4689323.0,6010337.0,6518105.0
95.0,5907829.0,13098569.0,11370896.0,11774447.0,12118699.0,13323979.0,7200122.0,7171683.0,6612362.0,7322396.0,8057504.0,11209149.0,6577448.0,4838808.0,4306509.0,4179948.0,4103074.0,4048972.0,6704237.0,6757568.0,6496554.0,7471916.0,8405932.0,10437850.0,13981250.0,8194850.0,8757861.0,8741799.0,8432824.0,7433212.0,4515482.0,5068525.0,4562102.0,4683347.0,6039685.0,6517377.0
