,A1,A2,A3,A4,A5,A6,A7,A8,A9,A10,A11,A12,B1,B2,B3,B4,B5,B6,B7,B8,B9,B10,B11,B12,C1,C2,C3,C4,C5,C6,C7,C8,C9,C10,C11,C12,D1,E1
0.0,0.208,0.209,0.206,0.217,0.21,0.239,0.201,0.196,0.201,0.204,0.211,0.217,0.214,0.209,0.212,0.21,0.21,0.215,0.21,0.213,0.207,0.209,0.21,0.211,0.203,0.204,0.201,0.197,0.204,0.201,0.196,0.199,0.2,0.193,0.193,0.195,0.085,0.085
0.5,0.209,0.204,0.204,0.211,0.209,0.247,0.201,0.198,0.199,0.199,0.216,0.217,0.216,0.207,0.208,0.206,0.209,0.21,0.199,0.201,0.201,0.206,0.213,0.211,0.201,0.201,0.199,0.202,0.202,0.201,0.191,0.199,0.199,0.199,0.191,0.193,0.083,0.084
1.0,0.204,0.203,0.202,0.212,0.208,0.275,0.196,0.193,0.198,0.196,0.202,0.209,0.21,0.202,0.205,0.2,0.203,0.199,0.197,0.197,0.198,0.2,0.203,0.207,0.196,0.198,0.192,0.196,0.2,0.202,0.188,0.193,0.188,0.198,0.192,0.188,0.084,0.085
1.5,0.204,0.202,0.202,0.21,0.205,0.267,0.187,0.184,0.184,0.184,0.197,0.208,0.205,0.196,0.2,0.197,0.201,0.198,0.19,0.192,0.194,0.194,0.189,0.208,0.197,0.194,0.19,0.193,0.195,0.193,0.178,0.189,0.182,0.186,0.18,0.175,0.084,0.083
2.0,0.205,0.203,0.2,0.212,0.202,0.271,0.189,0.185,0.186,0.187,0.2,0.211,0.206,0.196,0.2,0.196,0.198,0.196,0.187,0.189,0.192,0.194,0.192,0.216,0.191,0.189,0.19,0.192,0.191,0.191,0.176,0.184,0.182,0.184,0.173,0.174,0.085,0.084
2.5,0.212,0.21,0.208,0.218,0.211,0.284,0.197,0.193,0.195,0.194,0.207,0.22,0.211,0.202,0.207,0.203,0.205,0.204,0.193,0.195,0.198,0.205,0.205,0.227,0.194,0.19,0.188,0.186,0.188,0.188,0.173,0.189,0.178,0.185,0.178,0.179,0.084,0.084
3.0,0.226,0.216,0.215,0.228,0.22,0.294,0.208,0.203,0.207,0.205,0.219,0.229,0.219,0.203,0.21,0.208,0.214,0.209,0.198,0.2,0.203,0.215,0.222,0.242,0.201,0.196,0.191,0.189,0.191,0.192,0.177,0.192,0.181,0.189,0.19,0.19,0.084,0.084
3.5,0.242,0.231,0.229,0.241,0.233,0.307,0.22,0.213,0.219,0.22,0.233,0.24,0.229,0.215,0.215,0.215,0.219,0.219,0.206,0.208,0.21,0.22,0.236,0.256,0.213,0.206,0.196,0.199,0.2,0.203,0.19,0.197,0.187,0.197,0.196,0.202,0.084,0.083
4.0,0.261,0.246,0.246,0.257,0.253,0.323,0.232,0.225,0.228,0.233,0.248,0.256,0.244,0.229,0.232,0.227,0.232,0.229,0.218,0.218,0.22,0.229,0.243,0.272,0.225,0.223,0.21,0.211,0.213,0.215,0.202,0.207,0.199,0.211,0.211,0.214,0.084,0.083
4.5,0.279,0.264,0.259,0.273,0.266,0.341,0.245,0.24,0.243,0.245,0.262,0.27,0.258,0.241,0.246,0.242,0.243,0.241,0.23,0.231,0.232,0.24,0.255,0.285,0.24,0.241,0.227,0.225,0.225,0.232,0.215,0.218,0.211,0.219,0.218,0.226,0.083,0.084
5.0,0.299,0.284,0.277,0.29,0.292,0.358,0.262,0.259,0.259,0.261,0.278,0.286,0.28,0.262,0.262,0.258,0.258,0.259,0.248,0.247,0.249,0.257,0.274,0.303,0.257,0.262,0.245,0.245,0.245,0.253,0.23,0.234,0.228,0.235,0.229,0.239,0.083,0.083
5.5,0.322,0.306,0.298,0.313,0.313,0.383,0.28,0.28,0.278,0.278,0.296,0.307,0.302,0.283,0.286,0.278,0.276,0.276,0.268,0.267,0.268,0.279,0.292,0.326,0.276,0.284,0.264,0.263,0.268,0.276,0.247,0.257,0.248,0.255,0.246,0.255,0.084,0.083
6.0,0.347,0.33,0.317,0.336,0.337,0.415,0.3,0.302,0.3,0.3,0.317,0.329,0.322,0.302,0.312,0.304,0.301,0.3,0.295,0.292,0.291,0.301,0.321,0.354,0.299,0.311,0.287,0.285,0.294,0.304,0.267,0.283,0.273,0.276,0.268,0.272,0.084,0.084
6.5,0.377,0.363,0.35,0.377,0.376,0.464,0.326,0.332,0.327,0.328,0.343,0.355,0.348,0.329,0.341,0.334,0.333,0.331,0.324,0.321,0.324,0.333,0.354,0.39,0.32,0.339,0.314,0.31,0.324,0.332,0.291,0.314,0.302,0.306,0.297,0.297,0.084,0.085
7.0,0.419,0.403,0.387,0.419,0.427,0.517,0.358,0.363,0.355,0.361,0.374,0.385,0.379,0.366,0.374,0.373,0.371,0.367,0.364,0.369,0.374,0.368,0.389,0.436,0.348,0.371,0.342,0.338,0.356,0.361,0.318,0.352,0.336,0.337,0.322,0.323,0.084,0.084
7.5,0.48,0.477,0.447,0.486,0.503,0.588,0.401,0.417,0.399,0.406,0.411,0.429,0.427,0.411,0.409,0.408,0.41,0.403,0.403,0.404,0.406,0.407,0.438,0.491,0.394,0.41,0.377,0.373,0.397,0.404,0.356,0.394,0.375,0.374,0.363,0.363,0.084,0.083
8.0,0.552,0.563,0.544,0.566,0.575,0.675,0.465,0.477,0.454,0.469,0.48,0.489,0.487,0.457,0.463,0.46,0.46,0.454,0.458,0.466,0.459,0.458,0.5,0.552,0.449,0.464,0.429,0.426,0.447,0.461,0.408,0.446,0.421,0.422,0.414,0.416,0.084,0.083
8.5,0.649,0.635,0.61,0.644,0.644,0.754,0.551,0.559,0.545,0.546,0.554,0.568,0.565,0.519,0.533,0.526,0.524,0.519,0.53,0.541,0.53,0.53,0.578,0.627,0.525,0.534,0.499,0.494,0.522,0.53,0.491,0.517,0.496,0.49,0.484,0.482,0.083,0.084
9.0,0.726,0.707,0.676,0.706,0.705,0.812,0.621,0.625,0.608,0.615,0.618,0.644,0.637,0.598,0.612,0.606,0.603,0.599,0.613,0.622,0.608,0.614,0.643,0.684,0.606,0.616,0.58,0.577,0.604,0.611,0.574,0.602,0.583,0.585,0.569,0.552,0.083,0.082
9.5,0.754,0.753,0.727,0.759,0.756,0.868,0.69,0.695,0.68,0.675,0.676,0.718,0.701,0.655,0.675,0.665,0.668,0.659,0.656,0.673,0.661,0.674,0.697,0.741,0.68,0.681,0.651,0.645,0.663,0.678,0.634,0.665,0.641,0.648,0.627,0.613,0.084,0.083
10.0,0.74,0.758,0.734,0.77,0.764,0.879,0.721,0.729,0.709,0.73,0.729,0.766,0.74,0.7,0.72,0.72,0.723,0.71,0.702,0.716,0.71,0.727,0.757,0.783,0.728,0.725,0.702,0.699,0.708,0.718,0.678,0.701,0.685,0.685,0.672,0.67,0.083,0.083
10.5,0.727,0.774,0.733,0.765,0.761,0.873,0.716,0.724,0.702,0.74,0.745,0.76,0.737,0.738,0.747,0.741,0.745,0.738,0.723,0.723,0.73,0.755,0.773,0.796,0.724,0.748,0.725,0.724,0.734,0.734,0.7,0.734,0.719,0.721,0.707,0.701,0.084,0.084
11.0,0.728,0.772,0.735,0.765,0.743,0.861,0.703,0.711,0.69,0.732,0.737,0.733,0.73,0.742,0.745,0.738,0.735,0.734,0.721,0.725,0.726,0.762,0.778,0.777,0.716,0.752,0.725,0.727,0.734,0.728,0.697,0.738,0.727,0.734,0.724,0.707,0.085,0.085
11.5,0.73,0.754,0.723,0.746,0.732,0.834,0.696,0.698,0.683,0.71,0.719,0.73,0.725,0.754,0.752,0.743,0.737,0.736,0.725,0.733,0.727,0.766,0.767,0.748,0.71,0.76,0.736,0.73,0.738,0.73,0.693,0.74,0.731,0.745,0.741,0.69,0.084,0.083
12.0,0.736,0.751,0.721,0.742,0.734,0.821,0.698,0.697,0.681,0.703,0.717,0.738,0.725,0.764,0.748,0.731,0.721,0.723,0.729,0.728,0.72,0.768,0.749,0.747,0.712,0.75,0.732,0.722,0.733,0.721,0.671,0.741,0.738,0.729,0.752,0.675,0.084,0.084
12.5,0.741,0.758,0.725,0.749,0.741,0.823,0.703,0.7,0.686,0.705,0.721,0.751,0.73,0.758,0.745,0.719,0.714,0.715,0.728,0.717,0.717,0.755,0.733,0.757,0.716,0.743,0.719,0.694,0.723,0.689,0.662,0.738,0.707,0.701,0.744,0.675,0.084,0.085
13.0,0.744,0.763,0.731,0.752,0.747,0.828,0.706,0.703,0.687,0.71,0.726,0.762,0.731,0.743,0.732,0.708,0.703,0.705,0.727,0.722,0.706,0.74,0.731,0.768,0.719,0.731,0.697,0.685,0.704,0.682,0.66,0.74,0.692,0.691,0.743,0.685,0.084,0.084
13.5,0.746,0.77,0.737,0.757,0.751,0.836,0.711,0.709,0.691,0.716,0.733,0.771,0.735,0.727,0.723,0.702,0.702,0.7,0.704,0.711,0.696,0.725,0.74,0.781,0.723,0.717,0.698,0.689,0.699,0.685,0.665,0.716,0.682,0.691,0.732,0.693,0.084,0.083
14.0,0.75,0.776,0.742,0.761,0.753,0.842,0.715,0.71,0.694,0.721,0.739,0.778,0.736,0.728,0.721,0.703,0.708,0.705,0.696,0.706,0.696,0.721,0.749,0.793,0.723,0.707,0.702,0.695,0.701,0.694,0.672,0.704,0.683,0.7,0.724,0.701,0.084,0.084
14.5,0.75,0.777,0.746,0.764,0.751,0.845,0.718,0.712,0.694,0.724,0.742,0.782,0.737,0.738,0.728,0.71,0.716,0.711,0.695,0.706,0.703,0.721,0.757,0.802,0.723,0.709,0.715,0.704,0.709,0.699,0.676,0.705,0.688,0.709,0.723,0.704,0.084,0.084
15.0,0.754,0.778,0.747,0.764,0.75,0.849,0.72,0.714,0.696,0.726,0.746,0.789,0.736,0.747,0.734,0.712,0.72,0.715,0.703,0.713,0.707,0.727,0.767,0.805,0.725,0.718,0.723,0.71,0.714,0.701,0.677,0.715,0.692,0.714,0.729,0.705,0.083,0.083
15.5,0.756,0.777,0.749,0.764,0.749,0.851,0.721,0.714,0.696,0.727,0.747,0.792,0.735,0.756,0.737,0.713,0.72,0.715,0.71,0.718,0.709,0.736,0.771,0.809,0.725,0.723,0.725,0.711,0.718,0.7,0.675,0.723,0.695,0.718,0.741,0.706,0.083,0.083
16.0,0.759,0.777,0.748,0.764,0.749,0.851,0.723,0.715,0.697,0.731,0.75,0.797,0.736,0.757,0.739,0.712,0.718,0.714,0.713,0.717,0.71,0.744,0.773,0.814,0.723,0.724,0.724,0.711,0.717,0.696,0.673,0.725,0.697,0.722,0.754,0.706,0.084,0.083
16.5,0.761,0.774,0.748,0.763,0.746,0.852,0.723,0.712,0.696,0.73,0.752,0.799,0.734,0.755,0.736,0.71,0.714,0.71,0.71,0.714,0.705,0.746,0.772,0.815,0.723,0.721,0.72,0.707,0.712,0.692,0.67,0.722,0.694,0.72,0.76,0.706,0.084,0.083
17.0,0.763,0.774,0.748,0.763,0.745,0.855,0.724,0.714,0.697,0.732,0.753,0.802,0.736,0.753,0.734,0.707,0.711,0.704,0.708,0.712,0.702,0.746,0.772,0.814,0.722,0.719,0.716,0.705,0.709,0.687,0.668,0.721,0.693,0.717,0.76,0.707,0.084,0.083
17.5,0.766,0.772,0.746,0.761,0.746,0.855,0.725,0.714,0.697,0.731,0.755,0.804,0.736,0.748,0.729,0.703,0.706,0.703,0.703,0.707,0.697,0.744,0.769,0.814,0.721,0.715,0.711,0.698,0.703,0.682,0.664,0.716,0.689,0.713,0.757,0.705,0.083,0.084
18.0,0.767,0.771,0.746,0.761,0.745,0.855,0.726,0.714,0.697,0.731,0.756,0.807,0.736,0.743,0.726,0.698,0.702,0.701,0.7,0.703,0.693,0.741,0.766,0.814,0.72,0.71,0.706,0.695,0.698,0.677,0.66,0.713,0.687,0.71,0.755,0.705,0.084,0.085
18.5,0.768,0.767,0.742,0.758,0.743,0.853,0.725,0.713,0.695,0.73,0.755,0.808,0.735,0.738,0.721,0.693,0.698,0.697,0.695,0.699,0.69,0.736,0.764,0.814,0.719,0.705,0.702,0.69,0.693,0.672,0.658,0.708,0.682,0.705,0.751,0.705,0.083,0.084
19.0,0.769,0.766,0.741,0.757,0.742,0.852,0.725,0.712,0.695,0.73,0.755,0.809,0.736,0.733,0.717,0.69,0.694,0.692,0.69,0.695,0.685,0.731,0.761,0.812,0.719,0.7,0.699,0.687,0.688,0.668,0.654,0.704,0.679,0.703,0.746,0.704,0.084,0.083
19.5,0.771,0.766,0.739,0.757,0.742,0.851,0.726,0.714,0.694,0.73,0.756,0.811,0.737,0.729,0.713,0.685,0.691,0.69,0.687,0.691,0.681,0.731,0.76,0.811,0.719,0.696,0.696,0.683,0.685,0.665,0.652,0.702,0.676,0.7,0.744,0.704,0.084,0.083
20.0,0.772,0.762,0.736,0.757,0.74,0.849,0.722,0.712,0.693,0.728,0.757,0.811,0.737,0.724,0.708,0.682,0.687,0.685,0.684,0.688,0.679,0.727,0.755,0.811,0.718,0.69,0.691,0.679,0.682,0.66,0.65,0.7,0.672,0.697,0.741,0.705,0.082,0.082
20.5,0.774,0.76,0.734,0.756,0.739,0.848,0.722,0.712,0.692,0.729,0.755,0.815,0.737,0.723,0.705,0.681,0.684,0.683,0.681,0.684,0.676,0.724,0.753,0.811,0.719,0.688,0.689,0.677,0.677,0.659,0.649,0.698,0.671,0.696,0.74,0.705,0.084,0.084
21.0,0.775,0.759,0.732,0.753,0.738,0.847,0.722,0.711,0.692,0.727,0.754,0.816,0.737,0.72,0.701,0.678,0.682,0.679,0.679,0.682,0.673,0.721,0.749,0.812,0.719,0.685,0.686,0.675,0.674,0.656,0.647,0.697,0.668,0.693,0.739,0.703,0.084,0.084
21.5,0.778,0.757,0.731,0.753,0.738,0.846,0.723,0.712,0.691,0.726,0.754,0.817,0.739,0.718,0.698,0.675,0.68,0.678,0.677,0.68,0.671,0.719,0.748,0.808,0.719,0.682,0.684,0.674,0.672,0.654,0.646,0.695,0.667,0.692,0.736,0.704,0.085,0.085
22.0,0.778,0.755,0.726,0.752,0.738,0.845,0.722,0.709,0.69,0.724,0.754,0.816,0.74,0.713,0.695,0.671,0.677,0.674,0.673,0.676,0.666,0.714,0.744,0.805,0.719,0.677,0.681,0.671,0.67,0.65,0.643,0.692,0.664,0.688,0.734,0.703,0.084,0.083
22.5,0.78,0.754,0.725,0.752,0.737,0.844,0.722,0.711,0.69,0.725,0.753,0.819,0.741,0.71,0.693,0.67,0.675,0.672,0.67,0.674,0.664,0.711,0.742,0.806,0.719,0.675,0.678,0.669,0.667,0.648,0.643,0.691,0.663,0.685,0.732,0.702,0.085,0.084
23.0,0.781,0.752,0.724,0.75,0.736,0.843,0.721,0.709,0.689,0.723,0.752,0.817,0.741,0.707,0.69,0.667,0.673,0.668,0.667,0.67,0.661,0.709,0.738,0.803,0.72,0.673,0.678,0.666,0.664,0.646,0.641,0.689,0.66,0.684,0.73,0.703,0.084,0.084
23.5,0.78,0.751,0.72,0.748,0.736,0.84,0.72,0.709,0.687,0.721,0.751,0.817,0.743,0.704,0.688,0.662,0.67,0.666,0.663,0.667,0.657,0.704,0.735,0.799,0.719,0.669,0.674,0.664,0.661,0.642,0.639,0.687,0.658,0.681,0.728,0.699,0.083,0.082
24.0,0.783,0.75,0.721,0.749,0.737,0.84,0.722,0.71,0.687,0.721,0.753,0.819,0.743,0.703,0.684,0.662,0.668,0.664,0.661,0.666,0.656,0.703,0.733,0.799,0.721,0.668,0.673,0.662,0.659,0.641,0.639,0.685,0.655,0.68,0.725,0.7,0.084,0.083
24.5,0.785,0.749,0.721,0.75,0.736,0.841,0.722,0.712,0.688,0.723,0.753,0.823,0.745,0.702,0.683,0.661,0.669,0.664,0.659,0.664,0.654,0.699,0.731,0.803,0.722,0.665,0.671,0.66,0.657,0.639,0.638,0.685,0.654,0.678,0.724,0.701,0.084,0.083
25.0,0.783,0.75,0.719,0.749,0.734,0.839,0.722,0.711,0.688,0.722,0.752,0.823,0.745,0.7,0.681,0.66,0.665,0.662,0.657,0.662,0.652,0.698,0.728,0.802,0.722,0.663,0.669,0.658,0.655,0.637,0.635,0.685,0.651,0.677,0.722,0.7,0.083,0.083
25.5,0.787,0.75,0.718,0.749,0.737,0.84,0.724,0.711,0.689,0.723,0.754,0.826,0.746,0.698,0.68,0.659,0.665,0.661,0.656,0.661,0.651,0.698,0.727,0.801,0.723,0.662,0.668,0.656,0.653,0.636,0.636,0.684,0.652,0.675,0.72,0.702,0.083,0.084
26.0,0.787,0.749,0.718,0.749,0.736,0.839,0.723,0.711,0.688,0.723,0.753,0.825,0.747,0.696,0.679,0.657,0.664,0.659,0.653,0.658,0.649,0.694,0.724,0.803,0.723,0.659,0.667,0.657,0.651,0.636,0.635,0.681,0.65,0.673,0.719,0.701,0.083,0.083
26.5,0.786,0.748,0.718,0.75,0.735,0.838,0.724,0.712,0.687,0.721,0.754,0.829,0.747,0.696,0.677,0.656,0.663,0.658,0.652,0.658,0.647,0.693,0.725,0.803,0.723,0.658,0.665,0.654,0.65,0.633,0.633,0.68,0.648,0.672,0.717,0.701,0.084,0.084
27.0,0.788,0.75,0.717,0.747,0.735,0.839,0.724,0.713,0.688,0.722,0.753,0.828,0.749,0.697,0.677,0.655,0.661,0.657,0.652,0.655,0.646,0.692,0.723,0.801,0.725,0.658,0.663,0.653,0.647,0.631,0.632,0.678,0.646,0.671,0.716,0.702,0.084,0.083
27.5,0.792,0.751,0.718,0.75,0.738,0.84,0.726,0.714,0.688,0.724,0.755,0.831,0.75,0.695,0.676,0.654,0.661,0.657,0.651,0.655,0.645,0.69,0.721,0.802,0.726,0.656,0.663,0.653,0.648,0.631,0.632,0.678,0.645,0.669,0.716,0.702,0.084,0.084
28.0,0.792,0.751,0.718,0.751,0.738,0.84,0.727,0.714,0.688,0.723,0.756,0.833,0.751,0.696,0.676,0.653,0.66,0.655,0.65,0.653,0.644,0.69,0.72,0.804,0.729,0.655,0.663,0.652,0.647,0.629,0.631,0.678,0.643,0.668,0.713,0.702,0.084,0.083
28.5,0.794,0.751,0.718,0.75,0.737,0.84,0.726,0.714,0.688,0.724,0.756,0.834,0.753,0.694,0.676,0.653,0.661,0.654,0.647,0.651,0.642,0.687,0.72,0.804,0.728,0.653,0.661,0.651,0.644,0.628,0.63,0.676,0.642,0.668,0.71,0.703,0.084,0.083
29.0,0.796,0.752,0.717,0.75,0.739,0.839,0.727,0.714,0.688,0.725,0.756,0.834,0.754,0.694,0.674,0.652,0.66,0.654,0.647,0.652,0.641,0.686,0.72,0.802,0.73,0.652,0.661,0.65,0.644,0.628,0.629,0.676,0.642,0.667,0.711,0.702,0.084,0.084
29.5,0.795,0.751,0.716,0.75,0.737,0.839,0.727,0.714,0.688,0.724,0.756,0.836,0.755,0.694,0.673,0.65,0.658,0.653,0.646,0.649,0.639,0.686,0.719,0.804,0.729,0.651,0.661,0.649,0.643,0.625,0.628,0.675,0.641,0.666,0.711,0.703,0.084,0.083
30.0,0.795,0.75,0.717,0.75,0.737,0.84,0.728,0.716,0.689,0.723,0.756,0.838,0.755,0.694,0.673,0.651,0.657,0.65,0.645,0.648,0.639,0.683,0.717,0.807,0.731,0.65,0.659,0.648,0.64,0.624,0.627,0.675,0.638,0.664,0.711,0.704,0.083,0.083
30.5,0.796,0.751,0.717,0.75,0.737,0.841,0.727,0.715,0.689,0.725,0.757,0.84,0.756,0.692,0.672,0.649,0.656,0.65,0.643,0.646,0.637,0.684,0.718,0.807,0.73,0.649,0.659,0.647,0.64,0.624,0.626,0.674,0.638,0.662,0.711,0.704,0.084,0.083
31.0,0.799,0.752,0.716,0.75,0.737,0.841,0.729,0.717,0.689,0.726,0.758,0.841,0.757,0.692,0.67,0.648,0.655,0.65,0.642,0.646,0.636,0.683,0.716,0.807,0.73,0.648,0.657,0.647,0.639,0.621,0.625,0.673,0.635,0.663,0.713,0.705,0.084,0.084
31.5,0.801,0.752,0.716,0.751,0.738,0.842,0.729,0.717,0.689,0.726,0.76,0.843,0.759,0.692,0.67,0.648,0.655,0.649,0.641,0.646,0.636,0.683,0.717,0.809,0.733,0.647,0.656,0.647,0.639,0.621,0.625,0.673,0.636,0.663,0.712,0.705,0.084,0.084
32.0,0.8,0.752,0.717,0.751,0.738,0.841,0.729,0.716,0.688,0.727,0.759,0.844,0.758,0.692,0.671,0.647,0.653,0.647,0.641,0.643,0.635,0.679,0.715,0.81,0.732,0.647,0.657,0.645,0.638,0.62,0.624,0.673,0.636,0.661,0.709,0.706,0.084,0.083
32.5,0.803,0.752,0.715,0.751,0.738,0.84,0.73,0.717,0.69,0.726,0.759,0.846,0.759,0.691,0.672,0.646,0.653,0.646,0.64,0.643,0.633,0.679,0.713,0.811,0.733,0.645,0.656,0.643,0.636,0.618,0.622,0.672,0.635,0.661,0.707,0.705,0.084,0.084
33.0,0.804,0.753,0.716,0.75,0.739,0.842,0.73,0.716,0.689,0.727,0.76,0.846,0.759,0.693,0.67,0.645,0.652,0.645,0.64,0.642,0.633,0.679,0.714,0.81,0.734,0.646,0.655,0.644,0.636,0.618,0.622,0.671,0.634,0.661,0.708,0.705,0.085,0.083
33.5,0.805,0.752,0.715,0.751,0.739,0.841,0.729,0.718,0.688,0.728,0.76,0.848,0.759,0.692,0.67,0.644,0.652,0.644,0.637,0.642,0.631,0.678,0.713,0.81,0.734,0.643,0.655,0.643,0.634,0.617,0.621,0.672,0.633,0.66,0.709,0.705,0.084,0.083
34.0,0.807,0.751,0.716,0.75,0.739,0.84,0.729,0.716,0.689,0.726,0.759,0.849,0.761,0.692,0.668,0.644,0.649,0.643,0.636,0.64,0.63,0.677,0.713,0.812,0.734,0.643,0.653,0.644,0.633,0.616,0.62,0.671,0.633,0.658,0.707,0.705,0.084,0.084
34.5,0.805,0.751,0.714,0.748,0.738,0.84,0.73,0.717,0.688,0.727,0.759,0.85,0.762,0.691,0.669,0.642,0.649,0.642,0.634,0.639,0.63,0.675,0.712,0.813,0.734,0.642,0.653,0.642,0.632,0.614,0.62,0.669,0.633,0.657,0.707,0.707,0.084,0.083
35.0,0.807,0.753,0.714,0.749,0.738,0.841,0.73,0.718,0.688,0.727,0.761,0.85,0.761,0.69,0.668,0.641,0.646,0.642,0.634,0.638,0.628,0.675,0.713,0.811,0.734,0.641,0.652,0.641,0.632,0.612,0.619,0.669,0.632,0.657,0.707,0.705,0.084,0.084
35.5,0.81,0.755,0.716,0.752,0.741,0.841,0.731,0.721,0.689,0.727,0.762,0.855,0.762,0.691,0.668,0.64,0.648,0.641,0.634,0.638,0.628,0.675,0.712,0.814,0.734,0.641,0.653,0.642,0.632,0.613,0.619,0.669,0.631,0.658,0.71,0.707,0.084,0.083
36.0,0.809,0.754,0.715,0.75,0.738,0.841,0.73,0.718,0.69,0.727,0.762,0.855,0.762,0.689,0.665,0.639,0.646,0.639,0.633,0.636,0.626,0.675,0.711,0.817,0.735,0.64,0.651,0.64,0.629,0.61,0.616,0.669,0.63,0.655,0.708,0.707,0.084,0.084
36.5,0.809,0.754,0.714,0.75,0.739,0.841,0.731,0.719,0.689,0.727,0.763,0.856,0.761,0.688,0.665,0.638,0.645,0.638,0.631,0.634,0.625,0.674,0.71,0.815,0.734,0.639,0.65,0.639,0.629,0.609,0.615,0.668,0.629,0.654,0.706,0.708,0.084,0.084
37.0,0.813,0.753,0.715,0.75,0.739,0.842,0.731,0.717,0.69,0.73,0.763,0.856,0.763,0.689,0.664,0.636,0.644,0.638,0.631,0.633,0.624,0.672,0.709,0.812,0.736,0.638,0.65,0.636,0.628,0.609,0.615,0.666,0.627,0.654,0.706,0.708,0.084,0.083
37.5,0.813,0.752,0.713,0.749,0.74,0.84,0.73,0.717,0.686,0.727,0.761,0.855,0.763,0.689,0.663,0.636,0.641,0.634,0.628,0.633,0.622,0.671,0.708,0.812,0.735,0.637,0.649,0.635,0.626,0.607,0.613,0.666,0.625,0.652,0.705,0.706,0.084,0.083
38.0,0.815,0.755,0.715,0.751,0.741,0.842,0.732,0.72,0.689,0.73,0.763,0.858,0.764,0.69,0.664,0.636,0.643,0.635,0.629,0.632,0.622,0.671,0.708,0.817,0.736,0.637,0.649,0.637,0.626,0.607,0.614,0.667,0.627,0.652,0.706,0.708,0.084,0.085
38.5,0.82,0.755,0.716,0.751,0.742,0.842,0.733,0.718,0.69,0.731,0.765,0.86,0.768,0.691,0.664,0.637,0.643,0.635,0.627,0.632,0.622,0.67,0.71,0.819,0.738,0.638,0.649,0.636,0.626,0.606,0.612,0.666,0.626,0.652,0.705,0.709,0.086,0.084
39.0,0.817,0.754,0.714,0.749,0.738,0.84,0.73,0.717,0.689,0.729,0.763,0.858,0.765,0.689,0.663,0.634,0.641,0.635,0.626,0.63,0.62,0.668,0.708,0.814,0.736,0.635,0.646,0.633,0.625,0.605,0.611,0.664,0.625,0.652,0.703,0.707,0.084,0.083
39.5,0.816,0.753,0.712,0.748,0.738,0.84,0.729,0.716,0.686,0.727,0.761,0.859,0.766,0.687,0.662,0.632,0.64,0.632,0.624,0.63,0.618,0.667,0.706,0.813,0.736,0.632,0.646,0.632,0.622,0.601,0.609,0.664,0.623,0.651,0.703,0.708,0.084,0.082
40.0,0.822,0.754,0.713,0.749,0.739,0.84,0.731,0.718,0.686,0.729,0.764,0.862,0.765,0.69,0.662,0.633,0.639,0.632,0.625,0.629,0.619,0.667,0.707,0.817,0.736,0.634,0.646,0.632,0.623,0.602,0.609,0.665,0.623,0.65,0.703,0.71,0.085,0.085
40.5,0.821,0.755,0.714,0.749,0.738,0.841,0.731,0.718,0.687,0.73,0.764,0.863,0.768,0.69,0.662,0.632,0.639,0.632,0.625,0.629,0.618,0.667,0.707,0.819,0.736,0.633,0.645,0.631,0.622,0.6,0.608,0.663,0.622,0.649,0.703,0.713,0.085,0.084
41.0,0.821,0.755,0.713,0.749,0.739,0.842,0.73,0.719,0.688,0.73,0.763,0.863,0.767,0.688,0.66,0.631,0.637,0.63,0.623,0.626,0.616,0.667,0.705,0.817,0.736,0.632,0.645,0.629,0.619,0.598,0.606,0.664,0.621,0.649,0.702,0.711,0.085,0.083
41.5,0.827,0.755,0.712,0.749,0.739,0.841,0.73,0.718,0.687,0.729,0.763,0.863,0.768,0.688,0.66,0.631,0.636,0.629,0.622,0.626,0.614,0.666,0.706,0.817,0.735,0.632,0.644,0.629,0.619,0.598,0.607,0.663,0.62,0.647,0.704,0.711,0.084,0.084
42.0,0.827,0.756,0.712,0.746,0.739,0.841,0.73,0.719,0.687,0.729,0.765,0.864,0.767,0.687,0.659,0.629,0.634,0.629,0.621,0.624,0.613,0.665,0.705,0.817,0.737,0.63,0.642,0.629,0.618,0.596,0.605,0.661,0.618,0.646,0.703,0.711,0.084,0.083
42.5,0.827,0.755,0.713,0.749,0.74,0.842,0.731,0.722,0.687,0.73,0.765,0.866,0.768,0.687,0.659,0.628,0.635,0.628,0.621,0.623,0.613,0.663,0.705,0.822,0.736,0.63,0.644,0.628,0.618,0.595,0.604,0.661,0.619,0.646,0.703,0.713,0.086,0.084
43.0,0.833,0.754,0.711,0.748,0.738,0.84,0.729,0.72,0.686,0.729,0.764,0.866,0.769,0.687,0.658,0.627,0.634,0.626,0.619,0.622,0.611,0.662,0.703,0.82,0.736,0.629,0.643,0.626,0.617,0.593,0.603,0.659,0.618,0.643,0.7,0.712,0.086,0.084
43.5,0.832,0.755,0.711,0.746,0.737,0.84,0.728,0.72,0.685,0.728,0.764,0.864,0.768,0.687,0.657,0.625,0.633,0.625,0.618,0.622,0.61,0.661,0.703,0.816,0.736,0.629,0.642,0.626,0.615,0.593,0.602,0.659,0.616,0.641,0.7,0.712,0.085,0.084
44.0,0.833,0.755,0.709,0.745,0.738,0.84,0.728,0.718,0.684,0.728,0.764,0.867,0.768,0.686,0.656,0.626,0.633,0.625,0.618,0.622,0.61,0.662,0.703,0.818,0.738,0.628,0.642,0.627,0.615,0.593,0.604,0.66,0.618,0.644,0.701,0.712,0.085,0.084
44.5,0.834,0.752,0.708,0.744,0.734,0.839,0.726,0.719,0.682,0.727,0.763,0.868,0.768,0.684,0.655,0.624,0.631,0.623,0.616,0.621,0.609,0.659,0.702,0.821,0.737,0.626,0.641,0.627,0.615,0.591,0.601,0.66,0.615,0.642,0.699,0.714,0.084,0.083
45.0,0.835,0.754,0.708,0.744,0.733,0.838,0.725,0.719,0.682,0.727,0.762,0.868,0.768,0.684,0.654,0.623,0.63,0.622,0.617,0.619,0.609,0.66,0.702,0.821,0.738,0.626,0.64,0.627,0.613,0.591,0.6,0.659,0.615,0.641,0.7,0.714,0.085,0.084
45.5,0.835,0.753,0.706,0.743,0.732,0.837,0.725,0.719,0.682,0.726,0.761,0.868,0.768,0.683,0.653,0.622,0.629,0.621,0.614,0.618,0.607,0.659,0.701,0.82,0.736,0.624,0.639,0.625,0.611,0.588,0.599,0.657,0.615,0.641,0.701,0.713,0.085,0.084
46.0,0.837,0.753,0.706,0.741,0.733,0.838,0.723,0.719,0.682,0.725,0.762,0.867,0.767,0.683,0.652,0.622,0.627,0.617,0.613,0.617,0.606,0.658,0.699,0.818,0.737,0.625,0.638,0.625,0.611,0.587,0.598,0.655,0.613,0.639,0.702,0.713,0.085,0.084
46.5,0.839,0.753,0.706,0.742,0.733,0.838,0.722,0.719,0.681,0.725,0.762,0.87,0.768,0.681,0.651,0.621,0.626,0.616,0.612,0.615,0.604,0.658,0.699,0.819,0.737,0.624,0.638,0.624,0.61,0.585,0.597,0.657,0.611,0.638,0.7,0.714,0.085,0.083
47.0,0.842,0.752,0.704,0.74,0.732,0.837,0.722,0.718,0.678,0.724,0.762,0.871,0.769,0.681,0.651,0.619,0.626,0.615,0.611,0.614,0.605,0.656,0.7,0.822,0.738,0.623,0.638,0.624,0.611,0.585,0.596,0.658,0.612,0.638,0.701,0.715,0.086,0.085
47.5,0.841,0.749,0.702,0.738,0.729,0.836,0.72,0.716,0.676,0.723,0.759,0.869,0.767,0.681,0.649,0.617,0.624,0.613,0.609,0.613,0.603,0.655,0.697,0.82,0.736,0.623,0.636,0.622,0.608,0.583,0.594,0.655,0.611,0.637,0.7,0.715,0.086,0.084
48.0,0.845,0.75,0.702,0.736,0.728,0.835,0.718,0.714,0.676,0.722,0.76,0.868,0.767,0.68,0.648,0.616,0.622,0.61,0.609,0.612,0.602,0.654,0.697,0.817,0.736,0.622,0.635,0.619,0.606,0.583,0.593,0.656,0.609,0.637,0.698,0.713,0.085,0.084
48.5,0.85,0.75,0.703,0.738,0.729,0.836,0.719,0.715,0.675,0.721,0.76,0.869,0.77,0.68,0.648,0.616,0.621,0.611,0.608,0.611,0.601,0.654,0.699,0.817,0.738,0.623,0.636,0.62,0.607,0.582,0.593,0.657,0.609,0.636,0.7,0.715,0.086,0.084
49.0,0.849,0.749,0.701,0.736,0.727,0.833,0.716,0.714,0.672,0.72,0.759,0.872,0.77,0.678,0.647,0.615,0.62,0.608,0.606,0.61,0.599,0.652,0.698,0.82,0.739,0.621,0.635,0.619,0.604,0.579,0.591,0.656,0.607,0.633,0.695,0.714,0.086,0.083
49.5,0.856,0.748,0.7,0.736,0.726,0.833,0.715,0.713,0.671,0.719,0.757,0.87,0.77,0.678,0.646,0.614,0.619,0.607,0.605,0.608,0.598,0.652,0.696,0.823,0.738,0.622,0.634,0.618,0.604,0.578,0.59,0.656,0.605,0.633,0.695,0.715,0.084,0.084
50.0,0.857,0.749,0.7,0.736,0.725,0.833,0.714,0.712,0.672,0.719,0.758,0.872,0.773,0.68,0.647,0.614,0.619,0.607,0.605,0.609,0.598,0.652,0.697,0.821,0.739,0.623,0.634,0.617,0.604,0.578,0.59,0.656,0.607,0.633,0.7,0.715,0.086,0.085
50.5,0.86,0.747,0.698,0.734,0.724,0.833,0.712,0.712,0.671,0.718,0.758,0.871,0.771,0.678,0.645,0.613,0.617,0.605,0.604,0.608,0.596,0.651,0.697,0.819,0.738,0.623,0.631,0.616,0.602,0.577,0.588,0.655,0.605,0.633,0.701,0.715,0.085,0.083
51.0,0.862,0.746,0.698,0.733,0.722,0.832,0.711,0.71,0.67,0.717,0.757,0.872,0.77,0.677,0.643,0.611,0.616,0.605,0.601,0.604,0.595,0.65,0.695,0.824,0.739,0.621,0.631,0.615,0.601,0.575,0.586,0.656,0.603,0.63,0.699,0.715,0.085,0.084
51.5,0.864,0.746,0.696,0.733,0.722,0.832,0.71,0.709,0.669,0.717,0.757,0.873,0.772,0.677,0.643,0.612,0.615,0.603,0.601,0.606,0.595,0.648,0.695,0.828,0.738,0.622,0.631,0.616,0.601,0.575,0.587,0.656,0.604,0.629,0.7,0.717,0.086,0.084
52.0,0.867,0.746,0.696,0.732,0.723,0.832,0.709,0.708,0.668,0.716,0.755,0.873,0.772,0.677,0.643,0.61,0.614,0.602,0.599,0.603,0.593,0.648,0.693,0.825,0.74,0.621,0.63,0.614,0.598,0.574,0.585,0.656,0.602,0.63,0.698,0.716,0.085,0.085
52.5,0.867,0.746,0.696,0.731,0.722,0.833,0.709,0.707,0.666,0.714,0.756,0.871,0.773,0.675,0.641,0.609,0.613,0.6,0.599,0.602,0.592,0.647,0.693,0.822,0.74,0.622,0.63,0.613,0.598,0.572,0.584,0.655,0.599,0.628,0.697,0.715,0.086,0.085
53.0,0.873,0.745,0.695,0.729,0.721,0.83,0.707,0.705,0.664,0.714,0.754,0.872,0.774,0.675,0.64,0.608,0.612,0.599,0.597,0.602,0.59,0.645,0.692,0.822,0.743,0.62,0.629,0.612,0.597,0.571,0.583,0.66,0.6,0.627,0.696,0.717,0.086,0.084
53.5,0.875,0.743,0.694,0.728,0.719,0.829,0.705,0.703,0.665,0.712,0.752,0.872,0.772,0.674,0.641,0.606,0.61,0.599,0.596,0.599,0.589,0.644,0.691,0.825,0.739,0.62,0.627,0.612,0.595,0.568,0.58,0.659,0.599,0.626,0.696,0.716,0.086,0.083
54.0,0.88,0.742,0.693,0.727,0.716,0.827,0.704,0.701,0.662,0.711,0.751,0.872,0.772,0.673,0.637,0.603,0.61,0.597,0.594,0.599,0.589,0.642,0.691,0.828,0.739,0.622,0.628,0.61,0.595,0.568,0.58,0.658,0.598,0.625,0.694,0.715,0.085,0.085
54.5,0.88,0.741,0.692,0.724,0.715,0.826,0.704,0.699,0.66,0.709,0.75,0.87,0.773,0.672,0.639,0.603,0.608,0.596,0.593,0.598,0.588,0.642,0.69,0.825,0.737,0.62,0.626,0.61,0.594,0.566,0.579,0.659,0.599,0.625,0.696,0.715,0.085,0.085
55.0,0.889,0.74,0.691,0.724,0.714,0.825,0.702,0.699,0.659,0.707,0.749,0.871,0.773,0.672,0.637,0.602,0.607,0.595,0.592,0.596,0.587,0.642,0.69,0.824,0.739,0.619,0.626,0.609,0.593,0.565,0.578,0.657,0.597,0.625,0.696,0.715,0.086,0.084
55.5,0.886,0.738,0.69,0.723,0.713,0.826,0.7,0.697,0.66,0.708,0.748,0.872,0.773,0.672,0.636,0.602,0.606,0.594,0.592,0.596,0.586,0.64,0.691,0.829,0.739,0.618,0.625,0.609,0.594,0.564,0.577,0.657,0.596,0.624,0.695,0.716,0.086,0.084
56.0,0.889,0.739,0.689,0.723,0.712,0.826,0.699,0.695,0.66,0.707,0.747,0.873,0.773,0.671,0.635,0.601,0.604,0.593,0.59,0.594,0.586,0.64,0.688,0.828,0.739,0.618,0.624,0.608,0.593,0.563,0.576,0.656,0.596,0.624,0.696,0.717,0.085,0.085
56.5,0.888,0.738,0.688,0.72,0.71,0.824,0.698,0.695,0.659,0.706,0.746,0.872,0.772,0.67,0.634,0.6,0.603,0.592,0.589,0.594,0.584,0.639,0.687,0.828,0.739,0.618,0.623,0.607,0.59,0.561,0.574,0.653,0.594,0.622,0.693,0.714,0.086,0.085
57.0,0.902,0.739,0.688,0.72,0.71,0.825,0.698,0.693,0.658,0.705,0.745,0.87,0.775,0.67,0.633,0.599,0.603,0.59,0.587,0.592,0.583,0.637,0.686,0.823,0.741,0.617,0.623,0.605,0.591,0.56,0.573,0.652,0.594,0.622,0.694,0.714,0.087,0.085
57.5,0.896,0.738,0.687,0.72,0.71,0.824,0.696,0.692,0.656,0.704,0.746,0.872,0.776,0.669,0.633,0.599,0.602,0.59,0.588,0.592,0.582,0.638,0.686,0.824,0.742,0.616,0.622,0.605,0.591,0.559,0.573,0.652,0.592,0.621,0.692,0.716,0.088,0.086
58.0,0.902,0.735,0.685,0.717,0.708,0.82,0.694,0.69,0.654,0.702,0.743,0.87,0.777,0.667,0.632,0.597,0.599,0.586,0.586,0.59,0.58,0.634,0.685,0.83,0.741,0.616,0.621,0.603,0.589,0.557,0.57,0.65,0.59,0.618,0.692,0.714,0.086,0.084
58.5,0.902,0.735,0.685,0.716,0.709,0.822,0.694,0.691,0.654,0.702,0.744,0.872,0.779,0.668,0.63,0.597,0.6,0.587,0.585,0.59,0.579,0.634,0.685,0.83,0.742,0.615,0.621,0.603,0.588,0.556,0.569,0.65,0.59,0.618,0.691,0.713,0.086,0.085
59.0,0.903,0.734,0.685,0.715,0.707,0.821,0.693,0.689,0.654,0.701,0.743,0.873,0.778,0.669,0.631,0.596,0.599,0.587,0.583,0.591,0.579,0.635,0.685,0.829,0.743,0.616,0.621,0.603,0.589,0.556,0.569,0.648,0.591,0.62,0.692,0.712,0.087,0.086
59.5,0.907,0.733,0.682,0.711,0.705,0.819,0.69,0.687,0.65,0.698,0.74,0.871,0.779,0.667,0.628,0.594,0.597,0.585,0.582,0.586,0.577,0.634,0.684,0.823,0.742,0.615,0.62,0.602,0.586,0.554,0.567,0.647,0.588,0.618,0.691,0.712,0.086,0.085
60.0,0.91,0.731,0.68,0.709,0.704,0.817,0.688,0.683,0.648,0.696,0.739,0.871,0.779,0.664,0.628,0.591,0.596,0.584,0.58,0.586,0.576,0.631,0.681,0.827,0.741,0.613,0.618,0.6,0.585,0.551,0.565,0.646,0.586,0.616,0.689,0.709,0.086,0.084
60.5,0.916,0.73,0.68,0.708,0.703,0.815,0.686,0.683,0.647,0.696,0.738,0.871,0.779,0.665,0.627,0.59,0.595,0.582,0.578,0.584,0.575,0.63,0.681,0.832,0.743,0.612,0.617,0.601,0.584,0.55,0.563,0.645,0.585,0.615,0.691,0.714,0.086,0.085
61.0,0.913,0.73,0.679,0.708,0.702,0.815,0.686,0.681,0.645,0.694,0.737,0.87,0.779,0.664,0.625,0.59,0.593,0.582,0.577,0.584,0.573,0.629,0.682,0.828,0.742,0.612,0.617,0.599,0.583,0.548,0.562,0.644,0.585,0.615,0.689,0.71,0.087,0.085
61.5,0.923,0.729,0.678,0.707,0.702,0.815,0.684,0.681,0.646,0.695,0.737,0.871,0.78,0.663,0.623,0.587,0.592,0.58,0.577,0.58,0.572,0.629,0.68,0.824,0.743,0.611,0.617,0.597,0.581,0.548,0.561,0.642,0.584,0.615,0.689,0.71,0.087,0.085
62.0,0.925,0.728,0.676,0.705,0.699,0.814,0.682,0.678,0.644,0.692,0.735,0.869,0.781,0.661,0.623,0.585,0.59,0.579,0.574,0.579,0.571,0.627,0.677,0.82,0.745,0.61,0.615,0.596,0.581,0.545,0.559,0.641,0.583,0.613,0.688,0.71,0.087,0.086
62.5,0.934,0.727,0.676,0.705,0.699,0.811,0.681,0.677,0.642,0.69,0.733,0.869,0.782,0.66,0.622,0.585,0.588,0.577,0.573,0.579,0.568,0.625,0.676,0.819,0.744,0.61,0.613,0.594,0.579,0.544,0.556,0.64,0.58,0.61,0.687,0.708,0.086,0.085
63.0,0.931,0.726,0.675,0.704,0.698,0.81,0.679,0.676,0.642,0.689,0.733,0.871,0.782,0.659,0.621,0.584,0.588,0.576,0.571,0.578,0.568,0.625,0.677,0.82,0.745,0.609,0.614,0.594,0.578,0.544,0.555,0.64,0.581,0.611,0.686,0.71,0.088,0.086
63.5,0.93,0.725,0.675,0.701,0.696,0.809,0.677,0.675,0.64,0.688,0.732,0.871,0.782,0.66,0.619,0.582,0.587,0.575,0.57,0.576,0.567,0.623,0.676,0.816,0.746,0.607,0.613,0.594,0.578,0.541,0.555,0.64,0.581,0.609,0.685,0.71,0.087,0.085
64.0,0.93,0.723,0.672,0.699,0.693,0.807,0.675,0.673,0.637,0.686,0.731,0.869,0.782,0.659,0.62,0.581,0.587,0.573,0.567,0.575,0.565,0.623,0.674,0.809,0.746,0.608,0.612,0.592,0.576,0.54,0.554,0.638,0.58,0.609,0.685,0.706,0.087,0.086
64.5,0.934,0.723,0.672,0.698,0.693,0.806,0.673,0.671,0.635,0.685,0.728,0.868,0.784,0.656,0.619,0.581,0.584,0.572,0.567,0.573,0.564,0.622,0.673,0.805,0.747,0.605,0.612,0.591,0.575,0.539,0.552,0.637,0.578,0.608,0.684,0.707,0.087,0.085
65.0,0.937,0.721,0.669,0.697,0.691,0.804,0.672,0.67,0.635,0.684,0.728,0.87,0.783,0.655,0.618,0.581,0.584,0.57,0.565,0.573,0.562,0.62,0.673,0.808,0.748,0.606,0.61,0.589,0.574,0.537,0.55,0.635,0.577,0.607,0.684,0.707,0.086,0.085
65.5,0.942,0.721,0.669,0.697,0.688,0.804,0.671,0.668,0.634,0.682,0.727,0.87,0.784,0.656,0.617,0.58,0.583,0.57,0.564,0.571,0.562,0.619,0.671,0.809,0.748,0.606,0.61,0.591,0.573,0.536,0.55,0.635,0.577,0.606,0.683,0.704,0.086,0.086
66.0,0.952,0.719,0.667,0.696,0.688,0.803,0.669,0.666,0.634,0.682,0.725,0.868,0.783,0.653,0.616,0.578,0.581,0.568,0.563,0.571,0.56,0.618,0.669,0.802,0.748,0.604,0.608,0.589,0.57,0.534,0.547,0.633,0.576,0.606,0.682,0.705,0.087,0.086
66.5,0.954,0.72,0.665,0.694,0.685,0.802,0.668,0.665,0.631,0.681,0.725,0.869,0.784,0.653,0.615,0.577,0.579,0.567,0.562,0.569,0.559,0.618,0.67,0.801,0.749,0.605,0.608,0.588,0.57,0.533,0.546,0.632,0.575,0.605,0.682,0.705,0.089,0.087
67.0,0.958,0.72,0.666,0.693,0.687,0.801,0.667,0.663,0.631,0.679,0.725,0.87,0.788,0.651,0.613,0.579,0.578,0.566,0.56,0.567,0.558,0.615,0.668,0.798,0.75,0.602,0.607,0.587,0.569,0.531,0.545,0.633,0.574,0.603,0.681,0.706,0.087,0.085
67.5,0.957,0.717,0.664,0.693,0.685,0.8,0.664,0.662,0.629,0.677,0.723,0.869,0.787,0.65,0.611,0.576,0.576,0.565,0.559,0.566,0.556,0.614,0.667,0.798,0.749,0.603,0.607,0.586,0.567,0.529,0.544,0.634,0.574,0.603,0.68,0.703,0.089,0.085
68.0,0.958,0.717,0.664,0.691,0.683,0.798,0.663,0.661,0.628,0.678,0.722,0.869,0.788,0.65,0.612,0.575,0.576,0.563,0.557,0.565,0.554,0.613,0.666,0.796,0.751,0.602,0.607,0.585,0.567,0.527,0.542,0.633,0.571,0.601,0.679,0.704,0.087,0.086
68.5,0.959,0.714,0.662,0.687,0.68,0.796,0.66,0.658,0.626,0.674,0.719,0.868,0.787,0.648,0.61,0.572,0.572,0.56,0.555,0.562,0.551,0.61,0.664,0.794,0.751,0.6,0.605,0.583,0.563,0.525,0.54,0.63,0.571,0.6,0.676,0.705,0.087,0.085
69.0,0.967,0.714,0.661,0.686,0.679,0.794,0.659,0.657,0.623,0.674,0.719,0.868,0.789,0.648,0.611,0.571,0.572,0.56,0.554,0.56,0.553,0.61,0.663,0.789,0.752,0.6,0.604,0.582,0.564,0.525,0.539,0.627,0.57,0.6,0.675,0.704,0.087,0.086
69.5,0.965,0.714,0.66,0.685,0.68,0.794,0.657,0.656,0.627,0.673,0.72,0.868,0.789,0.647,0.61,0.569,0.571,0.559,0.554,0.56,0.549,0.608,0.663,0.799,0.754,0.599,0.604,0.581,0.562,0.523,0.537,0.626,0.57,0.599,0.676,0.705,0.088,0.085
70.0,0.969,0.71,0.657,0.684,0.676,0.791,0.655,0.653,0.623,0.671,0.716,0.867,0.788,0.646,0.609,0.567,0.569,0.557,0.55,0.558,0.549,0.606,0.66,0.8,0.752,0.598,0.602,0.581,0.559,0.52,0.535,0.626,0.569,0.597,0.674,0.705,0.087,0.086
70.5,0.98,0.711,0.656,0.683,0.673,0.79,0.653,0.653,0.62,0.669,0.715,0.869,0.789,0.644,0.608,0.565,0.568,0.555,0.548,0.557,0.548,0.605,0.66,0.8,0.754,0.597,0.601,0.58,0.557,0.52,0.534,0.626,0.568,0.597,0.673,0.704,0.089,0.086
71.0,0.98,0.71,0.655,0.683,0.673,0.789,0.653,0.651,0.621,0.669,0.715,0.868,0.789,0.643,0.608,0.564,0.567,0.554,0.548,0.557,0.547,0.604,0.659,0.797,0.754,0.598,0.602,0.578,0.558,0.518,0.532,0.625,0.568,0.595,0.674,0.702,0.088,0.087
71.5,0.969,0.71,0.655,0.681,0.672,0.788,0.651,0.651,0.62,0.668,0.712,0.868,0.79,0.644,0.605,0.563,0.564,0.552,0.545,0.555,0.545,0.603,0.656,0.796,0.753,0.596,0.599,0.576,0.556,0.516,0.53,0.623,0.567,0.595,0.676,0.701,0.087,0.086
72.0,0.989,0.708,0.654,0.68,0.671,0.788,0.652,0.65,0.619,0.666,0.711,0.868,0.791,0.642,0.603,0.56,0.563,0.551,0.544,0.554,0.543,0.601,0.656,0.795,0.756,0.594,0.597,0.576,0.555,0.514,0.527,0.621,0.565,0.593,0.677,0.698,0.088,0.086
72.5,0.991,0.707,0.654,0.679,0.67,0.786,0.648,0.649,0.617,0.666,0.71,0.868,0.789,0.642,0.602,0.56,0.561,0.552,0.542,0.555,0.543,0.599,0.654,0.793,0.756,0.594,0.597,0.576,0.554,0.513,0.527,0.62,0.565,0.593,0.676,0.701,0.088,0.087
73.0,0.97,0.706,0.652,0.677,0.668,0.785,0.648,0.645,0.616,0.664,0.71,0.866,0.788,0.639,0.6,0.556,0.559,0.547,0.541,0.553,0.541,0.597,0.652,0.787,0.756,0.592,0.597,0.574,0.552,0.51,0.525,0.617,0.564,0.59,0.673,0.698,0.088,0.085
73.5,0.986,0.704,0.648,0.675,0.666,0.782,0.645,0.643,0.615,0.663,0.709,0.864,0.789,0.638,0.597,0.554,0.558,0.541,0.538,0.552,0.538,0.595,0.652,0.793,0.757,0.589,0.594,0.57,0.549,0.508,0.522,0.615,0.562,0.589,0.672,0.695,0.088,0.085
74.0,0.988,0.701,0.647,0.672,0.664,0.78,0.642,0.641,0.613,0.66,0.706,0.862,0.791,0.635,0.598,0.554,0.556,0.542,0.537,0.549,0.536,0.594,0.65,0.789,0.757,0.589,0.593,0.57,0.547,0.508,0.52,0.614,0.561,0.588,0.671,0.695,0.088,0.086
74.5,0.989,0.701,0.645,0.672,0.663,0.778,0.642,0.639,0.612,0.659,0.706,0.864,0.792,0.636,0.598,0.554,0.555,0.541,0.536,0.548,0.535,0.593,0.649,0.794,0.757,0.589,0.593,0.57,0.548,0.507,0.52,0.613,0.561,0.588,0.673,0.695,0.09,0.087
75.0,0.978,0.7,0.646,0.671,0.66,0.777,0.641,0.639,0.611,0.658,0.705,0.863,0.79,0.636,0.597,0.552,0.554,0.542,0.536,0.548,0.535,0.593,0.648,0.791,0.758,0.589,0.592,0.57,0.545,0.507,0.518,0.613,0.561,0.586,0.671,0.695,0.088,0.086
75.5,0.984,0.699,0.645,0.669,0.658,0.776,0.64,0.636,0.609,0.657,0.703,0.863,0.79,0.632,0.596,0.552,0.552,0.54,0.534,0.547,0.537,0.591,0.648,0.79,0.759,0.588,0.591,0.568,0.544,0.505,0.516,0.609,0.558,0.585,0.668,0.689,0.088,0.085
76.0,0.983,0.699,0.644,0.668,0.659,0.775,0.638,0.635,0.607,0.656,0.702,0.863,0.794,0.634,0.595,0.554,0.551,0.539,0.533,0.545,0.535,0.59,0.646,0.795,0.759,0.588,0.59,0.567,0.543,0.505,0.515,0.61,0.558,0.584,0.669,0.688,0.088,0.086
76.5,0.988,0.699,0.643,0.668,0.657,0.773,0.637,0.633,0.608,0.655,0.701,0.864,0.795,0.632,0.594,0.555,0.55,0.538,0.534,0.544,0.534,0.59,0.645,0.794,0.762,0.587,0.589,0.567,0.542,0.502,0.514,0.61,0.557,0.583,0.669,0.688,0.089,0.086
77.0,0.985,0.697,0.643,0.667,0.656,0.772,0.636,0.632,0.608,0.653,0.699,0.865,0.794,0.632,0.593,0.554,0.549,0.536,0.531,0.542,0.533,0.588,0.644,0.838,0.761,0.585,0.589,0.565,0.54,0.501,0.513,0.607,0.556,0.581,0.666,0.687,0.089,0.087
77.5,0.974,0.697,0.641,0.663,0.654,0.769,0.633,0.629,0.605,0.652,0.698,0.862,0.794,0.629,0.591,0.552,0.547,0.534,0.529,0.54,0.53,0.587,0.642,0.823,0.76,0.585,0.587,0.563,0.539,0.499,0.511,0.6,0.553,0.579,0.662,0.684,0.088,0.086
78.0,0.975,0.697,0.64,0.662,0.653,0.769,0.632,0.629,0.604,0.651,0.697,0.862,0.795,0.628,0.589,0.549,0.545,0.532,0.527,0.539,0.53,0.583,0.641,0.812,0.761,0.584,0.587,0.561,0.537,0.498,0.509,0.598,0.554,0.58,0.664,0.681,0.087,0.087
78.5,0.979,0.696,0.64,0.663,0.654,0.768,0.633,0.631,0.604,0.65,0.698,0.863,0.797,0.628,0.59,0.553,0.546,0.533,0.528,0.539,0.528,0.584,0.641,0.822,0.763,0.584,0.586,0.561,0.538,0.497,0.507,0.597,0.553,0.578,0.662,0.681,0.089,0.087
79.0,0.987,0.694,0.637,0.661,0.649,0.766,0.631,0.628,0.602,0.648,0.695,0.863,0.798,0.627,0.589,0.55,0.545,0.531,0.526,0.537,0.528,0.583,0.639,0.812,0.764,0.582,0.585,0.56,0.536,0.496,0.505,0.599,0.55,0.576,0.662,0.68,0.087,0.087
79.5,0.977,0.693,0.638,0.659,0.649,0.765,0.63,0.628,0.601,0.648,0.695,0.864,0.798,0.627,0.59,0.549,0.545,0.532,0.526,0.537,0.527,0.582,0.639,0.814,0.766,0.583,0.586,0.559,0.534,0.496,0.504,0.597,0.552,0.577,0.66,0.681,0.088,0.086
80.0,0.968,0.694,0.636,0.659,0.647,0.765,0.629,0.627,0.6,0.647,0.693,0.862,0.799,0.627,0.588,0.548,0.544,0.53,0.524,0.537,0.526,0.582,0.637,0.807,0.764,0.582,0.585,0.557,0.532,0.495,0.502,0.593,0.55,0.576,0.658,0.68,0.087,0.086
80.5,0.97,0.692,0.635,0.659,0.647,0.764,0.628,0.626,0.599,0.645,0.693,0.864,0.798,0.625,0.587,0.548,0.542,0.53,0.524,0.535,0.525,0.58,0.637,0.817,0.767,0.582,0.583,0.557,0.531,0.493,0.502,0.594,0.549,0.575,0.66,0.68,0.088,0.087
81.0,0.974,0.693,0.634,0.659,0.647,0.762,0.626,0.624,0.599,0.644,0.691,0.865,0.799,0.625,0.587,0.546,0.541,0.529,0.523,0.535,0.523,0.579,0.636,0.805,0.767,0.58,0.581,0.555,0.529,0.492,0.5,0.591,0.547,0.572,0.659,0.676,0.086,0.086
81.5,0.957,0.691,0.633,0.657,0.645,0.761,0.625,0.623,0.596,0.643,0.69,0.866,0.799,0.623,0.586,0.545,0.541,0.527,0.52,0.533,0.522,0.578,0.634,0.81,0.768,0.579,0.581,0.554,0.527,0.492,0.498,0.592,0.546,0.571,0.658,0.676,0.09,0.087
82.0,0.964,0.692,0.633,0.656,0.644,0.762,0.624,0.622,0.597,0.643,0.691,0.865,0.8,0.623,0.584,0.544,0.54,0.527,0.52,0.533,0.522,0.577,0.634,0.811,0.769,0.579,0.579,0.552,0.527,0.49,0.496,0.585,0.544,0.57,0.655,0.673,0.089,0.087
82.5,0.959,0.691,0.631,0.654,0.643,0.758,0.622,0.62,0.595,0.64,0.689,0.864,0.802,0.622,0.583,0.542,0.54,0.524,0.519,0.531,0.519,0.573,0.632,0.807,0.77,0.578,0.578,0.551,0.526,0.489,0.494,0.583,0.543,0.569,0.655,0.67,0.089,0.087
83.0,0.957,0.689,0.63,0.652,0.642,0.758,0.621,0.619,0.594,0.64,0.688,0.865,0.802,0.621,0.581,0.541,0.538,0.524,0.518,0.53,0.517,0.573,0.631,0.807,0.77,0.577,0.578,0.549,0.525,0.487,0.493,0.583,0.542,0.567,0.654,0.67,0.089,0.088
83.5,0.942,0.689,0.63,0.652,0.641,0.755,0.621,0.619,0.592,0.639,0.687,0.865,0.803,0.619,0.58,0.541,0.538,0.522,0.517,0.53,0.517,0.572,0.63,0.818,0.771,0.577,0.577,0.549,0.523,0.485,0.492,0.581,0.54,0.566,0.652,0.666,0.089,0.086
84.0,0.939,0.688,0.628,0.651,0.638,0.754,0.618,0.616,0.593,0.637,0.685,0.867,0.803,0.62,0.581,0.541,0.539,0.522,0.514,0.529,0.517,0.571,0.63,0.822,0.773,0.576,0.576,0.548,0.521,0.488,0.49,0.581,0.54,0.564,0.651,0.667,0.089,0.087
84.5,0.926,0.688,0.626,0.648,0.637,0.753,0.616,0.616,0.59,0.636,0.685,0.865,0.804,0.618,0.58,0.538,0.539,0.522,0.514,0.527,0.514,0.569,0.628,0.828,0.773,0.575,0.574,0.546,0.521,0.486,0.489,0.579,0.537,0.564,0.649,0.665,0.089,0.087
85.0,0.916,0.686,0.626,0.648,0.637,0.751,0.617,0.615,0.589,0.635,0.683,0.867,0.804,0.618,0.578,0.538,0.539,0.52,0.516,0.526,0.513,0.57,0.625,0.838,0.774,0.574,0.574,0.545,0.519,0.486,0.487,0.577,0.536,0.564,0.649,0.662,0.089,0.088
85.5,0.911,0.686,0.624,0.648,0.636,0.751,0.616,0.614,0.59,0.634,0.683,0.868,0.803,0.616,0.576,0.537,0.539,0.518,0.515,0.525,0.513,0.568,0.625,0.82,0.775,0.573,0.572,0.543,0.518,0.484,0.486,0.576,0.535,0.561,0.648,0.663,0.088,0.086
86.0,0.91,0.687,0.625,0.648,0.634,0.75,0.617,0.612,0.591,0.634,0.682,0.87,0.804,0.616,0.577,0.537,0.539,0.518,0.516,0.523,0.512,0.567,0.625,0.829,0.776,0.572,0.572,0.544,0.517,0.485,0.485,0.573,0.534,0.559,0.647,0.663,0.09,0.087
86.5,0.894,0.687,0.624,0.645,0.633,0.749,0.615,0.611,0.589,0.633,0.682,0.869,0.804,0.614,0.575,0.536,0.538,0.517,0.514,0.522,0.512,0.566,0.623,0.823,0.778,0.571,0.571,0.543,0.515,0.483,0.482,0.573,0.538,0.56,0.645,0.658,0.089,0.087
87.0,0.879,0.687,0.624,0.646,0.633,0.748,0.615,0.609,0.588,0.632,0.681,0.87,0.806,0.614,0.575,0.534,0.538,0.517,0.514,0.521,0.509,0.565,0.622,0.82,0.78,0.571,0.569,0.541,0.514,0.482,0.482,0.569,0.537,0.558,0.644,0.655,0.089,0.088
87.5,0.848,0.685,0.622,0.643,0.631,0.747,0.614,0.608,0.583,0.632,0.68,0.869,0.811,0.613,0.573,0.532,0.536,0.514,0.512,0.519,0.508,0.563,0.62,0.823,0.78,0.569,0.568,0.538,0.513,0.48,0.481,0.569,0.534,0.556,0.643,0.653,0.089,0.087
88.0,0.825,0.687,0.623,0.644,0.631,0.748,0.614,0.608,0.585,0.631,0.68,0.87,0.811,0.613,0.573,0.531,0.535,0.516,0.511,0.52,0.508,0.562,0.621,0.81,0.782,0.568,0.567,0.539,0.513,0.481,0.479,0.571,0.534,0.555,0.641,0.655,0.09,0.088
88.5,0.791,0.686,0.62,0.642,0.629,0.745,0.612,0.606,0.583,0.629,0.679,0.87,0.813,0.613,0.574,0.531,0.536,0.516,0.511,0.52,0.508,0.562,0.621,0.802,0.783,0.569,0.568,0.538,0.512,0.478,0.479,0.57,0.532,0.554,0.641,0.654,0.089,0.088
89.0,0.756,0.684,0.62,0.64,0.627,0.743,0.611,0.604,0.582,0.628,0.677,0.87,0.813,0.612,0.571,0.53,0.536,0.513,0.508,0.52,0.507,0.56,0.619,0.81,0.784,0.567,0.567,0.537,0.509,0.475,0.477,0.566,0.529,0.553,0.639,0.653,0.089,0.087
89.5,0.711,0.684,0.617,0.638,0.626,0.742,0.61,0.603,0.58,0.626,0.676,0.872,0.816,0.609,0.569,0.527,0.533,0.514,0.507,0.517,0.504,0.559,0.617,0.805,0.787,0.566,0.563,0.535,0.507,0.472,0.477,0.564,0.526,0.551,0.638,0.651,0.09,0.088
90.0,0.653,0.686,0.618,0.639,0.627,0.742,0.611,0.603,0.581,0.627,0.676,0.879,0.82,0.612,0.57,0.529,0.534,0.512,0.507,0.516,0.504,0.559,0.619,0.781,0.792,0.566,0.565,0.535,0.508,0.471,0.477,0.564,0.525,0.55,0.637,0.655,0.09,0.088
90.5,0.59,0.683,0.616,0.637,0.623,0.739,0.61,0.602,0.579,0.625,0.674,0.873,0.816,0.608,0.568,0.528,0.533,0.511,0.507,0.516,0.504,0.557,0.615,0.813,0.788,0.566,0.562,0.535,0.505,0.47,0.474,0.565,0.523,0.548,0.637,0.651,0.09,0.088
91.0,0.547,0.684,0.616,0.637,0.624,0.74,0.611,0.602,0.579,0.624,0.674,0.874,0.816,0.607,0.568,0.527,0.533,0.51,0.505,0.514,0.502,0.556,0.614,0.805,0.789,0.563,0.561,0.532,0.503,0.469,0.472,0.563,0.521,0.548,0.633,0.648,0.09,0.088
91.5,0.504,0.684,0.616,0.637,0.624,0.74,0.611,0.602,0.579,0.626,0.675,0.876,0.818,0.606,0.566,0.524,0.531,0.509,0.504,0.513,0.5,0.555,0.612,0.796,0.791,0.563,0.558,0.535,0.503,0.468,0.471,0.56,0.519,0.545,0.632,0.645,0.09,0.087
92.0,0.472,0.686,0.616,0.637,0.624,0.74,0.611,0.601,0.576,0.625,0.675,0.879,0.822,0.606,0.565,0.524,0.532,0.507,0.503,0.512,0.499,0.553,0.611,0.783,0.793,0.562,0.558,0.536,0.502,0.466,0.47,0.555,0.516,0.544,0.631,0.644,0.09,0.088
92.5,0.459,0.687,0.617,0.637,0.624,0.741,0.61,0.601,0.577,0.625,0.675,0.881,0.827,0.604,0.564,0.522,0.531,0.505,0.502,0.512,0.498,0.551,0.61,0.771,0.799,0.561,0.557,0.535,0.503,0.466,0.47,0.555,0.516,0.542,0.63,0.644,0.09,0.088
93.0,0.454,0.685,0.615,0.637,0.623,0.738,0.609,0.601,0.576,0.624,0.674,0.883,0.826,0.604,0.563,0.52,0.528,0.504,0.501,0.512,0.496,0.55,0.608,0.812,0.797,0.559,0.557,0.536,0.5,0.463,0.467,0.55,0.514,0.541,0.628,0.643,0.091,0.088
93.5,0.449,0.685,0.614,0.634,0.621,0.738,0.608,0.599,0.574,0.623,0.673,0.881,0.825,0.602,0.562,0.518,0.527,0.502,0.499,0.51,0.495,0.548,0.608,0.806,0.798,0.558,0.555,0.531,0.498,0.463,0.465,0.549,0.514,0.539,0.624,0.64,0.09,0.086
94.0,0.445,0.685,0.613,0.632,0.62,0.735,0.606,0.598,0.572,0.621,0.671,0.879,0.826,0.601,0.561,0.517,0.526,0.5,0.498,0.507,0.493,0.546,0.606,0.801,0.799,0.555,0.552,0.533,0.496,0.462,0.463,0.548,0.512,0.538,0.622,0.639,0.091,0.086
94.5,0.443,0.685,0.613,0.633,0.62,0.736,0.606,0.598,0.573,0.621,0.672,0.883,0.828,0.601,0.561,0.518,0.526,0.502,0.498,0.509,0.492,0.547,0.605,0.779,0.801,0.557,0.554,0.534,0.496,0.463,0.464,0.55,0.513,0.538,0.625,0.643,0.091,0.087
95.0,0.44,0.683,0.613,0.633,0.619,0.735,0.604,0.597,0.572,0.62,0.672,0.881,0.825,0.6,0.559,0.517,0.525,0.5,0.497,0.507,0.493,0.544,0.604,0.791,0.801,0.555,0.552,0.531,0.494,0.464,0.461,0.548,0.51,0.537,0.622,0.643,0.09,0.088
