,E1,E2,E3,E4,E5,E6,E7,E8,E9,E10,E11,E12,F1,F2,F3,F4,F5,F6,F7,F8,F9,F10,F11,F12,G1,G2,G3,G4,G5,G6,G7,G8,G9,G10,G11,G12,H1,H3,H5,H7,H9,H11
0.0,441743.0,426507.0,437883.0,430762.0,432556.0,428983.0,587741.0,592146.0,605692.0,590132.0,628032.0,597609.0,627391.0,617714.0,624230.0,624197.0,692620.0,631515.0,663774.0,666383.0,667841.0,657989.0,680401.0,718233.0,660156.0,643100.0,646259.0,634236.0,637370.0,642375.0,594046.0,610036.0,614982.0,603535.0,626580.0,602262.0,284724.0,280950.0,283873.0,279452.0,288093.0,290129.0
0.5,455881,449616,451057,447297,456573,453210,621623,617092,629842,609313,663225,612297,644948,637226,649243,643605,710275,639080,679946,689150,688325,685963,704675,750747,692237,675206,681998,668947,674295,680465,633029,636176,644656,633362,654915,634058,284596,279902,286157,284367,283633,289160
1.0,500811,486243,507835,504229,500736,490109,713625,713523,720302,725513,745488,697684,723055,720739,732949,708684,811819,723118,782036,773312,785402,786619,791587,846125,779165,777511,797713,761030,784524,769118,708232,702337,731915,725477,733803,721937,285671,280886,283305,281909,283168,286640
1.5,529114.0,519010.0,536874.0,533285.0,536494.0,518002.0,765444.0,777481.0,786932.0,808858.0,808259.0,750234.0,778964.0,797814.0,817985.0,788341.0,926419.0,815584.0,890837.0,894650.0,878547.0,902345.0,879469.0,930594.0,834085.0,842131.0,874118.0,836537.0,878425.0,864184.0,770802.0,762623.0,788365.0,776053.0,788741.0,758044.0,287507.0,279970.0,286046.0,281150.0,284242.0,289353.0
2.0,552916.0,549306.0,564047.0,565590.0,573813.0,539546.0,821316.0,843833.0,854002.0,907718.0,890953.0,801151.0,825185.0,888136.0,918684.0,881728.0,1047826.0,917762.0,973768.0,1005810.0,972020.0,1029667.0,931377.0,988306.0,929452.0,963147.0,995142.0,911581.0,988853.0,971108.0,846387.0,846288.0,867221.0,818309.0,819847.0,807035.0,284307.0,281759.0,280381.0,277696.0,281344.0,285952.0
2.5,569584.0,570903.0,582531.0,600324.0,605497.0,557064.0,886849.0,905130.0,913299.0,1008796.0,974460.0,830234.0,874410.0,960323.0,1028371.0,957830.0,1165225.0,994673.0,1093972.0,1116707.0,1075056.0,1143803.0,1004173.0,1058855.0,964180.0,1034537.0,1074649.0,982867.0,1085443.0,1060085.0,906919.0,899114.0,928876.0,860628.0,858283.0,823982.0,282792.0,282000.0,282271.0,279549.0,282073.0,285760.0
3.0,597393.0,595861.0,601849.0,632511.0,635494.0,570563.0,955528.0,963646.0,986350.0,1111456.0,1034622.0,867055.0,924171.0,1070564.0,1143459.0,1039204.0,1257394.0,1092236.0,1214511.0,1202011.0,1154777.0,1243711.0,1127201.0,1154547.0,1037268.0,1148787.0,1176740.0,1077189.0,1173928.0,1126897.0,972785.0,978218.0,988814.0,916135.0,891772.0,878132.0,288654.0,279594.0,282376.0,278253.0,281753.0,286088.0
3.5,627336.0,619537.0,623813.0,663421.0,662121.0,589131.0,1023863.0,1002911.0,1067459.0,1219017.0,1106905.0,903027.0,977545.0,1128406.0,1230892.0,1101042.0,1326956.0,1145190.0,1256365.0,1232662.0,1174195.0,1333824.0,1237720.0,1257410.0,1106047.0,1241866.0,1282458.0,1198307.0,1249917.0,1202388.0,1007822.0,1032402.0,1070516.0,946316.0,934694.0,912466.0,284399.0,280945.0,279616.0,277323.0,277654.0,284678.0
4.0,663328.0,654559.0,648085.0,698597.0,702380.0,622904.0,1103100.0,1068648.0,1155745.0,1352771.0,1171807.0,940710.0,1057190.0,1251840.0,1348417.0,1204847.0,1444030.0,1232446.0,1326472.0,1285742.0,1253685.0,1443745.0,1341065.0,1348510.0,1232300.0,1336906.0,1420978.0,1365131.0,1358739.0,1271862.0,1070631.0,1105359.0,1160393.0,1001155.0,992867.0,954368.0,284663.0,279313.0,279677.0,276969.0,278587.0,280736.0
4.5,690376.0,669647.0,656927.0,724881.0,725944.0,638327.0,1152497.0,1107230.0,1240063.0,1465241.0,1217558.0,984757.0,1100905.0,1372043.0,1449596.0,1306908.0,1506515.0,1284120.0,1400551.0,1341654.0,1298342.0,1530880.0,1417231.0,1430380.0,1330256.0,1461231.0,1545204.0,1498978.0,1460046.0,1370207.0,1113292.0,1168200.0,1224791.0,1029058.0,1029471.0,995088.0,281058.0,278153.0,274809.0,276357.0,273996.0,281135.0
5.0,737069.0,703894.0,692416.0,758444.0,765108.0,670235.0,1240864.0,1166847.0,1359922.0,1572404.0,1275592.0,1018215.0,1204733.0,1434891.0,1537119.0,1390907.0,1529966.0,1373190.0,1495144.0,1428576.0,1401450.0,1640311.0,1599229.0,1562246.0,1450335.0,1536640.0,1635221.0,1610004.0,1555466.0,1444963.0,1176530.0,1218747.0,1342971.0,1091041.0,1100376.0,1064472.0,283572.0,282385.0,281974.0,278229.0,279009.0,285387.0
5.5,774961.0,723360.0,696742.0,787978.0,791323.0,680516.0,1257552.0,1205414.0,1425369.0,1625626.0,1315722.0,1036164.0,1296292.0,1425587.0,1571041.0,1426860.0,1516257.0,1413924.0,1574238.0,1530225.0,1483765.0,1728461.0,1651938.0,1704168.0,1524556.0,1608394.0,1713775.0,1684785.0,1604262.0,1489103.0,1218108.0,1279372.0,1398908.0,1117558.0,1147264.0,1112344.0,283098.0,279660.0,276462.0,275775.0,281622.0,283394.0
6.0,797103.0,735674.0,714370.0,815343.0,815466.0,699878.0,1301751.0,1236195.0,1497512.0,1698049.0,1384285.0,1066531.0,1393135.0,1439553.0,1581862.0,1433312.0,1589698.0,1437575.0,1630649.0,1617335.0,1559501.0,1785668.0,1723790.0,1812304.0,1615221.0,1750249.0,1762497.0,1764622.0,1684792.0,1519738.0,1264761.0,1337440.0,1445580.0,1163229.0,1194893.0,1166327.0,288043.0,284635.0,283565.0,278909.0,284451.0,290282.0
6.5,829466.0,775863.0,733629.0,825580.0,819818.0,711353.0,1308277.0,1240735.0,1572528.0,1744185.0,1512148.0,1091337.0,1464551.0,1454206.0,1602311.0,1474420.0,1677107.0,1486055.0,1761530.0,1717504.0,1661497.0,1862319.0,1819444.0,1895068.0,1646057.0,1759335.0,1761805.0,1804659.0,1744133.0,1529637.0,1338153.0,1404932.0,1498258.0,1187385.0,1238245.0,1238840.0,288735.0,284747.0,285524.0,277810.0,281490.0,292341.0
7.0,842981.0,801642.0,771882.0,845089.0,852155.0,745532.0,1416170.0,1278070.0,1659266.0,1890650.0,1666381.0,1148973.0,1491875.0,1544212.0,1687831.0,1579894.0,1764735.0,1564613.0,1851992.0,1805612.0,1766855.0,1934024.0,1919486.0,2079424.0,1685017.0,1846974.0,1828842.0,1918299.0,1823664.0,1597832.0,1384721.0,1499064.0,1573995.0,1203500.0,1274394.0,1274024.0,286679.0,286803.0,282817.0,283302.0,284117.0,286335.0
7.5,839828.0,838601.0,800910.0,869554.0,859324.0,761473.0,1423598.0,1288052.0,1658517.0,1935564.0,1717466.0,1151487.0,1485415.0,1589980.0,1718035.0,1616490.0,1841428.0,1609981.0,1919294.0,1887976.0,1817843.0,1993381.0,1940960.0,2143671.0,1731147.0,1843511.0,1866762.0,2005841.0,1871423.0,1641573.0,1438033.0,1510279.0,1586274.0,1303069.0,1365085.0,1395012.0,284249.0,283288.0,282497.0,279028.0,279357.0,288666.0
8.0,855344.0,853926.0,837546.0,880661.0,883145.0,775862.0,1468124.0,1364176.0,1677424.0,2005031.0,1788879.0,1220751.0,1504957.0,1621611.0,1768059.0,1699103.0,1923913.0,1680438.0,2005660.0,1998732.0,1912537.0,2079811.0,2041950.0,2222555.0,1768888.0,1866497.0,1939842.0,2124523.0,1964330.0,1715567.0,1491175.0,1588578.0,1655633.0,1351992.0,1416050.0,1515105.0,281329.0,279267.0,278612.0,276348.0,277199.0,284192.0
8.5,867590.0,890009.0,884176.0,894008.0,922721.0,807203.0,1532871.0,1469483.0,1688956.0,2098561.0,1866419.0,1258401.0,1541692.0,1710359.0,1863060.0,1776566.0,1918161.0,1747449.0,2026466.0,2036492.0,1980378.0,2116655.0,2097468.0,2239765.0,1831007.0,1906428.0,1995319.0,2176192.0,1990183.0,1768222.0,1530857.0,1643219.0,1719525.0,1440178.0,1486917.0,1588772.0,282515.0,278879.0,275144.0,276433.0,275317.0,279854.0
9.0,902515.0,921688.0,934880.0,889447.0,922004.0,832739.0,1616086.0,1556169.0,1722401.0,2206842.0,1939644.0,1347969.0,1622477.0,1779832.0,1920604.0,1801717.0,1971791.0,1792046.0,2046093.0,2118898.0,2039164.0,2169150.0,2144854.0,2242886.0,1924454.0,1983771.0,2058002.0,2211791.0,2025784.0,1823427.0,1579303.0,1707422.0,1776836.0,1523605.0,1549109.0,1676906.0,279555.0,279887.0,276747.0,270750.0,274415.0,279029.0
9.5,921450.0,934024.0,964880.0,893889.0,923703.0,860366.0,1641525.0,1639770.0,1752906.0,2269167.0,2038082.0,1433794.0,1670707.0,1848006.0,1958159.0,1819191.0,1981110.0,1832354.0,2080084.0,2151372.0,2067127.0,2198518.0,2145854.0,2241485.0,1950774.0,2079909.0,2071548.0,2267985.0,2038669.0,1846064.0,1630805.0,1754381.0,1828897.0,1560504.0,1571443.0,1698711.0,279346.0,278696.0,272005.0,268980.0,275958.0,280677.0
10.0,967925.0,952287.0,1010729.0,913560.0,949397.0,900273.0,1673014.0,1745459.0,1796700.0,2368708.0,2115523.0,1510448.0,1740005.0,1907149.0,2023226.0,1879160.0,2093293.0,1907342.0,2170153.0,2225360.0,2141617.0,2281558.0,2203419.0,2292962.0,2036206.0,2188859.0,2141295.0,2330253.0,2123230.0,1926967.0,1668193.0,1804789.0,1896418.0,1609115.0,1631542.0,1774550.0,276684.0,279200.0,277661.0,275081.0,276682.0,282449.0
10.5,991922.0,970852.0,1027858.0,923275.0,963070.0,910378.0,1701586.0,1747614.0,1774684.0,2429776.0,2142226.0,1585716.0,1801826.0,1966852.0,2070044.0,1929122.0,2144907.0,1966050.0,2228479.0,2279335.0,2185361.0,2307107.0,2240079.0,2295257.0,2085655.0,2219988.0,2204876.0,2373803.0,2170274.0,1969778.0,1698445.0,1834644.0,1930938.0,1669010.0,1676066.0,1805080.0,279716.0,277701.0,275973.0,274772.0,276235.0,281647.0
11.0,1019434.0,990906.0,1065868.0,937113.0,977497.0,914990.0,1724440.0,1750471.0,1869442.0,2487600.0,2175558.0,1661212.0,1851559.0,2057697.0,2127615.0,1995746.0,2206449.0,2033403.0,2295975.0,2351454.0,2259325.0,2382319.0,2301988.0,2331925.0,2133322.0,2296798.0,2245192.0,2440276.0,2222648.0,2037368.0,1736752.0,1889655.0,1993118.0,1721114.0,1733903.0,1844905.0,280892.0,279105.0,277999.0,274615.0,277842.0,284625.0
11.5,1039522.0,1003101.0,1082925.0,946827.0,996746.0,928993.0,1772468.0,1756231.0,1935172.0,2546972.0,2136746.0,1691944.0,1886943.0,2094234.0,2160988.0,2071798.0,2232069.0,2058834.0,2342163.0,2395384.0,2294292.0,2414457.0,2349494.0,2367593.0,2180516.0,2358902.0,2294559.0,2460036.0,2295942.0,2076324.0,1779039.0,1906338.0,2031634.0,1751251.0,1773647.0,1896672.0,284099.0,283091.0,280915.0,280546.0,275331.0,284571.0
12.0,1068903.0,1111898.0,1120586.0,964814.0,1028476.0,943925.0,1834924.0,1761991.0,1985938.0,2574463.0,2142947.0,1751916.0,1966398.0,2147770.0,2211174.0,2098090.0,2301924.0,2109825.0,2401044.0,2443294.0,2352833.0,2452751.0,2408623.0,2427386.0,2264037.0,2403780.0,2377238.0,2534551.0,2375512.0,2141245.0,1803198.0,1968913.0,2067572.0,1806815.0,1816193.0,1925827.0,284297.0,284529.0,283809.0,279687.0,280287.0,281509.0
12.5,1080101.0,1140271.0,1126287.0,984701.0,1040474.0,964996.0,1869609.0,1766523.0,2070871.0,2604659.0,2179818.0,1791681.0,1994408.0,2185645.0,2244693.0,2128175.0,2319012.0,2128748.0,2427800.0,2460780.0,2391367.0,2482580.0,2433086.0,2444592.0,2300840.0,2433674.0,2409613.0,2566575.0,2390123.0,2175841.0,1856964.0,2000131.0,2102540.0,1822749.0,1838637.0,1959863.0,284400.0,285367.0,283709.0,283867.0,280968.0,289149.0
13.0,1099621.0,1143496.0,1129270.0,994148.0,1065555.0,969729.0,1913948.0,1790284.0,2102048.0,2629012.0,2185611.0,1826317.0,2031355.0,2215280.0,2272952.0,2160095.0,2373940.0,2158740.0,2448824.0,2493457.0,2401503.0,2521044.0,2450757.0,2496718.0,2355322.0,2526676.0,2444725.0,2590450.0,2457565.0,2233062.0,1886755.0,2036733.0,2141569.0,1876164.0,1876501.0,1995684.0,282877.0,285008.0,275983.0,277339.0,283397.0,288818.0
13.5,1123046.0,1167104.0,1147998.0,1007648.0,1089784.0,989639.0,1977386.0,1823486.0,2126895.0,2662320.0,2194011.0,1862648.0,2089554.0,2273890.0,2276483.0,2180064.0,2385496.0,2192502.0,2487919.0,2536397.0,2431364.0,2566087.0,2490711.0,2527125.0,2415152.0,2547856.0,2487186.0,2634708.0,2507471.0,2256427.0,1918994.0,2094933.0,2175877.0,1913368.0,1903657.0,2053709.0,280096.0,278680.0,276143.0,274288.0,278132.0,288165.0
14.0,1153043.0,1202910.0,1197858.0,1026938.0,1102836.0,1017005.0,2035185.0,1870746.0,2184159.0,2717361.0,2242587.0,1927611.0,2161891.0,2304767.0,2334879.0,2229122.0,2426428.0,2241890.0,2535690.0,2575997.0,2490624.0,2600814.0,2554780.0,2586726.0,2454945.0,2620163.0,2539938.0,2716706.0,2540588.0,2319015.0,1998360.0,2144799.0,2236937.0,1955685.0,1952694.0,2068382.0,283800.0,285708.0,277688.0,277963.0,275765.0,282320.0
14.5,1166844.0,1210251.0,1211619.0,1052966.0,1132375.0,1048261.0,2086931.0,1952364.0,2243506.0,2756389.0,2289271.0,1952406.0,2196763.0,2345132.0,2367541.0,2270164.0,2474664.0,2277504.0,2601629.0,2612152.0,2526376.0,2649810.0,2588272.0,2677059.0,2497669.0,2705123.0,2620341.0,2764736.0,2616784.0,2415758.0,2031838.0,2160011.0,2252238.0,1995888.0,1991346.0,2144416.0,280991.0,280464.0,275345.0,278823.0,279725.0,289531.0
15.0,1220536.0,1280766.0,1248227.0,1098155.0,1165390.0,1093120.0,2163368.0,2041112.0,2338111.0,2848615.0,2385297.0,2030369.0,2307299.0,2425254.0,2434417.0,2337817.0,2561340.0,2346396.0,2672892.0,2707043.0,2629771.0,2740221.0,2673372.0,2766563.0,2602006.0,2801122.0,2727678.0,2887975.0,2722908.0,2501801.0,2088076.0,2243627.0,2314550.0,2066396.0,2074991.0,2218940.0,283878.0,277563.0,276984.0,277517.0,278679.0,286675.0
15.5,1251626.0,1294705.0,1287039.0,1111083.0,1184108.0,1129326.0,2200020.0,2094677.0,2412138.0,2908271.0,2431817.0,2097757.0,2353253.0,2475196.0,2477475.0,2387983.0,2605249.0,2380580.0,2726809.0,2764606.0,2672413.0,2777952.0,2730842.0,2820078.0,2648140.0,2842854.0,2779235.0,2930688.0,2761512.0,2559446.0,2156993.0,2292858.0,2376395.0,2105217.0,2119459.0,2243932.0,282039.0,285240.0,281730.0,278484.0,285153.0,287217.0
16.0,1278247.0,1257510.0,1310206.0,1144705.0,1215437.0,1144650.0,2255940.0,2165437.0,2456115.0,2938827.0,2489144.0,2155885.0,2405071.0,2524245.0,2536062.0,2437638.0,2664118.0,2446425.0,2792536.0,2812338.0,2739247.0,2853420.0,2807512.0,2905679.0,2714995.0,2942876.0,2869411.0,2996275.0,2838785.0,2620670.0,2209384.0,2347233.0,2417072.0,2157327.0,2196411.0,2314577.0,286664.0,282182.0,283572.0,280653.0,280897.0,294401.0
16.5,1310838.0,1263222.0,1332278.0,1166265.0,1241484.0,1165588.0,2285210.0,2216580.0,2497556.0,2991262.0,2520129.0,2203307.0,2472278.0,2559774.0,2596418.0,2475466.0,2707526.0,2483001.0,2827700.0,2859768.0,2767817.0,2917601.0,2833294.0,2957661.0,2803931.0,2990208.0,2899101.0,3054113.0,2894984.0,2679907.0,2261556.0,2402182.0,2469791.0,2217308.0,2228651.0,2373486.0,286194.0,281842.0,283521.0,279893.0,286888.0,292401.0
17.0,1330712.0,1260103.0,1354394.0,1183145.0,1259084.0,1197275.0,2345629.0,2256218.0,2554407.0,3043616.0,2594685.0,2262614.0,2525084.0,2600097.0,2640490.0,2514563.0,2754917.0,2526756.0,2892335.0,2916390.0,2843906.0,2967207.0,2885951.0,2988330.0,2836741.0,3027257.0,2944320.0,3090368.0,2929136.0,2712710.0,2311013.0,2426675.0,2511656.0,2252580.0,2273357.0,2392162.0,286654.0,284463.0,281168.0,277980.0,283405.0,292068.0
17.5,1347255.0,1248063.0,1363793.0,1199272.0,1280403.0,1212524.0,2374765.0,2298145.0,2603280.0,3044469.0,2624799.0,2297043.0,2564232.0,2628028.0,2658240.0,2558126.0,2783066.0,2576103.0,2933762.0,2953865.0,2876020.0,3004142.0,2931873.0,3052796.0,2892918.0,3042793.0,2990810.0,3091314.0,2973289.0,2766697.0,2342934.0,2472157.0,2525090.0,2285530.0,2309766.0,2439879.0,282533.0,277960.0,283325.0,280461.0,277562.0,291013.0
18.0,1379625.0,1251718.0,1381842.0,1213117.0,1297360.0,1223217.0,2413246.0,2338897.0,2614205.0,3061821.0,2634797.0,2338705.0,2598842.0,2673882.0,2707588.0,2596697.0,2844221.0,2610657.0,2973810.0,2991080.0,2930266.0,3057672.0,2955397.0,3090997.0,2948277.0,3117014.0,3039401.0,3112499.0,3009147.0,2780956.0,2353813.0,2511137.0,2562828.0,2326573.0,2338432.0,2475693.0,279295.0,282139.0,277537.0,277167.0,277243.0,286532.0
18.5,1403787.0,1281508.0,1399976.0,1229072.0,1315034.0,1255997.0,2433865.0,2361643.0,2666600.0,3122503.0,2668910.0,2393884.0,2635028.0,2732045.0,2739692.0,2630884.0,2861428.0,2636986.0,3015480.0,3038271.0,2960224.0,3084544.0,2993835.0,3102400.0,2981323.0,3144335.0,3074460.0,3150076.0,3024338.0,2808901.0,2401211.0,2535533.0,2608072.0,2355988.0,2392850.0,2508492.0,280876.0,280347.0,280162.0,276309.0,281822.0,286954.0
19.0,1435775.0,1292583.0,1417879.0,1261327.0,1342476.0,1270006.0,2498282.0,2435487.0,2732263.0,3156582.0,2746380.0,2464829.0,2730268.0,2776699.0,2803594.0,2698043.0,2930215.0,2696518.0,3081687.0,3065314.0,3011013.0,3173143.0,3043234.0,3183677.0,3054607.0,3239249.0,3182576.0,3191582.0,3089934.0,2858433.0,2452309.0,2589790.0,2685637.0,2423323.0,2438465.0,2572435.0,281975.0,285462.0,281661.0,282205.0,283740.0,291931.0
19.5,1463953.0,1312691.0,1430752.0,1278615.0,1361310.0,1293343.0,2549422.0,2478753.0,2749891.0,3174344.0,2784536.0,2518687.0,2770834.0,2804241.0,2836593.0,2744272.0,2987615.0,2741126.0,3131852.0,3129078.0,3059922.0,3206193.0,3085093.0,3220844.0,3129561.0,3295621.0,3243273.0,3261298.0,3136242.0,2918568.0,2501244.0,2651471.0,2685680.0,2457171.0,2477873.0,2607151.0,285962.0,280299.0,281450.0,278848.0,283952.0,288877.0
20.0,1505220.0,1342657.0,1486965.0,1310717.0,1400828.0,1342123.0,2610208.0,2541789.0,2855299.0,3302436.0,2889129.0,2599800.0,2857597.0,2895097.0,2931770.0,2807817.0,3058325.0,2853107.0,3220236.0,3218143.0,3163081.0,3293716.0,3176990.0,3320706.0,3203683.0,3387630.0,3338302.0,3338951.0,3247781.0,3005074.0,2592944.0,2725351.0,2792256.0,2552071.0,2539716.0,2694762.0,286684.0,285472.0,285926.0,279985.0,280946.0,291410.0
20.5,1529831.0,1343998.0,1502532.0,1345310.0,1428156.0,1361793.0,2647610.0,2589870.0,2897298.0,3332478.0,2950328.0,2668380.0,2930401.0,2928072.0,2990576.0,2853968.0,3107458.0,2880752.0,3264942.0,3265058.0,3203721.0,3359809.0,3236301.0,3393610.0,3268987.0,3450631.0,3389066.0,3357742.0,3265353.0,3085453.0,2626250.0,2734285.0,2806799.0,2578347.0,2579227.0,2742028.0,286284.0,285177.0,285778.0,279763.0,283948.0,299111.0
21.0,1579879.0,1377689.0,1522417.0,1372341.0,1460167.0,1392549.0,2702164.0,2636103.0,2913115.0,3403976.0,2998773.0,2727390.0,3018718.0,2970548.0,3027736.0,2913067.0,3171840.0,2908404.0,3311353.0,3311909.0,3260067.0,3450991.0,3299680.0,3433015.0,3375330.0,3532662.0,3497828.0,3419855.0,3361414.0,3134300.0,2676277.0,2791723.0,2870388.0,2622522.0,2645271.0,2788876.0,286457.0,286875.0,284156.0,278057.0,288328.0,294957.0
21.5,1605078.0,1380660.0,1557992.0,1399789.0,1473087.0,1410977.0,2748499.0,2674616.0,2988673.0,3463758.0,3078948.0,2796423.0,3072766.0,3007664.0,3065699.0,2942125.0,3218393.0,2967238.0,3357236.0,3372198.0,3308357.0,3538880.0,3332363.0,3489489.0,3448344.0,3587077.0,3536992.0,3475180.0,3409608.0,3180645.0,2714345.0,2831886.0,2918761.0,2682313.0,2704947.0,2859037.0,285398.0,286160.0,284102.0,281503.0,286107.0,295175.0
22.0,1650606.0,1379585.0,1578648.0,1428616.0,1493822.0,1430413.0,2777653.0,2752486.0,3037583.0,3499506.0,3131421.0,2850243.0,3156046.0,3062668.0,3094454.0,2978553.0,3246633.0,3009385.0,3407746.0,3412392.0,3344322.0,3621986.0,3380816.0,3568253.0,3525879.0,3676764.0,3621345.0,3520993.0,3488200.0,3250782.0,2788743.0,2877240.0,2953412.0,2713209.0,2729770.0,2902271.0,288436.0,288280.0,284421.0,283647.0,285984.0,297623.0
22.5,1674823.0,1379784.0,1574504.0,1442880.0,1511880.0,1434401.0,2820185.0,2778321.0,3054859.0,3559551.0,3154908.0,2899795.0,3220873.0,3112745.0,3115405.0,2978040.0,3265513.0,3014297.0,3469560.0,3426429.0,3374005.0,3680843.0,3364725.0,3587345.0,3565935.0,3712051.0,3709982.0,3572621.0,3522912.0,3319670.0,2821736.0,2926258.0,2980900.0,2744024.0,2779260.0,2960908.0,287361.0,286586.0,283870.0,282186.0,286476.0,294768.0
23.0,1697475.0,1402311.0,1605022.0,1470774.0,1535899.0,1461522.0,2851725.0,2829239.0,3108610.0,3617141.0,3207292.0,2977840.0,3274776.0,3143825.0,3158260.0,3029931.0,3296302.0,3058951.0,3488471.0,3472574.0,3386431.0,3781418.0,3413292.0,3634159.0,3620629.0,3800555.0,3755360.0,3628548.0,3570424.0,3363919.0,2868454.0,2971721.0,3061045.0,2799030.0,2819621.0,3010526.0,287586.0,286746.0,283336.0,281307.0,284446.0,291630.0
23.5,1740234.0,1436146.0,1615270.0,1488262.0,1541811.0,1475322.0,2913832.0,2889583.0,3146981.0,3614835.0,3249469.0,3011731.0,3327348.0,3182882.0,3190423.0,3063928.0,3330796.0,3081982.0,3533153.0,3484866.0,3405611.0,3846777.0,3442681.0,3691995.0,3690085.0,3863326.0,3806132.0,3648751.0,3633948.0,3430721.0,2893883.0,2993394.0,3072732.0,2831825.0,2870805.0,3041096.0,288845.0,283482.0,277473.0,282230.0,283858.0,292291.0
24.0,1787421.0,1467386.0,1648348.0,1529926.0,1576979.0,1508207.0,2978367.0,2948753.0,3212480.0,3705198.0,3298664.0,3108393.0,3428951.0,3242882.0,3252221.0,3101355.0,3394114.0,3135183.0,3591868.0,3556411.0,3478156.0,4029544.0,3516675.0,3761409.0,3747696.0,3949416.0,3926880.0,3781983.0,3707631.0,3508750.0,2987539.0,3089359.0,3152078.0,2901831.0,2940054.0,3125505.0,287805.0,286720.0,283377.0,284761.0,283905.0,296992.0
24.5,1577526.0,1540338.0,1637164.0,1474735.0,1484352.0,1585678.0,2831913.0,3018218.0,2734890.0,3222250.0,3117831.0,2929672.0,3066829.0,2905629.0,2924715.0,2904785.0,3287177.0,2826691.0,3329636.0,3100685.0,3158765.0,3824450.0,3251378.0,3687159.0,3109674.0,3293473.0,3110596.0,3432254.0,3210303.0,3143302.0,2818077.0,2675091.0,2632756.0,2750352.0,2580500.0,2785376.0,288147.0,278474.0,273449.0,262616.0,267090.0,263963.0
25.0,1885363.0,1595351.0,1728275.0,1612755.0,1670736.0,1577988.0,3157485.0,3143111.0,3439383.0,3825044.0,3464517.0,3335297.0,3631395.0,3392581.0,3393097.0,3268880.0,3559712.0,3296626.0,3792884.0,3732719.0,3629417.0,4686436.0,3682485.0,3966226.0,3997053.0,4276172.0,4192626.0,4023389.0,3936954.0,3772589.0,3169343.0,3278164.0,3342615.0,3058420.0,3129390.0,3332797.0,286152.0,284608.0,282023.0,279948.0,282840.0,290468.0
25.5,1929858.0,1637724.0,1761221.0,1649655.0,1683468.0,1601163.0,3219713.0,3234044.0,3506390.0,3932179.0,3546720.0,3438116.0,3748320.0,3483267.0,3462338.0,3328608.0,3638980.0,3335205.0,3872533.0,3807384.0,3728294.0,5225722.0,3748809.0,4069571.0,4157737.0,4389510.0,4317664.0,4141704.0,4039202.0,3888620.0,3244558.0,3354600.0,3424980.0,3151349.0,3173426.0,3429834.0,289452.0,288411.0,282355.0,282438.0,286375.0,294932.0
26.0,2006684.0,1701700.0,1829284.0,1695894.0,1732480.0,1656261.0,3333964.0,3298681.0,3626122.0,4040296.0,3645485.0,3555192.0,3862216.0,3584566.0,3548776.0,3420269.0,3722448.0,3448446.0,4003321.0,3915529.0,3806963.0,5812815.0,3849740.0,4188493.0,4372119.0,4590493.0,4491076.0,4297753.0,4229194.0,4078059.0,3355246.0,3453190.0,3485097.0,3229849.0,3286514.0,3531411.0,284848.0,290942.0,282812.0,285208.0,284354.0,295821.0
26.5,2085080.0,1741771.0,1851210.0,1731361.0,1764528.0,1680551.0,3434280.0,3466148.0,3706500.0,4102315.0,3744529.0,3650112.0,3978148.0,3646070.0,3629147.0,3486671.0,3786255.0,3519120.0,4101990.0,3992296.0,3863888.0,6201247.0,3900640.0,4301166.0,4701526.0,4776004.0,4615023.0,4478239.0,4381210.0,4215627.0,3435897.0,3545048.0,3609989.0,3325414.0,3366910.0,3632283.0,288283.0,286824.0,283076.0,283668.0,283651.0,295072.0
27.0,2182280.0,1802731.0,1905179.0,1786520.0,1818828.0,1723148.0,3548274.0,3650340.0,3859256.0,4241137.0,3898685.0,3812308.0,4135069.0,3753765.0,3719964.0,3592747.0,3889818.0,3606887.0,4259630.0,4074803.0,3980696.0,6543015.0,4000888.0,4444611.0,5606476.0,4988660.0,4814294.0,4678489.0,4535169.0,4383836.0,3547073.0,3672523.0,3687425.0,3420279.0,3487957.0,3756889.0,288072.0,285926.0,285127.0,283891.0,287375.0,295650.0
27.5,2280082.0,1855379.0,1933369.0,1840543.0,1835565.0,1759930.0,3640024.0,3750876.0,3960072.0,4352611.0,4001033.0,3942671.0,4273801.0,3812432.0,3790551.0,3629537.0,3941899.0,3678141.0,4343147.0,4177513.0,4052850.0,6713130.0,4056991.0,4576070.0,6365104.0,5230787.0,4938324.0,4846036.0,4674382.0,4573720.0,3629226.0,3775695.0,3803513.0,3533303.0,3581325.0,3855198.0,287442.0,288814.0,282753.0,281614.0,283725.0,300414.0
28.0,2598453.0,1924238.0,1992224.0,1876692.0,1876016.0,1799427.0,3750807.0,3950066.0,4073116.0,4427936.0,4113950.0,4095151.0,4473936.0,3911837.0,3868770.0,3687292.0,4047831.0,3781085.0,4467988.0,4279712.0,4132378.0,6806634.0,4139448.0,4713928.0,6816351.0,5870957.0,5219954.0,5185054.0,4993039.0,4918103.0,3743456.0,3910417.0,3947653.0,3650426.0,3701118.0,3993536.0,286048.0,286634.0,282974.0,277344.0,285837.0,290595.0
28.5,2978431.0,1977645.0,2040550.0,1934966.0,1932411.0,1863185.0,3837935.0,4130368.0,4206954.0,4558804.0,4232128.0,4249824.0,4757784.0,4026901.0,3915736.0,3776846.0,4159642.0,3838937.0,4674340.0,4390631.0,4231076.0,6906324.0,4222265.0,4853347.0,7053501.0,6642456.0,5739926.0,5831282.0,5608179.0,5540097.0,3838633.0,4024830.0,4045560.0,3774027.0,3830168.0,4108587.0,280818.0,285844.0,280340.0,282147.0,284067.0,293479.0
29.0,3285473.0,2071505.0,2111473.0,1994750.0,1995540.0,1920267.0,4034335.0,4520974.0,4395434.0,4770415.0,4419672.0,4495440.0,5563291.0,4210996.0,4048522.0,3883441.0,4281399.0,3969632.0,5078494.0,4552012.0,4380191.0,7024144.0,4362706.0,5178776.0,7197237.0,7329019.0,6559687.0,6504856.0,6274357.0,6250854.0,4008838.0,4171014.0,4218175.0,3884921.0,3954097.0,4593439.0,281353.0,282998.0,277098.0,277423.0,281220.0,294852.0
29.5,3470349.0,2231884.0,2195004.0,2073082.0,2073645.0,1985724.0,4328033.0,5032247.0,4676749.0,5130626.0,4733825.0,5057880.0,6350576.0,4355293.0,4153839.0,4031852.0,4440509.0,4107183.0,5670662.0,4804489.0,4551398.0,7122193.0,4492887.0,5834166.0,7371558.0,7707346.0,7162067.0,6971634.0,6783036.0,6690787.0,4231663.0,4492553.0,4532770.0,4137660.0,4145708.0,5345911.0,287122.0,281702.0,279921.0,278512.0,282405.0,292790.0
30.0,3611741.0,2501794.0,2392138.0,2256170.0,2227202.0,2140392.0,4875882.0,5736684.0,5190460.0,5724547.0,5272241.0,5841114.0,6919973.0,4564480.0,4354891.0,4224163.0,4733723.0,4355899.0,6336735.0,5364248.0,4969837.0,7275322.0,4682236.0,6728341.0,7606501.0,8052498.0,7676328.0,7372552.0,7233739.0,7115998.0,4783419.0,5165060.0,5157554.0,4721775.0,4551445.0,6111078.0,288901.0,286155.0,280391.0,280706.0,284109.0,296327.0
30.5,3712495.0,2748986.0,2603511.0,2470192.0,2450055.0,2350028.0,5386882.0,6411101.0,5724699.0,6246541.0,5832657.0,6395885.0,7220151.0,4861934.0,4537297.0,4444398.0,5187651.0,4770157.0,6792757.0,6000155.0,5540806.0,7341271.0,4901143.0,7368138.0,7693357.0,8181506.0,7926052.0,7471975.0,7410385.0,7253378.0,5392183.0,5756214.0,5720749.0,5318558.0,5165958.0,6492570.0,289247.0,284489.0,281607.0,279921.0,288002.0,294103.0
31.0,3819382.0,2936335.0,2837226.0,2718246.0,2699209.0,2627379.0,5867545.0,6931448.0,6226515.0,6729880.0,6341442.0,6794333.0,7453609.0,5428323.0,4978299.0,4880965.0,5812259.0,5330607.0,7199368.0,6624876.0,6207431.0,7447870.0,5391878.0,7805036.0,7939198.0,8409752.0,8100821.0,7645051.0,7563013.0,7422252.0,5900875.0,6230756.0,6221300.0,5879234.0,5832531.0,6751432.0,292214.0,284654.0,286365.0,283540.0,289227.0,296261.0
31.5,3933006.0,3058652.0,3047044.0,2929966.0,2879924.0,2828945.0,6189349.0,7437047.0,6552001.0,7082403.0,6682896.0,7014829.0,7660412.0,6079095.0,5563099.0,5488795.0,6326286.0,5889902.0,7422764.0,7033421.0,6709674.0,7545748.0,6043600.0,8073816.0,8013541.0,8481637.0,8228320.0,7790118.0,7661562.0,7554989.0,6226106.0,6504166.0,6509353.0,6191087.0,6247465.0,6888601.0,289127.0,287146.0,282361.0,279405.0,286435.0,299676.0
32.0,4038282.0,3152379.0,3178806.0,3088999.0,3040067.0,2975694.0,6441949.0,7711851.0,6817975.0,7300601.0,6953167.0,7229867.0,7832127.0,6541824.0,6154649.0,6055935.0,6771574.0,6298442.0,7607589.0,7311232.0,7076247.0,7604461.0,6728869.0,8298097.0,8190509.0,8662042.0,8422580.0,7896604.0,7822413.0,7680640.0,6459611.0,6722751.0,6727837.0,6376794.0,6495129.0,7031647.0,291911.0,289533.0,282873.0,280635.0,286373.0,299013.0
32.5,4091374.0,3166594.0,3228899.0,3161164.0,3105287.0,3055528.0,6510619.0,7828630.0,6902602.0,7442427.0,7045603.0,7277163.0,7937162.0,6851175.0,6538123.0,6363782.0,6993105.0,6556896.0,7711412.0,7458260.0,7260346.0,7615332.0,7147946.0,8350304.0,8258836.0,8705502.0,8428429.0,7873934.0,7855275.0,7763843.0,6600720.0,6785640.0,6797118.0,6476928.0,6649931.0,7108797.0,291690.0,287487.0,282000.0,283774.0,286247.0,293992.0
33.0,4182730.0,3206440.0,3292468.0,3215625.0,3152811.0,3109293.0,6623732.0,7962330.0,7033452.0,7497043.0,7160384.0,7378821.0,8021940.0,7016633.0,6842027.0,6601441.0,7126852.0,6743993.0,7729359.0,7554629.0,7382652.0,7657793.0,7449266.0,8429493.0,8346271.0,8752338.0,8480113.0,7956638.0,7936775.0,7844284.0,6677671.0,6881249.0,6927377.0,6517156.0,6742538.0,7172936.0,289618.0,290711.0,280481.0,279363.0,285149.0,300345.0
33.5,4244236.0,3232160.0,3301601.0,3276472.0,3193266.0,3130094.0,6658996.0,8029512.0,7080357.0,7527431.0,7229662.0,7434146.0,8159584.0,7148994.0,6985672.0,6750022.0,7271451.0,6836063.0,7766227.0,7595564.0,7458287.0,7691237.0,7622599.0,8505287.0,8483586.0,8795319.0,8512888.0,7982678.0,7922055.0,7829074.0,6716362.0,6923160.0,6947992.0,6569760.0,6756409.0,7232250.0,289134.0,286640.0,281123.0,280876.0,288060.0,294803.0
34.0,4348540.0,3282438.0,3371917.0,3309001.0,3258138.0,3197315.0,6796690.0,8155052.0,7173809.0,7700564.0,7332583.0,7599034.0,8311717.0,7301037.0,7157501.0,6937220.0,7382401.0,6978785.0,7923635.0,7728055.0,7632575.0,7756993.0,7812865.0,8661592.0,8594569.0,8925145.0,8638312.0,8100315.0,8047895.0,7984687.0,6808738.0,7035173.0,7073058.0,6703282.0,6923158.0,7327608.0,290875.0,288840.0,282568.0,277576.0,286008.0,300343.0
34.5,4408595.0,3318364.0,3412851.0,3368758.0,3263052.0,3225805.0,6861278.0,8228434.0,7261269.0,7785726.0,7436456.0,7663348.0,8496874.0,7391177.0,7241559.0,7027585.0,7456942.0,7052044.0,7954723.0,7802844.0,7699595.0,7799388.0,7914227.0,8759761.0,8670295.0,9036221.0,8739248.0,8178254.0,8139809.0,8053821.0,6890769.0,7094660.0,7102118.0,6801732.0,7021366.0,7436228.0,286329.0,290324.0,282201.0,281198.0,284084.0,299510.0
35.0,4549633.0,3400666.0,3484018.0,3434951.0,3337147.0,3291173.0,6986702.0,8350950.0,7410047.0,7874780.0,7586057.0,7916289.0,8673158.0,7550439.0,7407769.0,7183650.0,7624116.0,7175218.0,8169557.0,7955222.0,7839055.0,7945887.0,8096602.0,8935799.0,8895312.0,9170521.0,8900194.0,8254391.0,8242919.0,8178056.0,6998838.0,7239658.0,7262881.0,6877864.0,7109849.0,7598180.0,292263.0,286761.0,285583.0,282059.0,288268.0,299864.0
35.5,4653335.0,3421856.0,3522091.0,3471680.0,3374207.0,3323294.0,7060506.0,8464863.0,7474959.0,7971247.0,7614725.0,7970956.0,8826288.0,7611776.0,7511801.0,7229876.0,7716108.0,7271916.0,8179656.0,8002677.0,7888998.0,8003159.0,8164334.0,9022904.0,9013408.0,9318539.0,8995419.0,8321234.0,8339354.0,8262348.0,7044875.0,7288593.0,7295641.0,6969675.0,7204997.0,7683295.0,291656.0,289533.0,283710.0,281912.0,290393.0,300952.0
36.0,4728734.0,3495293.0,3581967.0,3517905.0,3422426.0,3386576.0,7177179.0,8624454.0,7608870.0,8070046.0,7754876.0,8154382.0,9038239.0,7776230.0,7614100.0,7380425.0,7852198.0,7378809.0,8305435.0,8182896.0,8048689.0,8119457.0,8350634.0,9237394.0,9155043.0,9422933.0,9149557.0,8435832.0,8466176.0,8417820.0,7176394.0,7428894.0,7449933.0,7099331.0,7347968.0,7831373.0,297803.0,295220.0,285240.0,290201.0,287442.0,308283.0
36.5,4782476.0,3512971.0,3600439.0,3544311.0,3434538.0,3401784.0,7210143.0,8620438.0,7627061.0,8095006.0,7831741.0,8216179.0,9140355.0,7784662.0,7658284.0,7423310.0,7875152.0,7442022.0,8349145.0,8184445.0,8070475.0,8133756.0,8381323.0,9257411.0,9272407.0,9458463.0,9133000.0,8504196.0,8507899.0,8470969.0,7228976.0,7473055.0,7470400.0,7146835.0,7398753.0,7858795.0,295997.0,291562.0,286789.0,283895.0,290848.0,306015.0
37.0,4860873.0,3546848.0,3631938.0,3613690.0,3486400.0,3444194.0,7279633.0,8782508.0,7730488.0,8196812.0,7880515.0,8374421.0,9342171.0,7881173.0,7751336.0,7521840.0,7997197.0,7550910.0,8413063.0,8254857.0,8153264.0,8213715.0,8476786.0,9402596.0,9336195.0,9621873.0,9317712.0,8549643.0,8593724.0,8546940.0,7316646.0,7532093.0,7563873.0,7256035.0,7474469.0,7982072.0,298967.0,294995.0,290666.0,281161.0,293330.0,305092.0
37.5,4908683.0,3582890.0,3640161.0,3590475.0,3475852.0,3440107.0,7281054.0,8818886.0,7722786.0,8153513.0,7851546.0,8427469.0,9435501.0,7897114.0,7768370.0,7499004.0,7982289.0,7526132.0,8386061.0,8280881.0,8123605.0,8170899.0,8485135.0,9365462.0,9394611.0,9650781.0,9304939.0,8572833.0,8541177.0,8575031.0,7292871.0,7485267.0,7507160.0,7242186.0,7442097.0,7892324.0,293656.0,292112.0,284459.0,288351.0,296226.0,305005.0
38.0,4928492.0,3583108.0,3655130.0,3612624.0,3474984.0,3428526.0,7271583.0,8821347.0,7692845.0,8117648.0,7896865.0,8474684.0,9483977.0,7921743.0,7818901.0,7491939.0,7966905.0,7532643.0,8365378.0,8232313.0,8139491.0,8190834.0,8499064.0,9412275.0,9468208.0,9604191.0,9332960.0,8494659.0,8564530.0,8571596.0,7260683.0,7536657.0,7490327.0,7200213.0,7462826.0,8027831.0,298358.0,292146.0,288226.0,286351.0,290924.0,307142.0
38.5,4921315.0,3590123.0,3658410.0,3616170.0,3476892.0,3449312.0,7276642.0,8778760.0,7716863.0,8129898.0,7903967.0,8530393.0,9567530.0,7920537.0,7787225.0,7501524.0,7990643.0,7528274.0,8349412.0,8241866.0,8131787.0,8173007.0,8503853.0,9452890.0,9468285.0,9666367.0,9326253.0,8535957.0,8566275.0,8554240.0,7263245.0,7540517.0,7486864.0,7223741.0,7496696.0,7997452.0,296884.0,295100.0,286330.0,281442.0,290482.0,303889.0
39.0,4961564.0,3652315.0,3688797.0,3638565.0,3510085.0,3499622.0,7335122.0,8811675.0,7818054.0,8214619.0,7986023.0,8685899.0,9702491.0,7970287.0,7877525.0,7567105.0,8004810.0,7569211.0,8421264.0,8292169.0,8200749.0,8229590.0,8596832.0,9530108.0,9534876.0,9778316.0,9401333.0,8593857.0,8665117.0,8665043.0,7349603.0,7605676.0,7575718.0,7318475.0,7567897.0,8010479.0,297667.0,296276.0,284535.0,281603.0,290644.0,305514.0
39.5,5028682.0,3688812.0,3702569.0,3661075.0,3534024.0,3491746.0,7357550.0,8775541.0,7800605.0,8223805.0,7996311.0,8748796.0,9841505.0,8034773.0,7917836.0,7603655.0,8053747.0,7586255.0,8474454.0,8325068.0,8252379.0,8274419.0,8639453.0,9642591.0,9564207.0,9796017.0,9465159.0,8588182.0,8702088.0,8642667.0,7403240.0,7630652.0,7578496.0,7336308.0,7569757.0,8134574.0,295760.0,296017.0,287419.0,286570.0,293719.0,302253.0
40.0,5157667.0,3765903.0,3762267.0,3720659.0,3580124.0,3582867.0,7489338.0,8910582.0,7973137.0,8410403.0,8183113.0,9004722.0,10070960.0,8148741.0,8025906.0,7724293.0,8199845.0,7761955.0,8608999.0,8435289.0,8376256.0,8393479.0,8797909.0,9862150.0,9741458.0,9957728.0,9640372.0,8735200.0,8791642.0,8899255.0,7468141.0,7771500.0,7677125.0,7400339.0,7706387.0,8265563.0,308192.0,294873.0,291860.0,281852.0,294584.0,307230.0
40.5,5117241.0,3771525.0,3776369.0,3740036.0,3598432.0,3586990.0,7500852.0,8951130.0,7956477.0,8409223.0,8168401.0,9077476.0,10164446.0,8165089.0,8040051.0,7745442.0,8203683.0,7774937.0,8579325.0,8481812.0,8402561.0,8426493.0,8849302.0,9916696.0,9769708.0,10002335.0,9702302.0,8745999.0,8854308.0,8907112.0,7534369.0,7740151.0,7681512.0,7484521.0,7764868.0,8254756.0,303579.0,296112.0,292411.0,288871.0,293886.0,311608.0
41.0,5119065.0,3833199.0,3833365.0,3786956.0,3620570.0,3621215.0,7597009.0,8962014.0,8052588.0,8496206.0,8258772.0,9267912.0,10339494.0,8278901.0,8146065.0,7834353.0,8279692.0,7834733.0,8665343.0,8567963.0,8479573.0,8492949.0,8927828.0,10092500.0,9848558.0,10113923.0,9783825.0,8818280.0,8906901.0,9031802.0,7598229.0,7820166.0,7766545.0,7504525.0,7874114.0,8407030.0,302055.0,299584.0,294355.0,289067.0,297910.0,309438.0
41.5,5214856.0,3887037.0,3832738.0,3813476.0,3646415.0,3636279.0,7609489.0,9053115.0,8060235.0,8521247.0,8325689.0,9377183.0,10501352.0,8317968.0,8159535.0,7858674.0,8280825.0,7861893.0,8655482.0,8568053.0,8503564.0,8552621.0,8943742.0,10144923.0,9988569.0,10184252.0,9842009.0,8818744.0,8988938.0,9084230.0,7606329.0,7819832.0,7757082.0,7538290.0,7852436.0,8432740.0,304904.0,297506.0,292774.0,294835.0,296512.0,306007.0
42.0,5219154.0,3934944.0,3864512.0,3828338.0,3649914.0,3649645.0,7633546.0,9032353.0,8091466.0,8532827.0,8351593.0,9500230.0,10646996.0,8370299.0,8193688.0,7915823.0,8329328.0,7898875.0,8696945.0,8571549.0,8527928.0,8565541.0,8989014.0,10210352.0,9962968.0,10299124.0,9869389.0,8868575.0,9023942.0,9094830.0,7623065.0,7883177.0,7781053.0,7604530.0,7909641.0,8411875.0,303823.0,294009.0,291013.0,287158.0,294848.0,312632.0
42.5,5164277.0,3948232.0,3883828.0,3813646.0,3649891.0,3640316.0,7595404.0,8943099.0,8077588.0,8515297.0,8356176.0,9538078.0,10726699.0,8349659.0,8214413.0,7854345.0,8299152.0,7838193.0,8647801.0,8558573.0,8465873.0,8566825.0,8961353.0,10256992.0,9952202.0,10295629.0,9886144.0,8892501.0,9026567.0,9099146.0,7599661.0,7873757.0,7774619.0,7535037.0,7859817.0,8420002.0,302861.0,296441.0,291814.0,289844.0,294411.0,307558.0
43.0,5242993.0,3982698.0,3874106.0,3812421.0,3640937.0,3647174.0,7558307.0,8976921.0,8053479.0,8498971.0,8369533.0,9563764.0,10727088.0,8345701.0,8193383.0,7890414.0,8334081.0,7858358.0,8644184.0,8575603.0,8479499.0,8543786.0,8943285.0,10275048.0,9887099.0,10348052.0,9930988.0,8859619.0,9060624.0,9152010.0,7616535.0,7840067.0,7779526.0,7571563.0,7914440.0,8466626.0,304196.0,294070.0,292028.0,288143.0,295599.0,306664.0
43.5,5149360.0,4000592.0,3868956.0,3809678.0,3625159.0,3653379.0,7592783.0,8962474.0,8072628.0,8527948.0,8336235.0,9655835.0,10787385.0,8408510.0,8153791.0,7825124.0,8304890.0,7845494.0,8599434.0,8572355.0,8482292.0,8545876.0,8921189.0,10329994.0,9830207.0,10336807.0,9909543.0,8872200.0,8997676.0,9133661.0,7546152.0,7832966.0,7774643.0,7561148.0,7851786.0,8395104.0,299537.0,293434.0,289607.0,288835.0,294961.0,309168.0
44.0,5221355.0,4046415.0,3893050.0,3843066.0,3653532.0,3655150.0,7632658.0,8933835.0,8143551.0,8574464.0,8411778.0,9752272.0,10918137.0,8459788.0,8207129.0,7867988.0,8349882.0,7891247.0,8653473.0,8579142.0,8532552.0,8637530.0,9010235.0,10443704.0,9818582.0,10405422.0,10016403.0,8904811.0,9138568.0,9223457.0,7656522.0,7854677.0,7745244.0,7581664.0,7956693.0,8552619.0,299172.0,293424.0,287437.0,284557.0,291436.0,305566.0
44.5,5217453.0,4071938.0,3899601.0,3856008.0,3646357.0,3665221.0,7602049.0,8920689.0,8090057.0,8564203.0,8403025.0,9813347.0,11022794.0,8426186.0,8207649.0,7884505.0,8350476.0,7880894.0,8627555.0,8548059.0,8504302.0,8600752.0,9000913.0,10491773.0,9900497.0,10498302.0,10072729.0,8945387.0,9124910.0,9303991.0,7607677.0,7853861.0,7742400.0,7610512.0,7956707.0,8585142.0,305121.0,286592.0,287208.0,279772.0,291671.0,305259.0
45.0,5287233.0,4169331.0,3972228.0,3933212.0,3700770.0,3744932.0,7768991.0,9105897.0,8240394.0,8743750.0,8596351.0,10123264.0,11240923.0,8609915.0,8394382.0,8035179.0,8491781.0,8012921.0,8821523.0,8699964.0,8675659.0,8805773.0,9150729.0,10727441.0,10086403.0,10704726.0,10256423.0,9126333.0,9290576.0,9477150.0,7793403.0,7993389.0,7915669.0,7768825.0,8124799.0,8730353.0,301223.0,292690.0,284921.0,286583.0,292283.0,304604.0
45.5,5253843.0,4183433.0,3977005.0,3920345.0,3715649.0,3740327.0,7749764.0,8928048.0,8250709.0,8712172.0,8614794.0,10104358.0,11222341.0,8655182.0,8359036.0,8026372.0,8429131.0,8044883.0,8758782.0,8687875.0,8636683.0,8789531.0,9115646.0,10747342.0,10553315.0,10717521.0,10230017.0,9114637.0,9336516.0,9421843.0,7771486.0,8026774.0,7907606.0,7747428.0,8122323.0,8764418.0,303902.0,293928.0,285713.0,285290.0,289761.0,303014.0
46.0,5270068.0,4246189.0,4039317.0,3970180.0,3746588.0,3774890.0,7829292.0,9066941.0,8323308.0,8811365.0,8699562.0,10314932.0,11394545.0,8747723.0,8402244.0,8111266.0,8564092.0,8065697.0,8851503.0,8752548.0,8738723.0,8888994.0,9216072.0,10936795.0,10889412.0,10908069.0,10342230.0,9234204.0,9418508.0,9568431.0,7853892.0,8079800.0,7966798.0,7803134.0,8214210.0,8846757.0,304896.0,290631.0,287499.0,282272.0,296594.0,306441.0
46.5,5408277.0,4293226.0,4034405.0,3962735.0,3747010.0,3774988.0,7819210.0,9003465.0,8328156.0,8831694.0,8713318.0,10417243.0,11435502.0,8762570.0,8462987.0,8075347.0,8549433.0,8073035.0,8846458.0,8764788.0,8719131.0,8858487.0,9216427.0,11005953.0,11019391.0,10917306.0,10399955.0,9314481.0,9515710.0,9659310.0,7802120.0,8096023.0,7914001.0,7830818.0,8221382.0,8887107.0,309091.0,295593.0,291049.0,285326.0,294427.0,308858.0
47.0,5209351.0,4328298.0,4055012.0,3981432.0,3755238.0,3796807.0,7824606.0,8844298.0,8329625.0,8833395.0,8711254.0,10388579.0,11504632.0,8786320.0,8422435.0,8103433.0,8567949.0,8102208.0,8800025.0,8733851.0,8679312.0,8854713.0,9228860.0,10986797.0,11504514.0,11024055.0,10521811.0,9272820.0,9471039.0,9726401.0,7852661.0,8110990.0,7944465.0,7759715.0,8192178.0,8990106.0,307120.0,292954.0,286636.0,283467.0,288842.0,302981.0
