,A1,A2,A3,A4,A5,A6,A7,A8,A9,A10,A11,A12,B1,B2,B3,B4,B5,B6,B7,B9,B10,B11,C1,C2,C3,C4,C5,C6,C7,C9,C10,C11,C12,D1,D2,D3,D4,D5,D6,D7,D8,D9,D10,D11,D12,E1,E2,E3,E4,E5,E6,E7,E8,E9,E10,E11,E12,F1,F2,F3,F4,F5,F6,F7,F8,F9,F10,F11,F12,G1,G2,G3,G4,G5,G6,G7,G8,G12,H1,H2,H3,H4,H5,H6,H7,H8,H9,H11,H12
0.0,0.209,0.212,0.212,0.086,0.198,0.193,0.197,0.088,0.204,0.211,0.207,0.085,0.21,0.207,0.209,0.093,0.202,0.198,0.186,0.204,0.209,0.209,0.209,0.206,0.208,0.083,0.199,0.198,0.199,0.203,0.205,0.205,0.082,0.213,0.212,0.21,0.084,0.197,0.2,0.199,0.083,0.202,0.205,0.205,0.083,0.209,0.21,0.209,0.083,0.198,0.198,0.201,0.083,0.205,0.207,0.206,0.085,0.212,0.208,0.209,0.082,0.197,0.195,0.197,0.086,0.206,0.212,0.207,0.083,0.204,0.203,0.201,0.083,0.194,0.194,0.193,0.084,0.084,0.207,0.206,0.208,0.209,0.208,0.206,0.204,0.207,0.208,0.206,0.209
0.5,0.208,0.213,0.211,0.086,0.198,0.195,0.199,0.084,0.204,0.209,0.205,0.085,0.21,0.209,0.211,0.094,0.199,0.198,0.19,0.204,0.206,0.207,0.21,0.209,0.209,0.083,0.203,0.199,0.2,0.206,0.205,0.204,0.083,0.211,0.217,0.21,0.082,0.201,0.204,0.202,0.082,0.205,0.205,0.208,0.083,0.209,0.211,0.209,0.083,0.203,0.201,0.202,0.084,0.206,0.211,0.205,0.085,0.211,0.212,0.212,0.083,0.203,0.2,0.201,0.086,0.208,0.209,0.208,0.083,0.21,0.209,0.208,0.083,0.199,0.197,0.2,0.084,0.083,0.207,0.207,0.211,0.214,0.207,0.207,0.206,0.204,0.208,0.204,0.208
1.0,0.199,0.217,0.215,0.086,0.199,0.197,0.195,0.084,0.207,0.209,0.203,0.086,0.205,0.208,0.21,0.094,0.204,0.199,0.193,0.207,0.214,0.209,0.207,0.215,0.211,0.083,0.205,0.204,0.208,0.214,0.214,0.218,0.091,0.21,0.218,0.214,0.084,0.209,0.208,0.211,0.083,0.214,0.214,0.216,0.084,0.21,0.218,0.215,0.083,0.208,0.204,0.208,0.084,0.213,0.215,0.213,0.084,0.213,0.223,0.219,0.082,0.209,0.206,0.199,0.086,0.216,0.22,0.216,0.083,0.211,0.212,0.209,0.083,0.21,0.208,0.21,0.084,0.085,0.209,0.211,0.214,0.215,0.21,0.21,0.209,0.205,0.207,0.205,0.207
1.5,0.205,0.222,0.218,0.087,0.201,0.199,0.206,0.086,0.213,0.211,0.202,0.085,0.206,0.213,0.22,0.093,0.212,0.211,0.207,0.219,0.225,0.221,0.214,0.223,0.22,0.083,0.214,0.214,0.216,0.225,0.227,0.227,0.088,0.216,0.232,0.221,0.084,0.218,0.216,0.218,0.084,0.225,0.227,0.228,0.084,0.216,0.228,0.223,0.083,0.221,0.217,0.215,0.084,0.224,0.226,0.227,0.084,0.216,0.226,0.226,0.084,0.223,0.219,0.216,0.086,0.225,0.23,0.227,0.083,0.213,0.218,0.217,0.084,0.235,0.233,0.233,0.085,0.086,0.216,0.213,0.217,0.218,0.216,0.213,0.214,0.212,0.214,0.215,0.212
2.0,0.216,0.232,0.222,0.086,0.209,0.205,0.215,0.087,0.222,0.218,0.209,0.086,0.215,0.22,0.228,0.093,0.221,0.218,0.217,0.228,0.232,0.23,0.221,0.231,0.229,0.084,0.223,0.221,0.22,0.235,0.235,0.236,0.085,0.224,0.239,0.231,0.084,0.229,0.227,0.228,0.084,0.233,0.234,0.237,0.084,0.223,0.235,0.233,0.082,0.237,0.23,0.226,0.084,0.234,0.233,0.235,0.083,0.225,0.235,0.235,0.082,0.234,0.233,0.225,0.086,0.233,0.241,0.234,0.084,0.223,0.223,0.221,0.086,0.254,0.244,0.251,0.084,0.085,0.222,0.221,0.226,0.223,0.222,0.217,0.219,0.216,0.218,0.222,0.221
2.5,0.227,0.239,0.228,0.086,0.216,0.214,0.22,0.088,0.234,0.227,0.214,0.085,0.225,0.226,0.231,0.093,0.227,0.225,0.226,0.234,0.24,0.237,0.232,0.237,0.236,0.083,0.232,0.227,0.228,0.243,0.241,0.242,0.09,0.236,0.249,0.24,0.082,0.239,0.238,0.238,0.083,0.241,0.242,0.242,0.083,0.231,0.244,0.24,0.083,0.25,0.24,0.233,0.085,0.242,0.24,0.24,0.084,0.231,0.243,0.241,0.083,0.254,0.248,0.239,0.087,0.243,0.245,0.241,0.084,0.233,0.231,0.231,0.084,0.28,0.265,0.272,0.084,0.084,0.23,0.229,0.232,0.231,0.232,0.225,0.224,0.224,0.223,0.23,0.226
3.0,0.239,0.249,0.237,0.086,0.227,0.221,0.23,0.088,0.238,0.237,0.224,0.086,0.238,0.235,0.238,0.094,0.233,0.232,0.236,0.242,0.251,0.243,0.241,0.247,0.243,0.083,0.24,0.237,0.237,0.251,0.249,0.248,0.091,0.246,0.257,0.249,0.086,0.249,0.247,0.247,0.084,0.249,0.25,0.249,0.084,0.239,0.255,0.251,0.082,0.259,0.253,0.245,0.085,0.251,0.242,0.249,0.083,0.241,0.254,0.252,0.083,0.273,0.271,0.256,0.087,0.249,0.251,0.245,0.084,0.241,0.244,0.24,0.084,0.303,0.287,0.292,0.085,0.085,0.238,0.236,0.237,0.24,0.242,0.23,0.23,0.232,0.233,0.239,0.233
3.5,0.255,0.262,0.246,0.086,0.239,0.229,0.245,0.084,0.246,0.253,0.242,0.086,0.257,0.247,0.252,0.093,0.243,0.239,0.244,0.252,0.259,0.252,0.257,0.26,0.255,0.083,0.248,0.244,0.244,0.258,0.259,0.258,0.09,0.257,0.268,0.26,0.082,0.258,0.258,0.257,0.084,0.259,0.26,0.258,0.083,0.255,0.263,0.26,0.083,0.271,0.264,0.253,0.086,0.261,0.249,0.259,0.086,0.251,0.261,0.26,0.082,0.289,0.29,0.273,0.087,0.254,0.255,0.25,0.084,0.249,0.256,0.252,0.084,0.317,0.297,0.306,0.085,0.085,0.246,0.247,0.248,0.249,0.25,0.243,0.238,0.239,0.24,0.25,0.242
4.0,0.272,0.276,0.258,0.086,0.25,0.238,0.262,0.084,0.259,0.267,0.257,0.085,0.274,0.26,0.264,0.094,0.25,0.248,0.254,0.261,0.268,0.265,0.272,0.272,0.265,0.083,0.259,0.253,0.254,0.268,0.268,0.269,0.088,0.271,0.28,0.271,0.083,0.272,0.272,0.269,0.083,0.269,0.27,0.268,0.084,0.268,0.275,0.271,0.082,0.282,0.277,0.266,0.084,0.271,0.26,0.268,0.086,0.26,0.269,0.269,0.083,0.308,0.306,0.289,0.087,0.259,0.268,0.255,0.083,0.258,0.266,0.261,0.084,0.331,0.31,0.319,0.085,0.084,0.256,0.256,0.255,0.259,0.259,0.252,0.247,0.247,0.248,0.263,0.25
4.5,0.288,0.29,0.272,0.086,0.262,0.247,0.278,0.085,0.275,0.281,0.27,0.086,0.287,0.276,0.278,0.094,0.26,0.261,0.266,0.274,0.283,0.278,0.286,0.287,0.282,0.083,0.271,0.265,0.266,0.279,0.281,0.28,0.088,0.288,0.292,0.284,0.083,0.287,0.287,0.282,0.083,0.281,0.282,0.281,0.084,0.28,0.285,0.282,0.083,0.296,0.29,0.279,0.087,0.282,0.274,0.279,0.086,0.271,0.278,0.278,0.082,0.322,0.322,0.303,0.088,0.265,0.265,0.26,0.084,0.266,0.275,0.271,0.088,0.342,0.318,0.33,0.086,0.085,0.266,0.263,0.266,0.271,0.271,0.263,0.256,0.26,0.258,0.275,0.261
5.0,0.303,0.302,0.285,0.086,0.274,0.258,0.285,0.084,0.288,0.292,0.281,0.086,0.302,0.29,0.29,0.094,0.277,0.275,0.276,0.288,0.296,0.289,0.3,0.301,0.294,0.082,0.284,0.279,0.278,0.293,0.291,0.292,0.084,0.302,0.306,0.298,0.082,0.3,0.301,0.297,0.083,0.291,0.291,0.293,0.085,0.292,0.294,0.291,0.082,0.309,0.303,0.293,0.083,0.296,0.285,0.29,0.085,0.278,0.285,0.285,0.081,0.334,0.334,0.315,0.087,0.27,0.269,0.265,0.083,0.272,0.281,0.277,0.084,0.352,0.326,0.341,0.084,0.085,0.278,0.273,0.276,0.285,0.282,0.275,0.265,0.269,0.269,0.298,0.272
5.5,0.318,0.317,0.299,0.087,0.285,0.271,0.297,0.084,0.303,0.306,0.296,0.086,0.317,0.304,0.302,0.094,0.292,0.29,0.286,0.301,0.309,0.304,0.316,0.314,0.307,0.083,0.3,0.294,0.294,0.302,0.304,0.306,0.084,0.316,0.318,0.309,0.083,0.317,0.317,0.312,0.083,0.303,0.303,0.304,0.084,0.303,0.305,0.301,0.084,0.326,0.319,0.308,0.086,0.311,0.298,0.303,0.086,0.287,0.295,0.292,0.083,0.345,0.346,0.326,0.087,0.277,0.281,0.271,0.084,0.282,0.293,0.286,0.086,0.365,0.342,0.351,0.087,0.085,0.29,0.288,0.291,0.3,0.296,0.29,0.278,0.283,0.281,0.311,0.285
6.0,0.331,0.331,0.314,0.086,0.301,0.286,0.311,0.083,0.317,0.319,0.307,0.085,0.332,0.319,0.315,0.094,0.308,0.304,0.302,0.313,0.319,0.316,0.331,0.331,0.324,0.083,0.313,0.309,0.308,0.315,0.315,0.318,0.082,0.33,0.331,0.324,0.083,0.333,0.333,0.329,0.083,0.314,0.314,0.318,0.083,0.314,0.317,0.312,0.083,0.342,0.335,0.324,0.084,0.324,0.311,0.315,0.083,0.298,0.302,0.303,0.082,0.357,0.358,0.336,0.086,0.283,0.281,0.275,0.083,0.289,0.297,0.292,0.084,0.375,0.354,0.36,0.088,0.084,0.302,0.302,0.306,0.313,0.31,0.302,0.292,0.296,0.293,0.326,0.3
6.5,0.349,0.348,0.328,0.086,0.316,0.303,0.325,0.084,0.331,0.332,0.32,0.085,0.351,0.332,0.33,0.095,0.321,0.317,0.317,0.324,0.331,0.329,0.348,0.347,0.339,0.083,0.327,0.324,0.323,0.329,0.329,0.333,0.083,0.347,0.349,0.341,0.083,0.352,0.35,0.345,0.084,0.329,0.328,0.33,0.083,0.328,0.33,0.326,0.084,0.359,0.354,0.343,0.086,0.34,0.327,0.328,0.086,0.311,0.311,0.313,0.083,0.365,0.366,0.347,0.087,0.289,0.288,0.282,0.084,0.301,0.307,0.302,0.085,0.386,0.368,0.371,0.089,0.085,0.319,0.319,0.32,0.328,0.327,0.319,0.308,0.313,0.313,0.344,0.318
7.0,0.366,0.364,0.345,0.086,0.33,0.316,0.339,0.083,0.345,0.346,0.333,0.085,0.371,0.349,0.346,0.094,0.336,0.332,0.331,0.338,0.344,0.342,0.365,0.365,0.356,0.083,0.345,0.341,0.34,0.342,0.343,0.347,0.083,0.365,0.365,0.357,0.082,0.372,0.371,0.366,0.084,0.341,0.342,0.344,0.084,0.342,0.344,0.34,0.082,0.378,0.372,0.36,0.086,0.352,0.341,0.341,0.086,0.321,0.322,0.322,0.082,0.374,0.374,0.354,0.087,0.297,0.295,0.29,0.083,0.31,0.313,0.309,0.085,0.397,0.382,0.381,0.085,0.084,0.335,0.333,0.337,0.342,0.341,0.332,0.323,0.329,0.329,0.359,0.333
7.5,0.387,0.383,0.362,0.087,0.348,0.333,0.354,0.084,0.359,0.359,0.349,0.086,0.392,0.366,0.364,0.094,0.354,0.348,0.348,0.352,0.359,0.357,0.387,0.384,0.374,0.083,0.363,0.359,0.358,0.358,0.356,0.361,0.083,0.385,0.385,0.375,0.083,0.399,0.395,0.387,0.085,0.356,0.356,0.359,0.084,0.359,0.359,0.354,0.082,0.399,0.394,0.383,0.086,0.368,0.356,0.355,0.087,0.332,0.333,0.333,0.082,0.383,0.381,0.363,0.089,0.305,0.303,0.297,0.084,0.32,0.324,0.32,0.086,0.409,0.39,0.392,0.086,0.083,0.35,0.347,0.351,0.36,0.356,0.347,0.338,0.342,0.339,0.38,0.347
8.0,0.409,0.403,0.38,0.086,0.365,0.351,0.37,0.084,0.374,0.373,0.362,0.085,0.414,0.387,0.384,0.093,0.373,0.368,0.368,0.368,0.374,0.371,0.41,0.406,0.395,0.082,0.386,0.38,0.379,0.372,0.372,0.377,0.082,0.407,0.405,0.396,0.082,0.421,0.419,0.411,0.084,0.371,0.369,0.375,0.082,0.374,0.376,0.369,0.082,0.425,0.42,0.409,0.086,0.385,0.371,0.371,0.087,0.345,0.345,0.344,0.082,0.394,0.392,0.369,0.088,0.313,0.311,0.305,0.085,0.326,0.336,0.332,0.084,0.42,0.401,0.406,0.084,0.084,0.367,0.366,0.369,0.381,0.374,0.364,0.355,0.359,0.36,0.399,0.364
8.5,0.431,0.424,0.403,0.088,0.384,0.371,0.39,0.082,0.392,0.389,0.38,0.086,0.438,0.409,0.404,0.094,0.395,0.391,0.39,0.385,0.391,0.389,0.435,0.429,0.416,0.082,0.409,0.402,0.4,0.39,0.389,0.394,0.082,0.43,0.425,0.416,0.082,0.442,0.44,0.431,0.084,0.387,0.386,0.39,0.085,0.392,0.393,0.385,0.083,0.451,0.448,0.437,0.086,0.405,0.389,0.387,0.085,0.359,0.358,0.356,0.083,0.41,0.406,0.382,0.089,0.322,0.318,0.312,0.083,0.336,0.348,0.344,0.085,0.43,0.413,0.418,0.084,0.084,0.388,0.387,0.392,0.404,0.394,0.384,0.372,0.378,0.376,0.42,0.38
9.0,0.457,0.448,0.425,0.089,0.406,0.394,0.411,0.083,0.411,0.406,0.396,0.085,0.461,0.432,0.426,0.094,0.418,0.413,0.413,0.403,0.407,0.408,0.457,0.449,0.436,0.083,0.433,0.425,0.423,0.409,0.406,0.41,0.083,0.453,0.445,0.434,0.082,0.463,0.464,0.455,0.083,0.406,0.404,0.407,0.086,0.412,0.409,0.402,0.083,0.476,0.472,0.46,0.083,0.424,0.409,0.402,0.085,0.379,0.37,0.369,0.082,0.425,0.422,0.396,0.09,0.332,0.328,0.322,0.083,0.347,0.361,0.355,0.084,0.446,0.425,0.434,0.084,0.084,0.413,0.411,0.416,0.43,0.418,0.408,0.393,0.399,0.395,0.443,0.4
9.5,0.483,0.473,0.448,0.088,0.431,0.416,0.433,0.083,0.43,0.423,0.414,0.085,0.484,0.453,0.447,0.094,0.44,0.434,0.435,0.421,0.424,0.425,0.478,0.469,0.456,0.083,0.453,0.445,0.445,0.427,0.425,0.427,0.082,0.474,0.466,0.453,0.082,0.486,0.486,0.478,0.085,0.424,0.421,0.426,0.085,0.43,0.427,0.423,0.083,0.499,0.496,0.484,0.085,0.442,0.425,0.42,0.085,0.401,0.382,0.381,0.081,0.444,0.442,0.413,0.088,0.342,0.338,0.332,0.083,0.358,0.372,0.366,0.084,0.46,0.437,0.451,0.085,0.085,0.439,0.435,0.442,0.454,0.443,0.433,0.419,0.422,0.416,0.469,0.42
10.0,0.509,0.498,0.47,0.086,0.454,0.44,0.455,0.084,0.448,0.442,0.433,0.086,0.505,0.475,0.466,0.094,0.462,0.453,0.457,0.439,0.441,0.44,0.5,0.488,0.475,0.082,0.475,0.467,0.466,0.446,0.441,0.443,0.083,0.496,0.487,0.472,0.083,0.508,0.508,0.499,0.085,0.442,0.439,0.442,0.084,0.447,0.444,0.438,0.083,0.522,0.52,0.51,0.085,0.46,0.442,0.433,0.085,0.423,0.396,0.394,0.082,0.464,0.459,0.433,0.09,0.353,0.348,0.341,0.084,0.37,0.386,0.38,0.084,0.478,0.446,0.467,0.085,0.085,0.47,0.462,0.469,0.478,0.469,0.457,0.444,0.443,0.439,0.497,0.444
10.5,0.536,0.523,0.495,0.087,0.477,0.464,0.476,0.083,0.466,0.459,0.45,0.086,0.526,0.494,0.486,0.094,0.483,0.474,0.477,0.455,0.457,0.457,0.519,0.506,0.494,0.082,0.497,0.486,0.483,0.462,0.457,0.459,0.082,0.514,0.506,0.491,0.083,0.525,0.529,0.518,0.083,0.459,0.455,0.459,0.085,0.465,0.459,0.452,0.083,0.544,0.544,0.53,0.086,0.477,0.457,0.448,0.084,0.441,0.412,0.406,0.082,0.488,0.482,0.453,0.09,0.365,0.361,0.351,0.085,0.38,0.398,0.394,0.084,0.497,0.461,0.487,0.084,0.084,0.503,0.491,0.498,0.504,0.495,0.481,0.466,0.466,0.462,0.528,0.465
11.0,0.562,0.548,0.519,0.088,0.5,0.487,0.497,0.083,0.485,0.475,0.467,0.085,0.546,0.514,0.505,0.093,0.501,0.493,0.498,0.473,0.475,0.473,0.539,0.525,0.511,0.082,0.517,0.505,0.502,0.481,0.474,0.476,0.082,0.533,0.526,0.51,0.082,0.544,0.549,0.536,0.084,0.479,0.471,0.477,0.085,0.48,0.475,0.468,0.082,0.565,0.566,0.555,0.084,0.494,0.475,0.464,0.084,0.454,0.429,0.421,0.082,0.515,0.509,0.476,0.089,0.376,0.371,0.362,0.084,0.391,0.41,0.407,0.085,0.517,0.475,0.507,0.084,0.084,0.537,0.523,0.526,0.531,0.519,0.502,0.489,0.487,0.485,0.558,0.488
11.5,0.591,0.572,0.542,0.089,0.522,0.507,0.518,0.084,0.501,0.491,0.485,0.085,0.566,0.534,0.523,0.095,0.521,0.512,0.517,0.49,0.489,0.49,0.559,0.544,0.528,0.083,0.537,0.525,0.521,0.499,0.491,0.493,0.082,0.551,0.546,0.529,0.082,0.564,0.567,0.556,0.085,0.496,0.488,0.493,0.085,0.497,0.491,0.483,0.083,0.586,0.588,0.575,0.085,0.51,0.492,0.48,0.082,0.466,0.442,0.437,0.083,0.546,0.538,0.505,0.088,0.391,0.383,0.375,0.084,0.405,0.425,0.42,0.084,0.535,0.492,0.528,0.089,0.085,0.575,0.555,0.554,0.561,0.546,0.527,0.514,0.511,0.51,0.592,0.511
12.0,0.618,0.597,0.562,0.089,0.546,0.529,0.537,0.084,0.519,0.507,0.498,0.085,0.584,0.55,0.541,0.094,0.539,0.529,0.535,0.507,0.504,0.505,0.575,0.561,0.544,0.082,0.556,0.542,0.539,0.516,0.507,0.506,0.082,0.567,0.563,0.543,0.082,0.581,0.585,0.573,0.083,0.514,0.505,0.507,0.084,0.508,0.506,0.496,0.083,0.605,0.608,0.595,0.084,0.525,0.508,0.494,0.083,0.473,0.455,0.448,0.082,0.58,0.569,0.536,0.088,0.404,0.396,0.386,0.083,0.416,0.439,0.433,0.084,0.55,0.514,0.546,0.086,0.083,0.613,0.583,0.578,0.59,0.568,0.546,0.536,0.53,0.53,0.626,0.533
12.5,0.643,0.622,0.585,0.085,0.568,0.552,0.557,0.084,0.536,0.521,0.514,0.085,0.603,0.57,0.557,0.093,0.559,0.546,0.554,0.524,0.521,0.521,0.593,0.577,0.562,0.082,0.575,0.559,0.557,0.531,0.525,0.523,0.082,0.585,0.581,0.558,0.084,0.601,0.604,0.588,0.085,0.53,0.521,0.523,0.086,0.525,0.519,0.508,0.083,0.626,0.629,0.618,0.086,0.542,0.526,0.507,0.084,0.482,0.468,0.462,0.082,0.614,0.603,0.57,0.087,0.419,0.409,0.4,0.084,0.429,0.451,0.446,0.085,0.57,0.532,0.566,0.085,0.084,0.65,0.614,0.606,0.624,0.593,0.569,0.561,0.551,0.556,0.662,0.553
13.0,0.669,0.647,0.606,0.086,0.591,0.573,0.578,0.083,0.551,0.536,0.529,0.085,0.621,0.585,0.574,0.094,0.574,0.564,0.571,0.539,0.536,0.535,0.61,0.594,0.576,0.082,0.592,0.575,0.573,0.545,0.539,0.537,0.082,0.6,0.598,0.574,0.083,0.617,0.62,0.606,0.085,0.545,0.537,0.539,0.085,0.538,0.532,0.522,0.083,0.644,0.647,0.635,0.085,0.557,0.543,0.522,0.083,0.494,0.479,0.472,0.083,0.649,0.636,0.602,0.086,0.433,0.423,0.413,0.084,0.442,0.465,0.459,0.084,0.589,0.554,0.586,0.087,0.084,0.685,0.642,0.63,0.653,0.616,0.59,0.582,0.573,0.579,0.697,0.574
13.5,0.695,0.668,0.627,0.088,0.612,0.593,0.598,0.083,0.567,0.55,0.544,0.085,0.637,0.602,0.589,0.094,0.59,0.58,0.587,0.554,0.549,0.549,0.627,0.609,0.591,0.083,0.608,0.592,0.589,0.56,0.553,0.551,0.083,0.616,0.614,0.589,0.083,0.632,0.636,0.622,0.085,0.562,0.552,0.551,0.085,0.551,0.546,0.535,0.083,0.662,0.665,0.654,0.085,0.573,0.558,0.535,0.084,0.513,0.49,0.485,0.082,0.688,0.67,0.636,0.09,0.449,0.439,0.427,0.085,0.457,0.479,0.473,0.084,0.611,0.577,0.606,0.086,0.084,0.717,0.667,0.655,0.679,0.638,0.611,0.602,0.591,0.604,0.727,0.594
14.0,0.718,0.691,0.644,0.088,0.633,0.612,0.614,0.083,0.582,0.563,0.556,0.086,0.655,0.619,0.604,0.093,0.605,0.594,0.602,0.566,0.562,0.563,0.642,0.623,0.605,0.082,0.623,0.606,0.601,0.573,0.565,0.564,0.082,0.633,0.63,0.602,0.083,0.648,0.651,0.636,0.084,0.575,0.566,0.565,0.085,0.563,0.557,0.546,0.083,0.678,0.681,0.671,0.085,0.587,0.574,0.547,0.084,0.52,0.5,0.494,0.083,0.721,0.702,0.669,0.087,0.463,0.452,0.438,0.084,0.47,0.492,0.485,0.084,0.626,0.592,0.62,0.083,0.084,0.742,0.689,0.676,0.701,0.66,0.63,0.622,0.612,0.628,0.759,0.612
14.5,0.739,0.709,0.66,0.086,0.651,0.628,0.632,0.084,0.596,0.575,0.571,0.085,0.673,0.634,0.618,0.094,0.617,0.607,0.616,0.58,0.576,0.576,0.657,0.638,0.618,0.083,0.638,0.62,0.615,0.586,0.58,0.576,0.082,0.65,0.646,0.616,0.082,0.663,0.666,0.65,0.084,0.588,0.58,0.579,0.083,0.575,0.571,0.557,0.083,0.695,0.697,0.685,0.087,0.6,0.591,0.559,0.083,0.54,0.512,0.505,0.082,0.754,0.731,0.702,0.087,0.48,0.468,0.453,0.084,0.482,0.504,0.497,0.083,0.642,0.612,0.64,0.084,0.085,0.757,0.706,0.693,0.72,0.679,0.65,0.643,0.629,0.651,0.79,0.629
15.0,0.757,0.725,0.68,0.086,0.669,0.646,0.65,0.083,0.61,0.59,0.583,0.085,0.688,0.649,0.63,0.094,0.633,0.622,0.628,0.592,0.587,0.589,0.673,0.652,0.631,0.083,0.652,0.633,0.628,0.599,0.592,0.588,0.083,0.663,0.661,0.629,0.082,0.675,0.678,0.664,0.084,0.603,0.594,0.593,0.083,0.588,0.583,0.57,0.083,0.709,0.714,0.703,0.087,0.612,0.603,0.569,0.084,0.534,0.523,0.516,0.082,0.787,0.762,0.733,0.087,0.496,0.482,0.467,0.085,0.496,0.517,0.51,0.085,0.659,0.631,0.657,0.085,0.085,0.765,0.721,0.709,0.727,0.697,0.668,0.659,0.647,0.674,0.814,0.646
15.5,0.767,0.738,0.694,0.086,0.684,0.662,0.667,0.084,0.623,0.603,0.594,0.085,0.702,0.664,0.646,0.094,0.646,0.634,0.643,0.606,0.599,0.601,0.688,0.665,0.645,0.083,0.665,0.647,0.641,0.61,0.602,0.599,0.082,0.678,0.675,0.643,0.082,0.689,0.69,0.676,0.084,0.614,0.606,0.605,0.083,0.599,0.593,0.581,0.083,0.723,0.726,0.717,0.086,0.624,0.618,0.581,0.083,0.526,0.531,0.527,0.082,0.816,0.788,0.764,0.087,0.511,0.497,0.481,0.083,0.51,0.53,0.524,0.085,0.676,0.649,0.674,0.084,0.083,0.764,0.732,0.721,0.738,0.713,0.686,0.676,0.666,0.693,0.832,0.664
16.0,0.776,0.748,0.707,0.085,0.695,0.674,0.681,0.083,0.634,0.612,0.606,0.085,0.716,0.676,0.658,0.093,0.658,0.647,0.656,0.618,0.609,0.613,0.701,0.678,0.656,0.082,0.676,0.658,0.652,0.622,0.613,0.609,0.082,0.691,0.688,0.652,0.082,0.7,0.701,0.688,0.085,0.626,0.618,0.616,0.083,0.61,0.603,0.592,0.083,0.735,0.738,0.73,0.086,0.636,0.628,0.588,0.083,0.531,0.542,0.537,0.081,0.844,0.812,0.791,0.087,0.526,0.512,0.494,0.084,0.525,0.542,0.532,0.085,0.69,0.667,0.694,0.086,0.084,0.764,0.739,0.731,0.752,0.728,0.702,0.69,0.683,0.71,0.846,0.676
16.5,0.774,0.754,0.717,0.086,0.704,0.686,0.694,0.083,0.646,0.624,0.618,0.084,0.731,0.688,0.67,0.094,0.671,0.658,0.668,0.63,0.621,0.625,0.715,0.689,0.671,0.082,0.69,0.669,0.664,0.635,0.624,0.619,0.082,0.704,0.703,0.665,0.083,0.711,0.712,0.7,0.085,0.636,0.629,0.628,0.084,0.622,0.613,0.602,0.083,0.744,0.749,0.742,0.087,0.648,0.641,0.6,0.083,0.543,0.552,0.545,0.082,0.868,0.835,0.819,0.087,0.543,0.526,0.51,0.085,0.541,0.553,0.544,0.087,0.706,0.682,0.71,0.087,0.085,0.774,0.743,0.733,0.764,0.739,0.718,0.707,0.698,0.728,0.857,0.69
17.0,0.764,0.758,0.722,0.087,0.712,0.695,0.704,0.084,0.658,0.633,0.627,0.085,0.742,0.7,0.681,0.094,0.681,0.67,0.679,0.641,0.631,0.635,0.728,0.702,0.679,0.082,0.701,0.68,0.676,0.644,0.635,0.628,0.083,0.716,0.715,0.676,0.082,0.722,0.721,0.71,0.085,0.647,0.64,0.639,0.085,0.633,0.624,0.612,0.083,0.75,0.755,0.75,0.086,0.655,0.652,0.61,0.083,0.552,0.561,0.556,0.081,0.889,0.855,0.842,0.087,0.556,0.539,0.522,0.085,0.556,0.564,0.553,0.085,0.722,0.695,0.728,0.083,0.084,0.786,0.748,0.735,0.775,0.744,0.729,0.71,0.715,0.74,0.862,0.702
17.5,0.755,0.76,0.73,0.087,0.716,0.702,0.712,0.084,0.668,0.644,0.636,0.084,0.753,0.712,0.692,0.094,0.692,0.68,0.689,0.653,0.641,0.646,0.74,0.713,0.692,0.083,0.712,0.69,0.684,0.654,0.644,0.637,0.083,0.728,0.725,0.687,0.083,0.728,0.73,0.721,0.084,0.656,0.648,0.648,0.085,0.645,0.635,0.622,0.084,0.753,0.757,0.755,0.087,0.667,0.662,0.617,0.083,0.561,0.568,0.564,0.082,0.911,0.871,0.862,0.087,0.571,0.553,0.534,0.084,0.571,0.575,0.562,0.086,0.738,0.71,0.741,0.085,0.083,0.795,0.757,0.74,0.785,0.747,0.737,0.712,0.727,0.743,0.864,0.713
18.0,0.754,0.761,0.735,0.087,0.718,0.709,0.72,0.083,0.676,0.653,0.646,0.085,0.765,0.722,0.701,0.094,0.702,0.689,0.698,0.662,0.652,0.656,0.75,0.722,0.702,0.082,0.72,0.7,0.693,0.664,0.653,0.648,0.082,0.74,0.738,0.697,0.083,0.735,0.736,0.729,0.085,0.665,0.658,0.658,0.085,0.655,0.644,0.632,0.082,0.754,0.76,0.76,0.086,0.676,0.671,0.627,0.083,0.573,0.577,0.572,0.081,0.927,0.889,0.882,0.087,0.585,0.565,0.548,0.085,0.589,0.582,0.571,0.085,0.75,0.727,0.758,0.084,0.084,0.806,0.767,0.748,0.795,0.753,0.742,0.715,0.741,0.751,0.871,0.725
18.5,0.764,0.76,0.735,0.086,0.716,0.712,0.724,0.084,0.685,0.664,0.656,0.085,0.77,0.73,0.712,0.095,0.71,0.698,0.708,0.674,0.662,0.666,0.761,0.73,0.712,0.082,0.729,0.71,0.703,0.673,0.662,0.658,0.083,0.749,0.747,0.707,0.083,0.737,0.739,0.736,0.085,0.674,0.667,0.667,0.086,0.666,0.655,0.641,0.084,0.756,0.762,0.762,0.088,0.685,0.681,0.636,0.084,0.582,0.588,0.581,0.082,0.937,0.905,0.899,0.088,0.597,0.578,0.562,0.085,0.602,0.592,0.581,0.087,0.765,0.743,0.773,0.085,0.085,0.818,0.77,0.751,0.804,0.76,0.748,0.722,0.746,0.766,0.877,0.731
19.0,0.77,0.759,0.733,0.086,0.716,0.711,0.723,0.083,0.69,0.67,0.663,0.085,0.776,0.738,0.72,0.094,0.718,0.706,0.713,0.682,0.671,0.675,0.762,0.736,0.72,0.082,0.733,0.717,0.712,0.682,0.669,0.665,0.082,0.756,0.756,0.714,0.083,0.735,0.74,0.737,0.085,0.682,0.674,0.675,0.086,0.678,0.663,0.65,0.082,0.757,0.762,0.763,0.087,0.693,0.689,0.644,0.083,0.592,0.596,0.588,0.083,0.94,0.913,0.915,0.087,0.608,0.59,0.572,0.083,0.618,0.6,0.589,0.086,0.775,0.753,0.784,0.085,0.084,0.827,0.78,0.756,0.814,0.769,0.755,0.729,0.753,0.779,0.884,0.733
19.5,0.774,0.761,0.73,0.086,0.716,0.713,0.721,0.083,0.7,0.679,0.669,0.084,0.78,0.745,0.727,0.094,0.726,0.713,0.718,0.691,0.678,0.683,0.768,0.743,0.726,0.082,0.733,0.724,0.717,0.689,0.678,0.674,0.082,0.762,0.764,0.722,0.082,0.737,0.741,0.739,0.085,0.691,0.683,0.684,0.085,0.689,0.672,0.66,0.084,0.758,0.764,0.764,0.086,0.7,0.699,0.652,0.082,0.606,0.603,0.598,0.082,0.945,0.922,0.924,0.087,0.62,0.601,0.583,0.083,0.633,0.609,0.596,0.086,0.79,0.76,0.795,0.085,0.085,0.84,0.79,0.76,0.825,0.776,0.761,0.738,0.76,0.788,0.893,0.765
20.0,0.778,0.761,0.733,0.085,0.722,0.721,0.731,0.083,0.705,0.686,0.674,0.085,0.784,0.752,0.736,0.094,0.728,0.718,0.719,0.699,0.687,0.691,0.771,0.749,0.732,0.082,0.734,0.726,0.722,0.698,0.684,0.681,0.083,0.766,0.77,0.73,0.082,0.736,0.741,0.74,0.085,0.698,0.689,0.693,0.085,0.696,0.681,0.668,0.083,0.757,0.766,0.765,0.086,0.708,0.706,0.661,0.083,0.619,0.612,0.605,0.082,0.949,0.926,0.93,0.088,0.632,0.612,0.595,0.083,0.648,0.615,0.602,0.087,0.799,0.769,0.81,0.084,0.084,0.851,0.802,0.767,0.835,0.784,0.768,0.749,0.765,0.795,0.901,0.787
20.5,0.78,0.761,0.736,0.085,0.728,0.73,0.74,0.083,0.712,0.692,0.681,0.084,0.79,0.753,0.738,0.094,0.73,0.721,0.717,0.706,0.695,0.699,0.775,0.749,0.734,0.083,0.731,0.726,0.725,0.704,0.69,0.688,0.083,0.768,0.772,0.733,0.083,0.735,0.739,0.74,0.085,0.704,0.697,0.699,0.084,0.707,0.687,0.676,0.083,0.758,0.767,0.767,0.087,0.716,0.711,0.668,0.083,0.628,0.619,0.612,0.082,0.953,0.93,0.935,0.087,0.641,0.622,0.604,0.083,0.664,0.622,0.608,0.086,0.808,0.78,0.818,0.085,0.084,0.864,0.811,0.772,0.844,0.791,0.778,0.756,0.773,0.802,0.918,0.789
21.0,0.784,0.76,0.736,0.086,0.731,0.737,0.746,0.083,0.717,0.698,0.688,0.084,0.797,0.755,0.737,0.094,0.729,0.724,0.718,0.71,0.7,0.705,0.778,0.748,0.735,0.082,0.731,0.726,0.723,0.708,0.697,0.693,0.082,0.772,0.773,0.736,0.083,0.735,0.739,0.739,0.084,0.711,0.701,0.704,0.085,0.715,0.692,0.682,0.083,0.758,0.768,0.766,0.085,0.721,0.718,0.672,0.083,0.642,0.625,0.621,0.081,0.956,0.933,0.938,0.088,0.65,0.63,0.612,0.083,0.675,0.628,0.613,0.085,0.821,0.791,0.83,0.085,0.083,0.879,0.82,0.778,0.851,0.799,0.787,0.764,0.783,0.807,0.935,0.787
21.5,0.789,0.758,0.735,0.085,0.734,0.746,0.749,0.082,0.722,0.705,0.693,0.084,0.801,0.758,0.741,0.093,0.729,0.722,0.716,0.717,0.704,0.71,0.782,0.745,0.735,0.082,0.731,0.725,0.723,0.716,0.702,0.7,0.081,0.775,0.773,0.736,0.081,0.735,0.739,0.738,0.084,0.714,0.706,0.71,0.084,0.723,0.7,0.689,0.083,0.761,0.769,0.768,0.086,0.726,0.726,0.678,0.082,0.651,0.633,0.627,0.08,0.958,0.936,0.94,0.087,0.658,0.637,0.622,0.083,0.685,0.632,0.618,0.085,0.832,0.791,0.838,0.085,0.084,0.892,0.831,0.785,0.86,0.802,0.792,0.771,0.791,0.809,0.946,0.788
22.0,0.794,0.762,0.735,0.085,0.736,0.753,0.75,0.083,0.728,0.711,0.703,0.085,0.805,0.758,0.741,0.094,0.731,0.721,0.721,0.72,0.712,0.717,0.79,0.746,0.735,0.084,0.731,0.723,0.722,0.718,0.708,0.704,0.083,0.782,0.775,0.737,0.082,0.737,0.741,0.738,0.085,0.721,0.712,0.715,0.084,0.73,0.706,0.696,0.083,0.762,0.771,0.77,0.086,0.732,0.731,0.684,0.083,0.663,0.641,0.635,0.082,0.964,0.941,0.943,0.087,0.667,0.648,0.63,0.083,0.695,0.639,0.623,0.087,0.843,0.798,0.847,0.088,0.085,0.91,0.842,0.794,0.87,0.81,0.799,0.779,0.8,0.813,0.954,0.795
22.5,0.8,0.762,0.735,0.085,0.739,0.76,0.752,0.083,0.727,0.716,0.707,0.084,0.81,0.759,0.741,0.094,0.73,0.721,0.72,0.721,0.716,0.721,0.792,0.745,0.736,0.082,0.73,0.724,0.721,0.72,0.712,0.707,0.082,0.787,0.776,0.737,0.082,0.737,0.742,0.739,0.084,0.722,0.715,0.72,0.083,0.735,0.712,0.701,0.083,0.763,0.773,0.772,0.085,0.736,0.729,0.688,0.083,0.671,0.647,0.641,0.083,0.969,0.945,0.948,0.088,0.674,0.654,0.64,0.084,0.708,0.642,0.627,0.086,0.854,0.803,0.858,0.087,0.084,0.924,0.848,0.802,0.879,0.819,0.805,0.781,0.806,0.817,0.957,0.796
23.0,0.806,0.762,0.734,0.086,0.743,0.766,0.752,0.084,0.727,0.72,0.708,0.085,0.813,0.759,0.743,0.094,0.731,0.72,0.72,0.72,0.717,0.726,0.795,0.744,0.735,0.082,0.732,0.722,0.719,0.721,0.713,0.713,0.083,0.79,0.778,0.736,0.084,0.737,0.742,0.742,0.084,0.721,0.717,0.723,0.083,0.736,0.715,0.706,0.083,0.763,0.771,0.771,0.088,0.734,0.729,0.69,0.083,0.683,0.653,0.646,0.082,0.974,0.949,0.949,0.087,0.68,0.66,0.645,0.084,0.717,0.647,0.629,0.086,0.861,0.809,0.869,0.086,0.084,0.938,0.854,0.809,0.887,0.826,0.812,0.789,0.809,0.822,0.958,0.796
23.5,0.812,0.763,0.734,0.085,0.746,0.772,0.753,0.082,0.73,0.719,0.715,0.084,0.818,0.762,0.743,0.093,0.735,0.72,0.718,0.718,0.717,0.725,0.798,0.743,0.734,0.083,0.733,0.723,0.719,0.719,0.715,0.713,0.082,0.793,0.779,0.735,0.083,0.736,0.74,0.741,0.084,0.72,0.717,0.723,0.083,0.738,0.717,0.71,0.083,0.762,0.77,0.77,0.085,0.733,0.728,0.694,0.084,0.691,0.657,0.652,0.082,0.979,0.953,0.952,0.089,0.686,0.667,0.653,0.084,0.726,0.65,0.631,0.086,0.876,0.817,0.878,0.085,0.084,0.95,0.864,0.816,0.896,0.832,0.817,0.794,0.812,0.825,0.962,0.795
24.0,0.818,0.764,0.734,0.085,0.752,0.78,0.754,0.082,0.742,0.722,0.713,0.084,0.822,0.761,0.749,0.093,0.732,0.721,0.717,0.717,0.715,0.724,0.8,0.744,0.733,0.083,0.731,0.724,0.721,0.718,0.715,0.713,0.083,0.795,0.783,0.732,0.082,0.734,0.738,0.739,0.084,0.718,0.716,0.722,0.082,0.742,0.716,0.71,0.083,0.761,0.769,0.767,0.086,0.73,0.729,0.696,0.082,0.697,0.663,0.657,0.082,0.984,0.956,0.956,0.086,0.69,0.671,0.66,0.083,0.734,0.653,0.633,0.085,0.887,0.82,0.882,0.087,0.084,0.963,0.872,0.825,0.903,0.838,0.822,0.801,0.815,0.827,0.965,0.8
24.5,0.826,0.764,0.735,0.084,0.758,0.79,0.778,0.082,0.754,0.724,0.715,0.084,0.826,0.759,0.748,0.095,0.731,0.72,0.715,0.72,0.713,0.724,0.804,0.745,0.734,0.082,0.728,0.721,0.72,0.718,0.715,0.71,0.082,0.8,0.784,0.732,0.083,0.732,0.735,0.736,0.083,0.715,0.714,0.721,0.082,0.743,0.716,0.712,0.083,0.761,0.767,0.764,0.087,0.729,0.73,0.694,0.083,0.702,0.666,0.662,0.082,0.989,0.959,0.96,0.09,0.695,0.676,0.663,0.083,0.743,0.655,0.634,0.084,0.893,0.826,0.893,0.087,0.084,0.974,0.881,0.833,0.91,0.848,0.827,0.807,0.821,0.831,0.969,0.806
25.0,0.833,0.766,0.735,0.085,0.764,0.799,0.825,0.083,0.757,0.733,0.734,0.084,0.832,0.757,0.747,0.094,0.727,0.718,0.714,0.722,0.716,0.724,0.808,0.746,0.734,0.082,0.728,0.72,0.716,0.719,0.715,0.709,0.082,0.804,0.785,0.733,0.084,0.731,0.734,0.736,0.085,0.716,0.715,0.72,0.083,0.749,0.715,0.711,0.083,0.762,0.768,0.763,0.086,0.728,0.728,0.693,0.083,0.707,0.672,0.666,0.082,0.996,0.966,0.963,0.087,0.698,0.681,0.669,0.083,0.752,0.658,0.635,0.085,0.904,0.834,0.9,0.087,0.085,0.985,0.888,0.841,0.916,0.855,0.835,0.811,0.824,0.837,0.972,0.809
25.5,0.84,0.768,0.737,0.085,0.771,0.804,0.838,0.083,0.759,0.741,0.747,0.084,0.835,0.757,0.745,0.095,0.724,0.717,0.711,0.722,0.717,0.729,0.813,0.743,0.734,0.083,0.726,0.716,0.715,0.723,0.716,0.712,0.083,0.807,0.783,0.734,0.082,0.729,0.731,0.733,0.084,0.716,0.716,0.723,0.084,0.752,0.712,0.709,0.083,0.761,0.766,0.76,0.085,0.729,0.726,0.689,0.083,0.713,0.673,0.668,0.081,1.001,0.97,0.967,0.09,0.702,0.684,0.674,0.083,0.757,0.658,0.636,0.086,0.913,0.841,0.906,0.086,0.084,0.997,0.894,0.848,0.924,0.862,0.84,0.816,0.827,0.84,0.971,0.807
26.0,0.848,0.772,0.736,0.086,0.779,0.811,0.826,0.083,0.76,0.743,0.739,0.085,0.841,0.757,0.744,0.095,0.724,0.714,0.71,0.722,0.719,0.732,0.817,0.743,0.733,0.083,0.725,0.714,0.713,0.72,0.718,0.714,0.083,0.815,0.78,0.735,0.084,0.73,0.729,0.731,0.084,0.715,0.717,0.725,0.085,0.758,0.712,0.708,0.084,0.764,0.765,0.759,0.088,0.729,0.723,0.685,0.084,0.717,0.676,0.67,0.082,1.009,0.975,0.972,0.089,0.707,0.687,0.679,0.083,0.766,0.66,0.637,0.084,0.925,0.851,0.915,0.087,0.085,1.007,0.902,0.858,0.932,0.87,0.848,0.824,0.83,0.843,0.975,0.809
26.5,0.855,0.775,0.738,0.085,0.787,0.818,0.815,0.083,0.76,0.748,0.757,0.084,0.844,0.756,0.742,0.095,0.722,0.712,0.71,0.721,0.72,0.738,0.821,0.741,0.733,0.083,0.724,0.711,0.711,0.719,0.719,0.716,0.082,0.819,0.777,0.732,0.082,0.731,0.727,0.729,0.084,0.713,0.716,0.726,0.085,0.766,0.71,0.706,0.083,0.765,0.766,0.758,0.086,0.729,0.72,0.687,0.083,0.72,0.675,0.669,0.082,1.012,0.979,0.977,0.09,0.707,0.69,0.681,0.083,0.774,0.66,0.636,0.084,0.931,0.859,0.921,0.086,0.085,1.018,0.911,0.865,0.939,0.877,0.854,0.83,0.834,0.847,0.979,0.816
27.0,0.864,0.779,0.739,0.085,0.796,0.824,0.821,0.083,0.761,0.762,0.747,0.084,0.847,0.755,0.744,0.094,0.721,0.712,0.707,0.722,0.723,0.741,0.827,0.741,0.734,0.082,0.724,0.711,0.709,0.718,0.72,0.719,0.082,0.826,0.775,0.73,0.083,0.731,0.725,0.729,0.085,0.709,0.716,0.727,0.085,0.77,0.709,0.705,0.084,0.764,0.767,0.756,0.086,0.727,0.72,0.686,0.083,0.725,0.676,0.669,0.082,1.017,0.983,0.978,0.09,0.709,0.693,0.685,0.084,0.782,0.662,0.638,0.084,0.941,0.863,0.928,0.084,0.084,1.028,0.918,0.873,0.946,0.885,0.86,0.835,0.838,0.851,0.98,0.821
27.5,0.872,0.78,0.74,0.085,0.802,0.828,0.818,0.084,0.763,0.78,0.746,0.084,0.851,0.755,0.746,0.094,0.72,0.71,0.708,0.722,0.722,0.736,0.834,0.742,0.732,0.083,0.722,0.707,0.708,0.716,0.72,0.722,0.082,0.83,0.772,0.73,0.082,0.73,0.733,0.728,0.085,0.706,0.714,0.732,0.085,0.775,0.708,0.703,0.083,0.767,0.767,0.756,0.087,0.713,0.718,0.687,0.083,0.731,0.673,0.668,0.082,1.021,0.987,0.983,0.088,0.711,0.695,0.688,0.083,0.788,0.662,0.638,0.085,0.949,0.868,0.934,0.085,0.084,1.036,0.92,0.88,0.952,0.892,0.866,0.841,0.841,0.854,0.983,0.826
28.0,0.879,0.784,0.741,0.085,0.811,0.84,0.828,0.083,0.765,0.818,0.749,0.084,0.857,0.755,0.746,0.095,0.72,0.708,0.707,0.721,0.718,0.734,0.838,0.741,0.73,0.082,0.722,0.707,0.706,0.714,0.718,0.717,0.083,0.835,0.772,0.727,0.083,0.732,0.727,0.728,0.085,0.702,0.713,0.73,0.085,0.784,0.708,0.703,0.084,0.769,0.766,0.754,0.086,0.704,0.714,0.686,0.082,0.737,0.672,0.666,0.083,1.025,0.989,0.986,0.091,0.71,0.695,0.691,0.084,0.796,0.663,0.636,0.084,0.96,0.876,0.938,0.085,0.084,1.044,0.929,0.887,0.958,0.9,0.873,0.845,0.844,0.857,0.985,0.826
28.5,0.886,0.786,0.741,0.085,0.819,0.847,0.826,0.082,0.767,0.838,0.754,0.085,0.86,0.758,0.747,0.095,0.718,0.706,0.707,0.721,0.714,0.73,0.842,0.738,0.728,0.082,0.722,0.707,0.705,0.711,0.715,0.712,0.082,0.842,0.773,0.724,0.083,0.733,0.727,0.726,0.085,0.699,0.71,0.726,0.084,0.792,0.706,0.701,0.084,0.771,0.768,0.754,0.086,0.684,0.713,0.679,0.083,0.74,0.67,0.666,0.082,1.03,0.992,0.99,0.091,0.709,0.694,0.691,0.083,0.803,0.663,0.635,0.083,0.972,0.883,0.945,0.086,0.085,1.053,0.936,0.895,0.965,0.904,0.878,0.851,0.847,0.858,0.988,0.829
29.0,0.895,0.79,0.745,0.086,0.83,0.889,0.821,0.083,0.769,0.846,0.757,0.086,0.865,0.764,0.752,0.097,0.719,0.706,0.708,0.72,0.712,0.727,0.848,0.738,0.729,0.083,0.723,0.708,0.705,0.708,0.718,0.707,0.083,0.845,0.778,0.723,0.084,0.735,0.713,0.725,0.086,0.697,0.71,0.723,0.086,0.803,0.71,0.701,0.085,0.772,0.769,0.753,0.088,0.671,0.714,0.675,0.084,0.744,0.669,0.663,0.083,1.032,0.995,0.993,0.092,0.707,0.694,0.695,0.084,0.811,0.664,0.635,0.085,0.981,0.889,0.951,0.087,0.085,1.059,0.946,0.902,0.971,0.912,0.884,0.858,0.852,0.86,0.991,0.839
29.5,0.903,0.792,0.746,0.085,0.837,0.898,0.83,0.083,0.77,0.824,0.759,0.085,0.868,0.77,0.753,0.096,0.718,0.703,0.709,0.715,0.707,0.724,0.853,0.738,0.726,0.083,0.723,0.707,0.702,0.706,0.715,0.705,0.082,0.849,0.782,0.72,0.083,0.736,0.711,0.726,0.085,0.695,0.708,0.717,0.085,0.81,0.71,0.702,0.084,0.772,0.771,0.751,0.087,0.654,0.713,0.667,0.083,0.791,0.668,0.661,0.083,1.034,0.995,0.994,0.09,0.705,0.691,0.693,0.084,0.819,0.663,0.633,0.085,0.992,0.893,0.96,0.084,0.085,1.065,0.953,0.91,0.975,0.92,0.89,0.861,0.854,0.861,0.991,0.844
30.0,0.91,0.796,0.75,0.085,0.843,0.889,0.836,0.082,0.771,0.829,0.76,0.085,0.873,0.777,0.756,0.096,0.719,0.702,0.71,0.712,0.705,0.721,0.856,0.74,0.728,0.082,0.723,0.706,0.703,0.703,0.711,0.707,0.082,0.855,0.788,0.72,0.083,0.736,0.714,0.727,0.086,0.69,0.707,0.713,0.084,0.816,0.71,0.704,0.084,0.775,0.771,0.752,0.088,0.623,0.711,0.664,0.083,0.784,0.667,0.661,0.082,1.036,0.997,0.997,0.09,0.703,0.689,0.695,0.083,0.826,0.664,0.632,0.083,1.007,0.906,0.969,0.085,0.084,1.074,0.96,0.916,0.982,0.925,0.896,0.861,0.856,0.862,0.994,0.849
30.5,0.918,0.801,0.755,0.085,0.849,0.885,0.826,0.084,0.774,0.815,0.762,0.086,0.875,0.782,0.757,0.096,0.719,0.702,0.711,0.71,0.702,0.72,0.863,0.741,0.728,0.083,0.724,0.708,0.702,0.701,0.706,0.715,0.083,0.861,0.792,0.719,0.084,0.737,0.715,0.725,0.084,0.689,0.706,0.709,0.083,0.833,0.71,0.704,0.083,0.776,0.772,0.75,0.088,0.547,0.711,0.659,0.083,0.759,0.666,0.659,0.083,1.038,0.998,0.998,0.092,0.7,0.689,0.695,0.084,0.833,0.665,0.632,0.083,1.018,0.915,0.978,0.086,0.084,1.081,0.968,0.923,0.986,0.932,0.901,0.863,0.862,0.865,0.995,0.847
31.0,0.92,0.804,0.76,0.085,0.854,0.882,0.828,0.084,0.776,0.819,0.764,0.086,0.881,0.787,0.759,0.094,0.72,0.702,0.712,0.708,0.7,0.717,0.867,0.743,0.729,0.082,0.725,0.71,0.701,0.7,0.702,0.731,0.083,0.865,0.792,0.717,0.083,0.738,0.717,0.726,0.088,0.687,0.701,0.705,0.083,0.866,0.709,0.701,0.083,0.779,0.774,0.75,0.087,0.568,0.711,0.654,0.083,0.739,0.667,0.658,0.082,1.04,0.998,1.0,0.091,0.698,0.686,0.696,0.083,0.842,0.665,0.631,0.083,1.03,0.926,0.988,0.085,0.085,1.085,0.972,0.929,0.991,0.937,0.907,0.87,0.866,0.865,0.999,0.855
31.5,0.929,0.807,0.767,0.085,0.859,0.876,0.814,0.083,0.779,0.841,0.765,0.086,0.885,0.791,0.76,0.096,0.72,0.701,0.714,0.705,0.697,0.715,0.872,0.746,0.731,0.083,0.724,0.709,0.7,0.697,0.698,0.751,0.082,0.869,0.793,0.715,0.083,0.738,0.718,0.726,0.089,0.686,0.697,0.701,0.084,0.882,0.708,0.701,0.083,0.778,0.775,0.751,0.088,0.581,0.708,0.652,0.083,0.731,0.665,0.656,0.083,1.038,0.999,1.0,0.091,0.694,0.683,0.696,0.084,0.851,0.666,0.63,0.084,1.038,0.934,0.998,0.085,0.085,1.093,0.978,0.935,0.995,0.942,0.911,0.874,0.87,0.867,1.0,0.861
32.0,0.937,0.813,0.778,0.086,0.863,0.865,0.821,0.083,0.782,0.833,0.767,0.085,0.89,0.795,0.761,0.096,0.722,0.701,0.714,0.703,0.695,0.712,0.878,0.749,0.737,0.083,0.726,0.711,0.7,0.698,0.695,0.777,0.082,0.875,0.791,0.717,0.084,0.741,0.721,0.726,0.087,0.684,0.695,0.698,0.084,0.898,0.709,0.701,0.084,0.78,0.779,0.751,0.088,0.58,0.708,0.649,0.084,0.714,0.667,0.659,0.083,1.037,0.997,1.002,0.092,0.693,0.68,0.698,0.083,0.859,0.667,0.628,0.084,1.047,0.949,1.007,0.087,0.085,1.103,0.985,0.942,1.002,0.951,0.919,0.881,0.876,0.869,1.006,0.871
32.5,0.941,0.815,0.796,0.085,0.863,0.862,0.83,0.083,0.784,0.83,0.769,0.085,0.893,0.798,0.762,0.096,0.724,0.7,0.713,0.701,0.693,0.712,0.88,0.752,0.738,0.081,0.724,0.71,0.698,0.696,0.692,0.787,0.081,0.878,0.791,0.716,0.082,0.74,0.72,0.726,0.087,0.681,0.69,0.695,0.085,0.904,0.708,0.698,0.083,0.779,0.779,0.75,0.087,0.58,0.705,0.647,0.082,0.714,0.667,0.657,0.082,1.032,0.993,1.0,0.09,0.689,0.678,0.699,0.083,0.866,0.665,0.627,0.083,1.053,0.964,1.015,0.085,0.085,1.104,0.991,0.947,1.002,0.954,0.923,0.882,0.881,0.868,1.008,0.875
33.0,0.948,0.82,0.824,0.085,0.868,0.831,0.821,0.083,0.787,0.832,0.771,0.086,0.897,0.801,0.764,0.096,0.726,0.701,0.714,0.7,0.691,0.71,0.886,0.754,0.738,0.082,0.726,0.711,0.697,0.695,0.691,0.789,0.083,0.883,0.789,0.716,0.082,0.741,0.722,0.725,0.087,0.682,0.687,0.693,0.085,0.895,0.71,0.699,0.084,0.781,0.78,0.751,0.087,0.582,0.708,0.647,0.084,0.722,0.666,0.659,0.082,1.032,0.992,1.002,0.091,0.689,0.675,0.696,0.083,0.876,0.668,0.627,0.083,1.061,0.981,1.022,0.086,0.086,1.109,0.995,0.954,1.008,0.96,0.93,0.886,0.886,0.872,1.009,0.873
33.5,0.951,0.821,0.798,0.087,0.868,0.83,0.811,0.082,0.788,0.81,0.773,0.085,0.905,0.803,0.765,0.095,0.727,0.7,0.714,0.698,0.689,0.709,0.892,0.757,0.738,0.083,0.727,0.712,0.696,0.695,0.689,0.784,0.082,0.887,0.787,0.715,0.082,0.742,0.723,0.724,0.088,0.681,0.685,0.689,0.086,0.902,0.709,0.697,0.083,0.782,0.783,0.749,0.086,0.575,0.707,0.645,0.082,0.729,0.666,0.657,0.082,1.028,0.988,0.998,0.09,0.686,0.673,0.691,0.083,0.882,0.668,0.627,0.083,1.068,0.996,1.029,0.084,0.084,1.111,0.997,0.957,1.012,0.964,0.933,0.889,0.89,0.871,1.011,0.877
34.0,0.957,0.825,0.831,0.087,0.871,0.847,0.822,0.082,0.79,0.822,0.779,0.085,0.911,0.806,0.766,0.094,0.729,0.702,0.718,0.697,0.688,0.707,0.894,0.761,0.737,0.083,0.727,0.711,0.695,0.693,0.686,0.771,0.083,0.892,0.784,0.714,0.082,0.742,0.725,0.724,0.087,0.679,0.683,0.687,0.086,0.913,0.711,0.697,0.085,0.782,0.786,0.75,0.088,0.49,0.705,0.644,0.083,0.737,0.665,0.657,0.082,1.026,0.983,0.995,0.091,0.685,0.671,0.687,0.083,0.893,0.668,0.627,0.083,1.077,1.007,1.035,0.084,0.084,1.122,1.0,0.963,1.016,0.97,0.938,0.896,0.895,0.875,1.014,0.881
34.5,0.964,0.827,0.847,0.089,0.872,0.858,0.757,0.083,0.792,0.765,0.668,0.086,0.918,0.808,0.768,0.096,0.731,0.704,0.718,0.696,0.687,0.709,0.901,0.765,0.739,0.083,0.729,0.714,0.697,0.69,0.684,0.766,0.082,0.896,0.783,0.716,0.082,0.744,0.727,0.725,0.087,0.678,0.682,0.685,0.086,0.908,0.711,0.699,0.084,0.786,0.789,0.752,0.088,0.489,0.704,0.644,0.082,0.747,0.668,0.654,0.083,1.024,0.98,0.992,0.092,0.684,0.672,0.685,0.083,0.901,0.67,0.627,0.083,1.081,1.019,1.041,0.085,0.085,1.134,1.004,0.968,1.021,0.975,0.944,0.9,0.897,0.875,1.016,0.893
35.0,0.968,0.828,0.8,0.087,0.872,0.851,0.775,0.083,0.795,0.825,0.676,0.085,0.921,0.81,0.767,0.095,0.733,0.706,0.719,0.696,0.687,0.71,0.904,0.767,0.739,0.082,0.729,0.714,0.696,0.689,0.68,0.763,0.083,0.9,0.781,0.715,0.083,0.744,0.728,0.724,0.087,0.676,0.68,0.683,0.085,0.874,0.712,0.697,0.084,0.783,0.792,0.752,0.088,0.49,0.701,0.642,0.083,0.756,0.666,0.655,0.082,1.023,0.975,0.988,0.091,0.681,0.668,0.682,0.084,0.908,0.67,0.627,0.084,1.088,1.031,1.049,0.087,0.084,1.141,1.006,0.975,1.026,0.983,0.95,0.903,0.9,0.879,1.017,0.896
35.5,0.97,0.83,0.751,0.085,0.873,0.853,0.802,0.083,0.795,0.814,0.697,0.085,0.926,0.816,0.77,0.095,0.735,0.707,0.721,0.697,0.684,0.71,0.91,0.769,0.74,0.083,0.73,0.716,0.697,0.687,0.68,0.744,0.083,0.905,0.78,0.716,0.082,0.745,0.73,0.725,0.088,0.675,0.677,0.681,0.086,0.843,0.714,0.698,0.085,0.784,0.795,0.75,0.089,0.496,0.689,0.642,0.084,0.764,0.668,0.656,0.083,1.021,0.973,0.984,0.091,0.681,0.666,0.679,0.085,0.917,0.672,0.628,0.084,1.093,1.043,1.054,0.089,0.085,1.144,1.009,0.98,1.031,0.987,0.954,0.909,0.903,0.879,1.017,0.893
36.0,0.976,0.832,0.743,0.085,0.873,0.861,0.788,0.082,0.797,0.814,0.718,0.086,0.931,0.821,0.77,0.096,0.736,0.708,0.721,0.698,0.684,0.712,0.915,0.771,0.738,0.082,0.732,0.715,0.695,0.686,0.677,0.727,0.082,0.907,0.779,0.713,0.082,0.745,0.729,0.723,0.088,0.672,0.674,0.679,0.084,0.837,0.714,0.698,0.084,0.785,0.796,0.751,0.087,0.551,0.678,0.641,0.085,0.771,0.667,0.655,0.082,1.018,0.967,0.978,0.091,0.68,0.661,0.676,0.083,0.925,0.671,0.626,0.083,1.101,1.052,1.059,0.088,0.085,1.082,1.012,0.984,1.035,0.989,0.961,0.914,0.902,0.88,1.015,0.894
36.5,0.979,0.834,0.748,0.085,0.872,0.851,0.837,0.083,0.797,0.834,0.704,0.084,0.934,0.833,0.772,0.095,0.738,0.707,0.723,0.702,0.685,0.713,0.92,0.773,0.738,0.081,0.732,0.716,0.696,0.683,0.676,0.724,0.082,0.912,0.776,0.713,0.081,0.745,0.731,0.723,0.087,0.781,0.672,0.677,0.085,0.845,0.714,0.697,0.083,0.783,0.798,0.75,0.087,0.522,0.675,0.639,0.086,0.777,0.666,0.655,0.081,1.016,0.962,0.974,0.09,0.679,0.66,0.673,0.084,0.935,0.671,0.626,0.083,1.111,1.057,1.061,0.087,0.084,1.059,1.018,0.989,1.042,0.996,0.964,0.953,0.905,0.882,1.015,0.902
37.0,0.986,0.834,0.755,0.085,0.872,0.815,0.781,0.083,0.798,0.784,0.659,0.086,0.937,0.846,0.775,0.095,0.74,0.708,0.726,0.705,0.685,0.715,0.927,0.777,0.739,0.083,0.733,0.719,0.698,0.682,0.673,0.721,0.083,0.917,0.777,0.715,0.082,0.746,0.733,0.723,0.088,0.578,0.671,0.675,0.085,0.848,0.716,0.698,0.084,0.784,0.8,0.751,0.088,0.512,0.673,0.638,0.085,0.785,0.669,0.653,0.082,1.014,0.962,0.97,0.09,0.678,0.655,0.671,0.084,0.942,0.674,0.627,0.083,1.12,1.065,1.078,0.086,0.084,1.051,1.023,0.994,1.047,1.002,0.968,0.833,0.908,0.884,1.028,0.906
37.5,0.993,0.837,0.774,0.085,0.871,0.811,0.831,0.083,0.799,0.74,0.588,0.086,0.941,0.863,0.775,0.095,0.742,0.712,0.727,0.708,0.685,0.717,0.934,0.779,0.741,0.083,0.734,0.72,0.698,0.68,0.674,0.726,0.082,0.92,0.775,0.715,0.082,0.747,0.734,0.724,0.087,0.57,0.669,0.674,0.085,0.85,0.717,0.699,0.085,0.786,0.801,0.752,0.088,0.546,0.668,0.636,0.086,0.79,0.67,0.654,0.082,1.011,0.958,0.966,0.09,0.677,0.654,0.669,0.083,0.953,0.674,0.628,0.085,1.125,1.077,1.087,0.087,0.085,1.06,1.027,1.001,1.052,1.009,0.977,0.782,0.911,0.887,1.004,0.907
38.0,1.0,0.838,0.801,0.085,0.871,0.833,0.809,0.083,0.798,0.713,0.494,0.086,0.945,0.89,0.778,0.095,0.745,0.711,0.727,0.713,0.685,0.719,0.941,0.781,0.742,0.082,0.735,0.723,0.697,0.679,0.671,0.721,0.082,0.924,0.775,0.716,0.082,0.747,0.734,0.723,0.088,0.576,0.667,0.673,0.085,0.85,0.718,0.699,0.084,0.785,0.799,0.751,0.087,0.549,0.666,0.635,0.086,0.799,0.671,0.654,0.082,1.01,0.955,0.96,0.09,0.677,0.651,0.666,0.083,0.962,0.675,0.628,0.083,1.13,1.082,1.092,0.087,0.084,1.099,1.032,1.007,1.059,1.015,0.984,0.744,0.914,0.889,0.996,0.904
38.5,1.002,0.84,0.823,0.085,0.871,0.843,0.815,0.083,0.8,0.722,0.506,0.086,0.949,0.898,0.781,0.095,0.748,0.713,0.728,0.715,0.686,0.721,0.945,0.783,0.742,0.083,0.736,0.724,0.696,0.678,0.671,0.723,0.082,0.928,0.774,0.716,0.082,0.747,0.733,0.723,0.087,0.583,0.666,0.67,0.085,0.854,0.719,0.7,0.085,0.785,0.799,0.752,0.087,0.546,0.668,0.632,0.085,0.805,0.672,0.655,0.081,1.009,0.951,0.958,0.09,0.675,0.649,0.665,0.083,0.975,0.677,0.628,0.083,1.14,1.088,1.1,0.086,0.084,1.163,1.041,1.014,1.064,1.02,0.99,0.819,0.914,0.889,0.992,0.91
39.0,1.011,0.841,0.776,0.085,0.87,0.841,0.809,0.083,0.8,0.731,0.558,0.087,0.952,0.901,0.783,0.097,0.751,0.716,0.729,0.719,0.687,0.724,0.948,0.786,0.744,0.083,0.738,0.726,0.696,0.677,0.673,0.728,0.082,0.935,0.774,0.716,0.083,0.749,0.735,0.725,0.087,0.585,0.664,0.67,0.085,0.857,0.72,0.7,0.084,0.785,0.801,0.751,0.088,0.559,0.665,0.631,0.086,0.811,0.674,0.655,0.082,1.008,0.948,0.952,0.091,0.676,0.649,0.664,0.084,0.986,0.678,0.628,0.084,1.147,1.095,1.106,0.085,0.085,1.206,1.056,1.021,1.072,1.028,0.999,0.906,0.918,0.893,0.99,0.912
39.5,1.016,0.842,0.814,0.085,0.868,0.821,0.804,0.083,0.8,0.74,0.525,0.087,0.955,0.905,0.785,0.095,0.754,0.716,0.729,0.723,0.688,0.723,0.954,0.787,0.744,0.083,0.738,0.726,0.695,0.676,0.671,0.732,0.082,0.94,0.771,0.717,0.082,0.749,0.735,0.726,0.088,0.591,0.662,0.668,0.085,0.856,0.722,0.7,0.085,0.785,0.801,0.753,0.086,0.547,0.659,0.63,0.086,0.821,0.673,0.655,0.082,1.005,0.943,0.947,0.09,0.676,0.647,0.661,0.083,0.996,0.678,0.629,0.083,1.154,1.102,1.11,0.088,0.084,1.197,1.063,1.03,1.08,1.036,1.004,0.916,0.92,0.894,0.991,0.915
40.0,1.023,0.844,0.793,0.085,0.866,0.87,0.78,0.081,0.799,0.75,0.53,0.086,0.961,0.908,0.787,0.095,0.756,0.718,0.731,0.728,0.689,0.726,0.958,0.79,0.746,0.083,0.739,0.726,0.692,0.676,0.669,0.758,0.081,0.948,0.769,0.718,0.081,0.747,0.734,0.726,0.086,0.594,0.66,0.667,0.085,0.861,0.722,0.702,0.085,0.785,0.803,0.751,0.087,0.544,0.652,0.628,0.086,0.837,0.675,0.655,0.082,1.003,0.94,0.944,0.09,0.674,0.644,0.659,0.082,1.012,0.68,0.63,0.083,1.163,1.11,1.116,0.084,0.084,1.275,1.078,1.04,1.087,1.045,1.01,0.931,0.923,0.898,0.989,0.917
40.5,1.037,0.844,0.748,0.085,0.861,0.822,0.76,0.083,0.8,0.758,0.563,0.086,0.963,0.904,0.79,0.095,0.758,0.721,0.733,0.73,0.692,0.728,0.962,0.794,0.747,0.082,0.741,0.729,0.691,0.675,0.668,0.853,0.081,0.952,0.773,0.72,0.083,0.748,0.737,0.729,0.088,0.597,0.659,0.666,0.085,0.872,0.724,0.702,0.084,0.785,0.805,0.753,0.087,0.465,0.649,0.628,0.085,0.874,0.676,0.656,0.082,1.002,0.936,0.94,0.09,0.675,0.643,0.659,0.083,1.02,0.682,0.63,0.083,1.17,1.118,1.122,0.084,0.085,1.389,1.09,1.051,1.098,1.054,1.015,0.938,0.926,0.902,0.984,0.914
41.0,1.049,0.845,0.73,0.085,0.857,0.845,0.796,0.082,0.799,0.763,0.539,0.085,0.968,0.88,0.79,0.095,0.76,0.723,0.733,0.735,0.691,0.729,0.965,0.796,0.746,0.082,0.742,0.728,0.689,0.672,0.668,0.762,0.082,0.957,0.767,0.722,0.081,0.748,0.736,0.728,0.087,0.595,0.658,0.664,0.084,0.885,0.724,0.702,0.084,0.785,0.806,0.754,0.087,0.469,0.652,0.626,0.082,0.853,0.678,0.656,0.081,0.999,0.933,0.936,0.09,0.672,0.641,0.655,0.083,1.039,0.683,0.632,0.084,1.176,1.123,1.128,0.085,0.084,1.424,1.096,1.061,1.106,1.063,1.018,0.941,0.929,0.903,0.976,0.913
41.5,1.066,0.848,0.746,0.086,0.853,0.854,0.783,0.084,0.802,0.786,0.668,0.087,0.973,0.849,0.793,0.095,0.762,0.724,0.734,0.739,0.692,0.731,0.971,0.8,0.749,0.083,0.743,0.733,0.691,0.674,0.669,0.712,0.083,0.963,0.764,0.725,0.084,0.75,0.739,0.729,0.088,0.598,0.657,0.664,0.086,0.905,0.728,0.703,0.085,0.786,0.81,0.756,0.087,0.473,0.647,0.626,0.086,0.856,0.68,0.658,0.083,1.001,0.932,0.932,0.089,0.672,0.641,0.655,0.083,1.06,0.686,0.632,0.084,1.18,1.13,1.132,0.084,0.085,1.47,1.107,1.069,1.118,1.07,1.022,0.946,0.934,0.907,0.972,0.921
42.0,1.078,0.847,0.759,0.087,0.852,0.842,0.766,0.083,0.8,0.869,0.654,0.087,0.975,0.842,0.794,0.095,0.763,0.726,0.734,0.742,0.693,0.734,0.973,0.8,0.75,0.082,0.746,0.734,0.692,0.673,0.67,0.703,0.082,0.968,0.759,0.728,0.082,0.75,0.74,0.727,0.087,0.6,0.656,0.662,0.085,0.918,0.727,0.704,0.084,0.786,0.813,0.757,0.086,0.473,0.648,0.624,0.086,0.846,0.682,0.656,0.083,0.999,0.927,0.929,0.087,0.67,0.638,0.654,0.084,1.07,0.685,0.634,0.083,1.186,1.135,1.137,0.089,0.084,1.463,1.113,1.076,1.122,1.076,1.025,0.954,0.937,0.91,1.023,0.918
42.5,1.088,0.849,0.75,0.086,0.851,0.805,0.753,0.083,0.801,0.852,0.659,0.085,0.98,0.84,0.795,0.095,0.765,0.728,0.734,0.746,0.693,0.735,0.978,0.803,0.751,0.083,0.748,0.736,0.693,0.673,0.67,0.673,0.082,0.971,0.757,0.734,0.082,0.75,0.739,0.728,0.088,0.601,0.654,0.663,0.085,0.927,0.729,0.706,0.085,0.788,0.815,0.758,0.086,0.474,0.649,0.623,0.087,0.846,0.682,0.657,0.082,0.995,0.926,0.925,0.088,0.67,0.639,0.651,0.083,1.08,0.688,0.635,0.085,1.191,1.14,1.141,0.092,0.085,1.491,1.119,1.082,1.128,1.081,1.03,0.952,0.94,0.914,0.852,0.916
43.0,1.094,0.85,0.808,0.089,0.848,0.835,0.767,0.083,0.799,0.822,0.667,0.087,0.982,0.826,0.796,0.095,0.766,0.73,0.734,0.747,0.693,0.733,0.981,0.805,0.752,0.083,0.751,0.749,0.696,0.672,0.67,0.679,0.082,0.975,0.75,0.739,0.083,0.751,0.74,0.728,0.087,0.604,0.653,0.662,0.085,0.938,0.73,0.707,0.085,0.788,0.817,0.76,0.086,0.476,0.647,0.622,0.087,0.851,0.684,0.659,0.082,0.993,0.922,0.923,0.089,0.668,0.636,0.65,0.083,1.076,0.689,0.634,0.084,1.194,1.144,1.145,0.091,0.086,1.5,1.127,1.088,1.133,1.087,1.034,0.951,0.945,0.916,0.808,0.913
43.5,1.084,0.852,0.769,0.089,0.846,0.81,0.845,0.083,0.801,0.812,0.629,0.087,0.987,0.823,0.796,0.096,0.769,0.73,0.733,0.749,0.693,0.734,0.984,0.808,0.753,0.083,0.75,0.798,0.698,0.671,0.669,0.684,0.082,0.98,0.753,0.744,0.081,0.751,0.738,0.727,0.088,0.605,0.652,0.662,0.085,0.95,0.731,0.708,0.084,0.789,0.82,0.762,0.087,0.479,0.64,0.622,0.086,0.86,0.686,0.659,0.081,0.992,0.919,0.918,0.088,0.666,0.637,0.65,0.083,1.07,0.691,0.635,0.083,1.199,1.145,1.148,0.092,0.085,1.484,1.137,1.093,1.137,1.091,1.037,0.956,0.948,0.919,0.803,0.911
44.0,1.096,0.853,0.757,0.087,0.847,0.852,0.753,0.083,0.8,0.822,0.727,0.088,0.99,0.827,0.797,0.095,0.769,0.731,0.732,0.75,0.694,0.735,0.987,0.81,0.756,0.082,0.751,0.854,0.701,0.671,0.668,0.681,0.081,0.982,0.748,0.747,0.083,0.752,0.738,0.727,0.088,0.604,0.651,0.66,0.085,0.962,0.733,0.708,0.084,0.789,0.821,0.763,0.087,0.481,0.621,0.623,0.086,0.873,0.686,0.659,0.081,0.989,0.917,0.916,0.088,0.664,0.634,0.647,0.084,1.05,0.692,0.635,0.083,1.201,1.147,1.15,0.089,0.085,1.515,1.145,1.101,1.144,1.095,1.043,0.964,0.951,0.922,0.817,0.917
44.5,1.103,0.852,0.726,0.085,0.843,0.838,0.781,0.082,0.799,0.858,0.723,0.088,0.994,0.83,0.798,0.094,0.771,0.733,0.734,0.753,0.695,0.736,0.99,0.813,0.756,0.083,0.752,0.867,0.703,0.67,0.666,0.688,0.081,0.986,0.75,0.752,0.082,0.752,0.737,0.724,0.087,0.605,0.649,0.66,0.086,0.966,0.733,0.707,0.084,0.79,0.823,0.765,0.085,0.482,0.62,0.623,0.084,0.864,0.689,0.659,0.082,0.987,0.916,0.913,0.087,0.663,0.636,0.646,0.084,1.016,0.693,0.636,0.084,1.204,1.152,1.153,0.085,0.085,1.517,1.157,1.113,1.147,1.102,1.047,0.963,0.956,0.926,0.834,0.922
45.0,1.109,0.854,0.715,0.084,0.842,0.868,0.839,0.082,0.799,0.76,0.663,0.087,0.998,0.832,0.797,0.094,0.772,0.733,0.733,0.752,0.694,0.737,0.992,0.817,0.755,0.082,0.752,0.878,0.705,0.67,0.666,0.782,0.081,0.989,0.742,0.756,0.083,0.754,0.737,0.726,0.087,0.607,0.647,0.66,0.085,0.977,0.737,0.707,0.084,0.789,0.824,0.77,0.085,0.485,0.618,0.621,0.086,0.847,0.691,0.659,0.082,0.986,0.912,0.909,0.088,0.661,0.635,0.645,0.083,0.981,0.695,0.636,0.083,1.206,1.154,1.155,0.088,0.085,1.527,1.168,1.12,1.15,1.108,1.05,0.968,0.96,0.929,0.845,0.919
45.5,1.125,0.855,0.801,0.089,0.839,0.828,0.823,0.083,0.8,0.827,0.722,0.087,1.003,0.834,0.798,0.095,0.774,0.734,0.731,0.755,0.695,0.738,0.996,0.82,0.756,0.082,0.754,0.895,0.708,0.67,0.667,0.685,0.081,0.993,0.741,0.763,0.138,0.756,0.737,0.725,0.088,0.61,0.646,0.66,0.086,1.089,0.739,0.708,0.085,0.79,0.824,0.77,0.085,0.489,0.619,0.622,0.086,0.841,0.695,0.66,0.082,0.983,0.912,0.908,0.087,0.66,0.636,0.645,0.084,0.971,0.694,0.636,0.082,1.21,1.156,1.158,0.088,0.085,1.512,1.178,1.128,1.158,1.113,1.058,0.974,0.966,0.932,0.87,0.918
46.0,1.129,0.857,0.719,0.092,0.84,0.837,0.835,0.082,0.8,0.753,0.701,0.087,1.008,0.836,0.799,0.095,0.774,0.735,0.731,0.755,0.696,0.738,1.001,0.824,0.756,0.082,0.753,0.901,0.709,0.669,0.665,0.668,0.082,0.996,0.741,0.766,0.134,0.757,0.737,0.726,0.088,0.61,0.645,0.659,0.086,1.077,0.739,0.708,0.083,0.792,0.824,0.772,0.086,0.491,0.619,0.62,0.085,0.85,0.695,0.661,0.082,0.981,0.91,0.904,0.087,0.661,0.637,0.644,0.083,0.953,0.695,0.637,0.083,1.211,1.159,1.159,0.093,0.086,1.501,1.186,1.142,1.162,1.118,1.061,0.971,0.967,0.937,0.969,0.917
46.5,1.093,0.859,0.765,0.089,0.842,0.837,0.751,0.084,0.801,0.779,0.685,0.088,1.014,0.837,0.798,0.096,0.776,0.736,0.731,0.755,0.695,0.738,1.005,0.83,0.757,0.082,0.755,0.904,0.711,0.67,0.664,0.714,0.083,1.001,0.743,0.771,0.091,0.757,0.738,0.726,0.088,0.609,0.644,0.66,0.086,0.991,0.741,0.708,0.086,0.794,0.826,0.775,0.086,0.493,0.619,0.624,0.087,0.87,0.696,0.663,0.082,0.979,0.909,0.903,0.088,0.657,0.639,0.644,0.084,0.93,0.697,0.636,0.084,1.214,1.162,1.163,0.094,0.085,1.228,1.193,1.141,1.166,1.125,1.067,0.984,0.974,0.938,0.878,0.921
47.0,1.082,0.86,0.855,0.09,0.843,0.825,0.754,0.083,0.801,0.822,0.665,0.087,1.017,0.849,0.797,0.096,0.777,0.735,0.73,0.756,0.696,0.738,1.007,0.838,0.759,0.082,0.756,0.903,0.712,0.669,0.665,0.657,0.083,1.004,0.743,0.773,0.085,0.757,0.737,0.726,0.088,0.611,0.644,0.66,0.086,1.01,0.74,0.709,0.085,0.795,0.828,0.777,0.085,0.495,0.618,0.629,0.085,0.883,0.699,0.665,0.082,0.976,0.907,0.901,0.088,0.658,0.64,0.644,0.084,0.915,0.698,0.636,0.084,1.216,1.164,1.164,0.094,0.087,1.412,1.2,1.146,1.172,1.13,1.071,0.99,0.977,0.942,0.785,0.908
47.5,1.077,0.861,0.787,0.086,0.838,0.876,0.789,0.082,0.801,0.748,0.683,0.087,1.023,0.855,0.796,0.095,0.777,0.735,0.729,0.757,0.695,0.738,1.011,0.849,0.759,0.083,0.756,0.898,0.713,0.669,0.662,0.675,0.082,1.006,0.745,0.775,0.132,0.756,0.737,0.726,0.087,0.612,0.644,0.659,0.086,1.026,0.741,0.712,0.085,0.795,0.827,0.781,0.085,0.498,0.617,0.625,0.086,0.898,0.699,0.667,0.083,0.975,0.907,0.9,0.089,0.658,0.641,0.643,0.083,1.009,0.699,0.637,0.083,1.219,1.164,1.166,0.093,0.085,1.396,1.202,1.147,1.176,1.136,1.076,0.984,0.981,0.945,0.816,0.88
48.0,1.049,0.863,0.744,0.09,0.835,0.891,0.795,0.084,0.802,0.764,0.72,0.088,1.026,0.904,0.796,0.096,0.778,0.736,0.728,0.758,0.695,0.738,1.015,0.9,0.759,0.083,0.757,0.895,0.715,0.668,0.663,0.664,0.082,1.009,0.745,0.778,0.148,0.756,0.738,0.726,0.089,0.613,0.643,0.66,0.086,1.016,0.741,0.714,0.085,0.795,0.824,0.786,0.085,0.501,0.616,0.623,0.086,0.909,0.7,0.667,0.082,0.974,0.905,0.899,0.088,0.655,0.642,0.643,0.084,1.019,0.7,0.635,0.084,1.22,1.167,1.167,0.094,0.086,1.165,1.206,1.148,1.181,1.142,1.081,1.002,0.985,0.948,0.744,0.814
