,A1,A2,A3,A4,A5,A6,A7,A8,A9,A10,A11,A12,B1,B2,B3,B4,B5,B6,B7,B8,B9,B10,B11,B12,C1,C2,C3,C4,C5,C6,C7,C8,C9,C10,C11,C12,D1,D2,D3,D4,D5,D6,D7,D8,D9,D10,D11,D12,E1,E2,E3,E4,E5,E6,E7,E8,E9,E10,E11,E12,F1,F2,F3,F4,F5,F6,F7,F8,F9,F10,F11,F12,G1,G2,G3,G4,G5,G6,G7,G8,G9,G10,G11,G12,H1,H2,H3,H4,H5,H6,H7,H8,H9,H10,H11,H12
0.0,1.276,0.604,0.327,0.41,0.567,0.629,0.483,0.477,0.478,0.335,0.417,0.855,0.826,0.471,0.472,1.01,0.62,0.599,0.792,0.724,0.425,0.401,0.428,0.694,0.368,0.293,0.223,0.494,0.456,0.613,0.539,0.714,0.581,0.184,0.313,0.377,0.953,0.522,0.437,0.234,0.564,0.535,0.815,0.815,0.356,0.299,1.099,0.753,0.513,0.097,0.095,0.165,0.092,0.749,0.096,0.169,0.213,0.411,0.569,0.103,0.225,0.226,0.226,0.227,0.226,0.226,0.211,0.21,0.207,0.209,0.21,0.211,0.21,0.21,0.207,0.213,0.207,0.209,0.22,0.226,0.225,0.228,0.224,0.232,0.084,0.083,0.086,0.096,0.095,0.092,0.092,0.095,0.097,0.094,0.094,0.109
0.5,1.215,0.608,0.324,0.407,0.565,0.623,0.482,0.478,0.476,0.332,0.415,0.86,0.826,0.467,0.469,1.018,0.594,0.535,0.897,0.704,0.423,0.414,0.426,0.687,0.363,0.289,0.222,0.537,0.457,0.552,0.542,0.649,0.59,0.183,0.311,0.359,0.967,0.517,0.434,0.231,0.614,0.551,0.881,0.905,0.356,0.305,1.063,0.743,0.521,0.097,0.096,0.166,0.092,0.767,0.096,0.168,0.212,0.407,0.559,0.103,0.209,0.208,0.209,0.211,0.214,0.213,0.191,0.196,0.196,0.196,0.193,0.185,0.203,0.204,0.202,0.2,0.204,0.205,0.22,0.216,0.216,0.211,0.215,0.219,0.084,0.083,0.088,0.096,0.095,0.093,0.092,0.095,0.096,0.093,0.093,0.108
1.0,1.226,0.616,0.325,0.408,0.568,0.626,0.484,0.479,0.478,0.334,0.416,0.861,0.83,0.468,0.467,1.012,0.564,0.56,0.929,0.694,0.423,0.412,0.426,0.688,0.367,0.289,0.222,0.529,0.459,0.561,0.532,0.65,0.616,0.185,0.313,0.36,0.982,0.521,0.435,0.23,0.629,0.589,0.898,0.922,0.357,0.309,1.066,0.746,0.521,0.097,0.096,0.17,0.094,0.777,0.097,0.167,0.211,0.405,0.55,0.104,0.197,0.201,0.197,0.2,0.201,0.204,0.181,0.18,0.177,0.177,0.179,0.173,0.191,0.194,0.197,0.195,0.193,0.195,0.205,0.205,0.206,0.206,0.209,0.206,0.084,0.084,0.089,0.096,0.097,0.094,0.094,0.095,0.096,0.095,0.094,0.108
1.5,1.218,0.623,0.325,0.407,0.562,0.629,0.482,0.477,0.476,0.333,0.416,0.857,0.832,0.467,0.468,1.011,0.533,0.51,0.938,0.645,0.42,0.415,0.426,0.692,0.37,0.288,0.222,0.512,0.457,0.56,0.523,0.646,0.65,0.184,0.312,0.358,0.988,0.522,0.436,0.228,0.636,0.601,0.893,0.923,0.355,0.318,1.072,0.748,0.512,0.097,0.096,0.172,0.093,0.784,0.096,0.167,0.211,0.399,0.544,0.103,0.193,0.19,0.187,0.19,0.192,0.193,0.173,0.172,0.172,0.174,0.171,0.172,0.184,0.188,0.187,0.187,0.182,0.185,0.195,0.197,0.195,0.204,0.222,0.207,0.084,0.084,0.089,0.096,0.095,0.093,0.093,0.095,0.097,0.094,0.094,0.108
2.0,1.177,0.626,0.324,0.406,0.557,0.625,0.482,0.476,0.475,0.333,0.414,0.855,0.829,0.467,0.467,1.019,0.507,0.532,0.931,0.655,0.418,0.422,0.425,0.69,0.375,0.289,0.224,0.531,0.455,0.558,0.521,0.653,0.662,0.185,0.313,0.358,0.997,0.522,0.436,0.227,0.644,0.601,0.893,0.923,0.353,0.323,1.05,0.745,0.531,0.097,0.096,0.172,0.094,0.793,0.096,0.166,0.209,0.396,0.545,0.103,0.185,0.189,0.19,0.19,0.189,0.191,0.173,0.171,0.17,0.173,0.17,0.169,0.175,0.184,0.181,0.18,0.178,0.18,0.189,0.192,0.19,0.192,0.229,0.209,0.083,0.083,0.089,0.096,0.095,0.093,0.093,0.094,0.096,0.094,0.094,0.109
2.5,1.195,0.627,0.325,0.406,0.557,0.625,0.482,0.477,0.476,0.333,0.414,0.855,0.832,0.467,0.468,1.01,0.485,0.598,0.923,0.653,0.416,0.416,0.426,0.69,0.377,0.287,0.224,0.622,0.455,0.565,0.517,0.663,0.673,0.185,0.314,0.359,1.001,0.522,0.436,0.227,0.647,0.604,0.89,0.922,0.353,0.329,1.065,0.743,0.523,0.097,0.097,0.173,0.093,0.804,0.095,0.166,0.209,0.393,0.54,0.103,0.179,0.182,0.182,0.185,0.185,0.186,0.17,0.167,0.167,0.169,0.169,0.167,0.173,0.174,0.172,0.171,0.172,0.176,0.185,0.191,0.187,0.192,0.23,0.203,0.084,0.083,0.089,0.096,0.095,0.093,0.093,0.095,0.097,0.094,0.093,0.108
3.0,1.21,0.633,0.324,0.406,0.564,0.621,0.482,0.477,0.476,0.333,0.416,0.854,0.833,0.468,0.467,1.012,0.463,0.595,0.921,0.656,0.414,0.414,0.425,0.693,0.38,0.288,0.223,0.533,0.454,0.559,0.521,0.657,0.691,0.185,0.315,0.36,1.002,0.522,0.436,0.227,0.65,0.604,0.884,0.923,0.354,0.332,1.048,0.743,0.521,0.098,0.096,0.174,0.093,0.817,0.095,0.166,0.207,0.391,0.535,0.104,0.185,0.182,0.182,0.185,0.186,0.187,0.174,0.168,0.169,0.171,0.171,0.167,0.174,0.172,0.17,0.171,0.172,0.177,0.186,0.192,0.189,0.194,0.232,0.209,0.085,0.084,0.089,0.096,0.096,0.092,0.093,0.095,0.097,0.094,0.094,0.108
3.5,1.222,0.638,0.324,0.406,0.567,0.625,0.481,0.476,0.476,0.332,0.418,0.853,0.836,0.468,0.465,1.012,0.445,0.512,0.915,0.636,0.412,0.418,0.426,0.695,0.383,0.288,0.224,0.498,0.453,0.554,0.524,0.639,0.697,0.186,0.316,0.36,1.001,0.52,0.435,0.226,0.652,0.601,0.882,0.922,0.352,0.337,1.052,0.741,0.538,0.098,0.097,0.175,0.093,0.827,0.096,0.167,0.206,0.388,0.529,0.103,0.198,0.188,0.188,0.189,0.189,0.191,0.178,0.175,0.177,0.179,0.179,0.174,0.18,0.178,0.177,0.174,0.178,0.176,0.197,0.207,0.2,0.207,0.249,0.219,0.085,0.084,0.09,0.096,0.096,0.093,0.093,0.096,0.097,0.095,0.094,0.109
4.0,1.212,0.642,0.324,0.406,0.559,0.626,0.481,0.476,0.476,0.333,0.418,0.854,0.837,0.47,0.467,1.017,0.43,0.553,0.913,0.624,0.41,0.417,0.426,0.696,0.385,0.288,0.225,0.444,0.45,0.557,0.522,0.657,0.703,0.187,0.316,0.359,1.011,0.52,0.434,0.228,0.653,0.598,0.871,0.925,0.352,0.341,1.057,0.739,0.538,0.097,0.096,0.176,0.094,0.835,0.096,0.168,0.207,0.385,0.527,0.103,0.216,0.202,0.203,0.204,0.204,0.205,0.192,0.187,0.191,0.193,0.193,0.188,0.199,0.194,0.194,0.188,0.193,0.191,0.215,0.224,0.219,0.224,0.267,0.236,0.085,0.084,0.089,0.096,0.095,0.094,0.093,0.095,0.097,0.096,0.093,0.109
4.5,1.193,0.644,0.323,0.405,0.553,0.625,0.48,0.475,0.475,0.334,0.417,0.852,0.836,0.468,0.467,1.016,0.419,0.534,0.908,0.615,0.408,0.419,0.426,0.695,0.386,0.288,0.225,0.461,0.449,0.551,0.518,0.66,0.704,0.186,0.314,0.357,1.022,0.518,0.433,0.226,0.654,0.599,0.884,0.926,0.349,0.344,1.043,0.734,0.536,0.098,0.097,0.176,0.093,0.843,0.097,0.168,0.207,0.383,0.525,0.104,0.24,0.225,0.227,0.225,0.225,0.229,0.215,0.209,0.212,0.215,0.215,0.212,0.223,0.218,0.218,0.211,0.213,0.213,0.238,0.247,0.24,0.247,0.289,0.258,0.084,0.083,0.089,0.095,0.095,0.093,0.093,0.095,0.097,0.094,0.094,0.109
5.0,1.213,0.643,0.325,0.406,0.554,0.625,0.48,0.476,0.475,0.335,0.416,0.853,0.838,0.469,0.467,1.016,0.411,0.519,0.904,0.634,0.406,0.419,0.426,0.697,0.388,0.289,0.224,0.442,0.45,0.552,0.518,0.669,0.703,0.187,0.314,0.359,1.024,0.518,0.434,0.226,0.656,0.599,0.885,0.925,0.349,0.345,1.048,0.728,0.534,0.097,0.097,0.174,0.094,0.849,0.096,0.169,0.207,0.382,0.523,0.103,0.268,0.25,0.254,0.251,0.253,0.261,0.245,0.239,0.244,0.244,0.243,0.237,0.253,0.249,0.25,0.237,0.239,0.248,0.264,0.274,0.268,0.272,0.317,0.282,0.084,0.084,0.09,0.095,0.096,0.092,0.094,0.095,0.098,0.095,0.094,0.109
5.5,1.221,0.645,0.323,0.406,0.56,0.621,0.479,0.475,0.475,0.334,0.416,0.853,0.839,0.469,0.467,1.018,0.403,0.513,0.902,0.634,0.405,0.422,0.427,0.696,0.388,0.289,0.225,0.539,0.45,0.549,0.516,0.678,0.703,0.187,0.315,0.358,1.021,0.516,0.432,0.225,0.656,0.6,0.88,0.926,0.348,0.347,1.043,0.725,0.532,0.098,0.096,0.17,0.092,0.852,0.096,0.168,0.207,0.38,0.518,0.103,0.297,0.276,0.285,0.278,0.281,0.287,0.273,0.267,0.274,0.275,0.275,0.264,0.283,0.282,0.285,0.269,0.27,0.282,0.294,0.303,0.294,0.301,0.343,0.307,0.084,0.083,0.089,0.095,0.095,0.093,0.093,0.094,0.097,0.095,0.094,0.108
6.0,1.22,0.648,0.323,0.406,0.558,0.62,0.48,0.475,0.476,0.334,0.42,0.854,0.84,0.47,0.466,1.01,0.404,0.503,0.903,0.637,0.403,0.416,0.425,0.699,0.389,0.288,0.224,0.385,0.449,0.556,0.516,0.669,0.707,0.188,0.315,0.358,1.018,0.516,0.431,0.226,0.658,0.6,0.875,0.927,0.349,0.35,1.073,0.722,0.525,0.097,0.097,0.17,0.093,0.856,0.097,0.169,0.208,0.38,0.513,0.103,0.334,0.315,0.326,0.315,0.318,0.322,0.308,0.301,0.31,0.309,0.31,0.297,0.321,0.325,0.332,0.307,0.306,0.315,0.325,0.335,0.325,0.332,0.373,0.337,0.084,0.083,0.089,0.095,0.096,0.093,0.093,0.095,0.097,0.096,0.095,0.109
6.5,1.227,0.654,0.323,0.406,0.559,0.622,0.478,0.475,0.476,0.335,0.419,0.852,0.84,0.47,0.466,1.013,0.407,0.47,0.904,0.641,0.402,0.414,0.426,0.699,0.391,0.288,0.224,0.356,0.448,0.554,0.527,0.677,0.713,0.187,0.314,0.359,1.023,0.515,0.43,0.225,0.657,0.603,0.875,0.93,0.348,0.35,1.06,0.721,0.53,0.098,0.097,0.166,0.094,0.857,0.096,0.171,0.208,0.379,0.509,0.103,0.379,0.359,0.37,0.356,0.361,0.364,0.355,0.344,0.351,0.35,0.353,0.335,0.374,0.38,0.399,0.359,0.356,0.354,0.363,0.37,0.355,0.365,0.407,0.368,0.084,0.084,0.089,0.096,0.095,0.093,0.093,0.095,0.098,0.094,0.094,0.108
7.0,1.186,0.656,0.323,0.406,0.553,0.62,0.478,0.474,0.474,0.336,0.419,0.85,0.84,0.469,0.467,1.011,0.405,0.481,0.903,0.643,0.399,0.42,0.426,0.7,0.39,0.288,0.224,0.376,0.449,0.556,0.513,0.685,0.715,0.186,0.314,0.359,1.027,0.513,0.429,0.226,0.657,0.604,0.873,0.93,0.347,0.35,1.045,0.719,0.524,0.097,0.097,0.166,0.092,0.859,0.096,0.17,0.208,0.377,0.509,0.103,0.431,0.415,0.428,0.408,0.41,0.416,0.411,0.395,0.405,0.405,0.4,0.38,0.433,0.448,0.469,0.428,0.418,0.41,0.405,0.407,0.39,0.4,0.439,0.403,0.084,0.083,0.088,0.096,0.095,0.092,0.093,0.095,0.097,0.094,0.094,0.109
7.5,1.184,0.657,0.324,0.406,0.551,0.618,0.477,0.474,0.475,0.334,0.419,0.851,0.84,0.47,0.467,1.007,0.404,0.449,0.902,0.64,0.398,0.422,0.428,0.702,0.391,0.288,0.225,0.551,0.45,0.557,0.519,0.684,0.722,0.187,0.315,0.358,1.029,0.512,0.428,0.225,0.657,0.604,0.876,0.931,0.346,0.353,1.044,0.717,0.53,0.098,0.097,0.166,0.093,0.86,0.097,0.171,0.208,0.377,0.511,0.102,0.497,0.479,0.498,0.469,0.478,0.477,0.475,0.459,0.467,0.459,0.458,0.438,0.502,0.521,0.547,0.489,0.487,0.469,0.45,0.447,0.433,0.442,0.485,0.444,0.085,0.083,0.089,0.096,0.095,0.093,0.092,0.095,0.097,0.095,0.093,0.108
8.0,1.214,0.655,0.324,0.406,0.554,0.615,0.477,0.474,0.475,0.336,0.419,0.853,0.842,0.471,0.469,1.012,0.403,0.444,0.903,0.638,0.397,0.418,0.427,0.702,0.393,0.288,0.225,0.392,0.448,0.55,0.516,0.693,0.728,0.186,0.315,0.359,1.027,0.513,0.427,0.225,0.658,0.603,0.87,0.93,0.348,0.35,1.047,0.715,0.533,0.098,0.097,0.163,0.094,0.86,0.096,0.171,0.209,0.377,0.508,0.103,0.571,0.549,0.572,0.537,0.538,0.533,0.541,0.52,0.53,0.52,0.517,0.503,0.577,0.602,0.629,0.556,0.553,0.542,0.513,0.5,0.484,0.487,0.541,0.486,0.085,0.083,0.089,0.096,0.096,0.094,0.093,0.096,0.097,0.096,0.094,0.108
8.5,1.229,0.658,0.324,0.407,0.552,0.615,0.477,0.474,0.475,0.337,0.42,0.853,0.843,0.471,0.466,1.012,0.403,0.449,0.902,0.635,0.395,0.408,0.428,0.704,0.393,0.289,0.225,0.421,0.449,0.56,0.513,0.685,0.73,0.188,0.316,0.359,1.026,0.512,0.426,0.225,0.658,0.605,0.864,0.932,0.347,0.35,1.08,0.717,0.53,0.098,0.098,0.162,0.093,0.86,0.096,0.171,0.209,0.378,0.503,0.104,0.654,0.629,0.658,0.614,0.614,0.603,0.618,0.587,0.593,0.586,0.589,0.579,0.657,0.671,0.685,0.629,0.628,0.614,0.572,0.569,0.538,0.545,0.605,0.546,0.085,0.084,0.089,0.096,0.096,0.093,0.095,0.096,0.098,0.094,0.094,0.109
9.0,1.217,0.663,0.324,0.407,0.561,0.619,0.476,0.474,0.476,0.336,0.422,0.854,0.847,0.472,0.466,1.006,0.405,0.467,0.901,0.633,0.393,0.42,0.427,0.704,0.395,0.288,0.227,0.524,0.447,0.561,0.514,0.69,0.732,0.187,0.315,0.36,1.045,0.511,0.426,0.226,0.659,0.608,0.863,0.934,0.346,0.349,1.082,0.716,0.525,0.099,0.097,0.162,0.095,0.86,0.096,0.173,0.21,0.378,0.502,0.104,0.753,0.711,0.742,0.696,0.703,0.683,0.689,0.645,0.652,0.651,0.664,0.656,0.727,0.72,0.725,0.682,0.673,0.67,0.639,0.628,0.601,0.613,0.659,0.61,0.085,0.084,0.09,0.097,0.096,0.094,0.093,0.095,0.097,0.094,0.095,0.109
9.5,1.203,0.666,0.325,0.407,0.555,0.618,0.476,0.473,0.475,0.338,0.421,0.852,0.844,0.471,0.469,1.01,0.405,0.474,0.899,0.63,0.392,0.417,0.428,0.704,0.395,0.289,0.226,0.382,0.447,0.563,0.51,0.697,0.733,0.188,0.315,0.358,1.051,0.51,0.426,0.226,0.659,0.609,0.865,0.935,0.345,0.345,1.062,0.718,0.529,0.099,0.097,0.159,0.093,0.859,0.097,0.173,0.211,0.378,0.5,0.103,0.814,0.772,0.788,0.733,0.744,0.733,0.726,0.689,0.697,0.711,0.736,0.743,0.777,0.761,0.752,0.721,0.704,0.727,0.681,0.683,0.658,0.671,0.711,0.673,0.085,0.084,0.09,0.096,0.095,0.093,0.093,0.096,0.097,0.094,0.094,0.109
10.0,1.195,0.666,0.325,0.406,0.549,0.617,0.475,0.473,0.474,0.337,0.42,0.852,0.844,0.471,0.467,1.009,0.406,0.456,0.896,0.629,0.389,0.41,0.427,0.707,0.394,0.289,0.227,0.404,0.447,0.558,0.512,0.699,0.733,0.188,0.314,0.358,1.057,0.51,0.425,0.224,0.656,0.608,0.865,0.935,0.345,0.348,1.059,0.715,0.533,0.098,0.096,0.157,0.094,0.857,0.097,0.174,0.211,0.377,0.503,0.104,0.845,0.808,0.827,0.767,0.778,0.757,0.759,0.74,0.741,0.766,0.784,0.774,0.795,0.793,0.793,0.756,0.737,0.76,0.711,0.726,0.69,0.707,0.754,0.712,0.085,0.085,0.088,0.096,0.096,0.093,0.093,0.095,0.097,0.094,0.094,0.108
10.5,1.204,0.664,0.325,0.406,0.552,0.613,0.475,0.473,0.474,0.338,0.421,0.854,0.844,0.472,0.469,1.006,0.408,0.455,0.896,0.626,0.388,0.413,0.428,0.706,0.396,0.289,0.227,0.417,0.448,0.56,0.515,0.73,0.734,0.187,0.315,0.359,1.061,0.509,0.424,0.225,0.659,0.608,0.866,0.936,0.345,0.348,1.059,0.715,0.53,0.099,0.098,0.156,0.093,0.854,0.097,0.175,0.213,0.378,0.503,0.104,0.798,0.831,0.851,0.784,0.802,0.781,0.779,0.761,0.757,0.789,0.823,0.771,0.771,0.815,0.813,0.782,0.769,0.759,0.716,0.712,0.685,0.706,0.76,0.699,0.085,0.084,0.09,0.097,0.096,0.094,0.094,0.096,0.098,0.096,0.095,0.109
11.0,1.211,0.665,0.325,0.406,0.555,0.615,0.474,0.473,0.475,0.338,0.423,0.854,0.846,0.472,0.466,1.005,0.407,0.475,0.892,0.626,0.387,0.411,0.428,0.707,0.396,0.289,0.226,0.363,0.447,0.563,0.512,0.728,0.735,0.188,0.316,0.358,1.057,0.507,0.425,0.225,0.659,0.606,0.857,0.936,0.344,0.345,1.067,0.714,0.522,0.097,0.098,0.154,0.092,0.849,0.096,0.174,0.212,0.378,0.498,0.104,0.795,0.834,0.882,0.794,0.827,0.803,0.793,0.768,0.782,0.814,0.818,0.767,0.761,0.826,0.827,0.788,0.784,0.753,0.702,0.702,0.676,0.691,0.752,0.698,0.085,0.084,0.091,0.096,0.095,0.092,0.093,0.095,0.097,0.094,0.094,0.108
11.5,1.237,0.67,0.325,0.406,0.555,0.613,0.475,0.472,0.475,0.338,0.423,0.854,0.848,0.472,0.466,1.013,0.407,0.478,0.888,0.625,0.386,0.415,0.427,0.708,0.395,0.29,0.227,0.453,0.444,0.559,0.507,0.728,0.735,0.188,0.316,0.357,1.053,0.507,0.423,0.225,0.662,0.607,0.855,0.935,0.344,0.345,1.058,0.713,0.522,0.097,0.098,0.156,0.093,0.846,0.097,0.174,0.212,0.378,0.496,0.104,0.797,0.806,0.895,0.833,0.856,0.829,0.817,0.794,0.817,0.836,0.792,0.77,0.765,0.837,0.829,0.763,0.747,0.737,0.689,0.695,0.672,0.688,0.741,0.697,0.084,0.085,0.089,0.096,0.095,0.093,0.093,0.096,0.098,0.095,0.094,0.109
12.0,1.212,0.672,0.326,0.407,0.558,0.617,0.475,0.473,0.475,0.339,0.424,0.854,0.85,0.473,0.468,1.016,0.405,0.487,0.888,0.626,0.384,0.414,0.428,0.708,0.395,0.289,0.226,0.412,0.446,0.559,0.513,0.738,0.731,0.189,0.317,0.358,1.058,0.507,0.423,0.226,0.659,0.608,0.854,0.938,0.343,0.345,1.084,0.714,0.527,0.098,0.098,0.153,0.093,0.843,0.096,0.177,0.213,0.378,0.498,0.104,0.801,0.788,0.874,0.848,0.896,0.868,0.849,0.83,0.843,0.833,0.794,0.774,0.768,0.829,0.794,0.74,0.728,0.736,0.683,0.692,0.673,0.688,0.744,0.698,0.085,0.084,0.09,0.096,0.096,0.095,0.093,0.096,0.097,0.094,0.095,0.109
12.5,1.209,0.674,0.327,0.407,0.548,0.617,0.474,0.472,0.474,0.34,0.424,0.853,0.846,0.473,0.468,1.019,0.403,0.487,0.884,0.625,0.384,0.419,0.428,0.709,0.395,0.289,0.227,0.382,0.446,0.562,0.514,0.75,0.728,0.187,0.315,0.357,1.064,0.506,0.421,0.225,0.658,0.61,0.855,0.937,0.343,0.344,1.067,0.712,0.529,0.098,0.097,0.152,0.092,0.839,0.097,0.177,0.213,0.379,0.497,0.104,0.803,0.797,0.835,0.805,0.92,0.886,0.866,0.85,0.836,0.807,0.794,0.776,0.771,0.797,0.761,0.728,0.728,0.737,0.68,0.691,0.67,0.686,0.743,0.698,0.084,0.084,0.09,0.097,0.095,0.094,0.093,0.096,0.098,0.095,0.094,0.108
13.0,1.235,0.669,0.327,0.406,0.548,0.613,0.473,0.471,0.474,0.338,0.422,0.854,0.847,0.473,0.469,1.021,0.401,0.471,0.884,0.624,0.381,0.412,0.428,0.709,0.395,0.289,0.227,0.473,0.446,0.562,0.518,0.764,0.727,0.188,0.316,0.357,1.067,0.504,0.422,0.226,0.658,0.611,0.855,0.937,0.342,0.342,1.063,0.712,0.526,0.098,0.097,0.15,0.093,0.834,0.096,0.178,0.213,0.377,0.499,0.104,0.804,0.799,0.827,0.777,0.908,0.882,0.853,0.846,0.812,0.792,0.794,0.781,0.773,0.782,0.754,0.726,0.731,0.737,0.681,0.689,0.666,0.682,0.744,0.7,0.085,0.084,0.089,0.095,0.095,0.093,0.093,0.095,0.097,0.095,0.094,0.108
13.5,1.223,0.669,0.326,0.407,0.552,0.611,0.474,0.471,0.474,0.34,0.423,0.856,0.849,0.473,0.469,1.018,0.401,0.47,0.884,0.625,0.381,0.42,0.428,0.71,0.395,0.29,0.226,0.379,0.446,0.549,0.505,0.772,0.729,0.188,0.317,0.359,1.059,0.505,0.423,0.225,0.659,0.614,0.852,0.938,0.342,0.343,1.053,0.712,0.53,0.098,0.098,0.149,0.093,0.834,0.097,0.179,0.215,0.379,0.497,0.103,0.803,0.802,0.835,0.774,0.877,0.862,0.829,0.824,0.792,0.793,0.796,0.784,0.769,0.778,0.756,0.727,0.736,0.736,0.676,0.685,0.663,0.68,0.744,0.703,0.085,0.084,0.09,0.096,0.095,0.094,0.093,0.096,0.097,0.095,0.094,0.109
14.0,1.219,0.674,0.325,0.408,0.555,0.613,0.474,0.472,0.474,0.34,0.426,0.857,0.851,0.474,0.467,1.011,0.401,0.465,0.884,0.623,0.381,0.408,0.428,0.712,0.397,0.29,0.227,0.486,0.447,0.557,0.536,0.756,0.73,0.189,0.317,0.358,1.056,0.504,0.423,0.226,0.659,0.615,0.849,0.94,0.343,0.341,1.07,0.712,0.524,0.1,0.098,0.151,0.094,0.83,0.097,0.179,0.216,0.38,0.494,0.104,0.805,0.806,0.838,0.778,0.843,0.835,0.804,0.801,0.783,0.8,0.796,0.789,0.77,0.783,0.762,0.731,0.74,0.734,0.674,0.684,0.663,0.679,0.745,0.704,0.085,0.085,0.09,0.097,0.096,0.094,0.094,0.096,0.099,0.095,0.095,0.109
14.5,1.232,0.675,0.326,0.406,0.556,0.614,0.473,0.471,0.475,0.34,0.426,0.853,0.85,0.474,0.467,1.012,0.399,0.461,0.885,0.623,0.377,0.413,0.428,0.711,0.396,0.289,0.225,0.39,0.442,0.563,0.507,0.771,0.728,0.188,0.316,0.358,1.06,0.503,0.421,0.225,0.658,0.613,0.842,0.939,0.341,0.339,1.097,0.712,0.523,0.097,0.097,0.149,0.092,0.829,0.096,0.179,0.214,0.379,0.493,0.103,0.804,0.806,0.839,0.777,0.825,0.811,0.789,0.782,0.789,0.801,0.793,0.789,0.768,0.788,0.763,0.732,0.738,0.729,0.669,0.681,0.657,0.675,0.741,0.705,0.085,0.084,0.088,0.095,0.095,0.092,0.094,0.096,0.097,0.094,0.093,0.108
15.0,1.209,0.68,0.327,0.407,0.549,0.614,0.473,0.471,0.474,0.34,0.424,0.853,0.849,0.473,0.469,1.015,0.397,0.455,0.887,0.622,0.377,0.418,0.428,0.711,0.396,0.29,0.226,0.506,0.446,0.564,0.541,0.79,0.726,0.189,0.317,0.358,1.063,0.503,0.422,0.225,0.658,0.614,0.847,0.941,0.342,0.335,1.079,0.713,0.524,0.099,0.096,0.15,0.093,0.831,0.096,0.181,0.216,0.379,0.494,0.103,0.805,0.807,0.839,0.778,0.83,0.818,0.79,0.785,0.797,0.798,0.792,0.795,0.768,0.793,0.764,0.729,0.739,0.725,0.665,0.677,0.652,0.675,0.74,0.708,0.085,0.083,0.088,0.097,0.096,0.094,0.094,0.095,0.097,0.094,0.095,0.108
15.5,1.214,0.678,0.327,0.406,0.545,0.613,0.473,0.471,0.474,0.339,0.425,0.856,0.847,0.474,0.469,1.02,0.396,0.456,0.89,0.62,0.377,0.421,0.429,0.712,0.394,0.289,0.226,0.39,0.446,0.558,0.516,0.805,0.72,0.187,0.317,0.357,1.071,0.502,0.421,0.226,0.657,0.613,0.845,0.94,0.34,0.335,1.068,0.712,0.528,0.098,0.096,0.148,0.093,0.83,0.096,0.183,0.217,0.379,0.496,0.104,0.807,0.809,0.838,0.777,0.842,0.825,0.8,0.793,0.801,0.799,0.793,0.797,0.767,0.796,0.763,0.726,0.737,0.723,0.662,0.675,0.649,0.671,0.738,0.709,0.085,0.084,0.09,0.096,0.095,0.094,0.093,0.096,0.097,0.094,0.094,0.108
16.0,1.221,0.674,0.327,0.406,0.553,0.61,0.472,0.471,0.474,0.341,0.424,0.854,0.85,0.474,0.468,1.008,0.394,0.451,0.894,0.619,0.375,0.402,0.429,0.714,0.396,0.288,0.227,0.481,0.451,0.568,0.539,0.816,0.72,0.188,0.316,0.357,1.067,0.503,0.421,0.224,0.659,0.61,0.845,0.941,0.339,0.337,1.081,0.712,0.512,0.098,0.097,0.148,0.093,0.833,0.096,0.183,0.217,0.38,0.496,0.103,0.808,0.808,0.836,0.778,0.852,0.828,0.807,0.8,0.804,0.797,0.791,0.802,0.767,0.797,0.76,0.723,0.735,0.719,0.659,0.673,0.646,0.669,0.74,0.713,0.085,0.084,0.089,0.096,0.096,0.092,0.092,0.095,0.097,0.095,0.094,0.109
16.5,1.217,0.677,0.327,0.407,0.554,0.607,0.473,0.47,0.474,0.342,0.426,0.854,0.851,0.475,0.468,1.008,0.394,0.443,0.899,0.618,0.373,0.413,0.429,0.716,0.397,0.29,0.227,0.447,0.45,0.561,0.523,0.809,0.72,0.189,0.317,0.359,1.062,0.502,0.421,0.224,0.659,0.61,0.843,0.943,0.34,0.337,1.082,0.712,0.521,0.099,0.097,0.148,0.093,0.832,0.095,0.184,0.217,0.379,0.495,0.104,0.808,0.807,0.834,0.775,0.857,0.831,0.813,0.805,0.8,0.793,0.789,0.803,0.767,0.795,0.756,0.72,0.732,0.716,0.655,0.671,0.643,0.667,0.738,0.714,0.084,0.084,0.09,0.097,0.096,0.093,0.093,0.095,0.097,0.094,0.095,0.108
17.0,1.236,0.679,0.325,0.407,0.556,0.611,0.472,0.471,0.474,0.341,0.428,0.855,0.852,0.475,0.467,1.009,0.393,0.443,0.904,0.615,0.375,0.395,0.429,0.715,0.396,0.29,0.226,0.391,0.444,0.577,0.541,0.818,0.715,0.189,0.316,0.359,1.062,0.501,0.422,0.225,0.66,0.608,0.835,0.943,0.34,0.336,1.06,0.711,0.521,0.097,0.097,0.149,0.092,0.833,0.096,0.185,0.217,0.38,0.492,0.104,0.809,0.808,0.828,0.774,0.86,0.832,0.813,0.806,0.798,0.79,0.788,0.808,0.766,0.79,0.753,0.715,0.728,0.715,0.656,0.67,0.642,0.665,0.741,0.717,0.085,0.084,0.089,0.097,0.096,0.093,0.093,0.096,0.098,0.095,0.094,0.107
17.5,1.241,0.682,0.327,0.407,0.554,0.614,0.473,0.47,0.475,0.34,0.428,0.855,0.853,0.475,0.47,1.01,0.393,0.441,0.91,0.613,0.372,0.41,0.43,0.716,0.396,0.291,0.228,0.508,0.452,0.565,0.541,0.813,0.713,0.189,0.318,0.358,1.062,0.5,0.423,0.226,0.66,0.606,0.84,0.945,0.339,0.335,1.061,0.714,0.522,0.1,0.097,0.15,0.093,0.836,0.097,0.187,0.219,0.38,0.494,0.104,0.81,0.808,0.828,0.775,0.861,0.83,0.811,0.805,0.795,0.785,0.787,0.811,0.767,0.786,0.748,0.711,0.726,0.712,0.653,0.668,0.64,0.666,0.741,0.719,0.085,0.085,0.089,0.097,0.097,0.094,0.094,0.096,0.098,0.095,0.095,0.109
18.0,1.222,0.684,0.328,0.406,0.549,0.613,0.473,0.47,0.474,0.341,0.427,0.855,0.85,0.476,0.469,1.014,0.391,0.439,0.915,0.61,0.371,0.41,0.429,0.717,0.396,0.29,0.227,0.477,0.446,0.569,0.56,0.818,0.711,0.189,0.316,0.358,1.072,0.501,0.422,0.225,0.659,0.605,0.839,0.944,0.338,0.333,1.073,0.713,0.525,0.098,0.097,0.149,0.093,0.836,0.096,0.186,0.22,0.38,0.496,0.104,0.811,0.807,0.824,0.772,0.858,0.826,0.806,0.802,0.792,0.781,0.783,0.814,0.763,0.779,0.74,0.706,0.722,0.708,0.652,0.666,0.638,0.664,0.741,0.721,0.084,0.085,0.089,0.095,0.095,0.093,0.093,0.095,0.096,0.095,0.094,0.108
18.5,1.205,0.68,0.329,0.407,0.546,0.61,0.472,0.47,0.473,0.342,0.426,0.855,0.851,0.475,0.469,1.013,0.39,0.438,0.919,0.607,0.37,0.413,0.429,0.717,0.395,0.29,0.226,0.45,0.446,0.563,0.54,0.833,0.707,0.189,0.317,0.357,1.072,0.501,0.422,0.226,0.658,0.604,0.837,0.945,0.338,0.33,1.087,0.712,0.516,0.097,0.097,0.148,0.093,0.839,0.096,0.186,0.219,0.379,0.495,0.104,0.812,0.805,0.821,0.771,0.857,0.823,0.804,0.799,0.789,0.779,0.781,0.815,0.763,0.777,0.736,0.704,0.719,0.706,0.651,0.665,0.636,0.662,0.741,0.723,0.085,0.084,0.09,0.097,0.096,0.093,0.093,0.096,0.097,0.095,0.095,0.109
19.0,1.214,0.679,0.327,0.407,0.551,0.608,0.471,0.469,0.474,0.341,0.426,0.855,0.853,0.475,0.47,1.011,0.389,0.438,0.919,0.603,0.369,0.409,0.43,0.716,0.396,0.29,0.226,0.542,0.449,0.562,0.539,0.838,0.703,0.189,0.316,0.358,1.065,0.5,0.421,0.224,0.659,0.602,0.835,0.946,0.337,0.33,1.063,0.712,0.523,0.096,0.097,0.147,0.092,0.837,0.095,0.185,0.219,0.381,0.497,0.104,0.813,0.802,0.819,0.77,0.853,0.816,0.8,0.798,0.784,0.774,0.779,0.818,0.76,0.77,0.73,0.699,0.714,0.703,0.647,0.664,0.634,0.659,0.74,0.725,0.084,0.084,0.088,0.096,0.095,0.093,0.094,0.096,0.098,0.094,0.094,0.108
19.5,1.214,0.682,0.326,0.407,0.555,0.609,0.471,0.469,0.473,0.341,0.428,0.855,0.853,0.475,0.468,1.01,0.388,0.437,0.923,0.6,0.368,0.409,0.429,0.718,0.396,0.289,0.227,0.459,0.446,0.559,0.543,0.848,0.7,0.189,0.317,0.359,1.066,0.499,0.42,0.224,0.66,0.602,0.835,0.946,0.337,0.328,1.089,0.711,0.528,0.097,0.096,0.146,0.091,0.838,0.095,0.187,0.218,0.381,0.495,0.103,0.813,0.801,0.816,0.767,0.85,0.812,0.795,0.792,0.779,0.769,0.776,0.822,0.758,0.765,0.724,0.694,0.709,0.7,0.645,0.662,0.634,0.659,0.741,0.728,0.084,0.083,0.089,0.096,0.096,0.093,0.093,0.095,0.097,0.093,0.093,0.108
20.0,1.216,0.684,0.327,0.406,0.555,0.611,0.472,0.47,0.475,0.342,0.43,0.854,0.855,0.476,0.468,1.012,0.389,0.436,0.925,0.596,0.367,0.402,0.429,0.719,0.397,0.29,0.227,0.594,0.451,0.554,0.53,0.842,0.7,0.19,0.319,0.358,1.065,0.501,0.421,0.225,0.658,0.603,0.831,0.947,0.337,0.328,1.082,0.712,0.527,0.098,0.097,0.147,0.093,0.842,0.096,0.186,0.219,0.381,0.495,0.104,0.816,0.801,0.816,0.768,0.847,0.807,0.793,0.789,0.777,0.766,0.774,0.825,0.757,0.76,0.719,0.689,0.706,0.698,0.644,0.661,0.631,0.66,0.741,0.729,0.085,0.085,0.089,0.097,0.096,0.093,0.094,0.097,0.098,0.095,0.094,0.109
20.5,1.204,0.686,0.328,0.407,0.551,0.612,0.472,0.469,0.474,0.341,0.429,0.855,0.854,0.477,0.469,1.015,0.387,0.436,0.92,0.593,0.367,0.402,0.429,0.719,0.395,0.29,0.227,0.433,0.445,0.58,0.564,0.837,0.696,0.19,0.317,0.358,1.07,0.499,0.422,0.224,0.659,0.604,0.835,0.948,0.337,0.324,1.079,0.713,0.521,0.099,0.097,0.147,0.093,0.841,0.096,0.187,0.219,0.381,0.496,0.104,0.818,0.799,0.81,0.766,0.842,0.801,0.789,0.787,0.773,0.764,0.772,0.829,0.754,0.754,0.712,0.687,0.702,0.696,0.644,0.661,0.63,0.66,0.742,0.732,0.084,0.084,0.089,0.097,0.096,0.094,0.092,0.096,0.098,0.095,0.095,0.109
21.0,1.229,0.686,0.329,0.408,0.549,0.612,0.472,0.47,0.474,0.341,0.429,0.856,0.853,0.477,0.471,1.014,0.384,0.434,0.923,0.589,0.366,0.406,0.43,0.72,0.395,0.291,0.227,0.513,0.446,0.57,0.56,0.824,0.692,0.19,0.318,0.359,1.074,0.499,0.421,0.224,0.658,0.603,0.834,0.948,0.336,0.325,1.08,0.713,0.525,0.098,0.096,0.146,0.092,0.843,0.095,0.187,0.22,0.381,0.499,0.104,0.821,0.799,0.808,0.764,0.839,0.794,0.783,0.781,0.771,0.76,0.772,0.833,0.753,0.747,0.707,0.683,0.698,0.695,0.643,0.662,0.63,0.659,0.743,0.736,0.085,0.084,0.089,0.097,0.096,0.093,0.094,0.095,0.097,0.095,0.094,0.108
21.5,1.231,0.682,0.329,0.407,0.551,0.609,0.472,0.47,0.474,0.342,0.428,0.858,0.854,0.477,0.472,1.018,0.384,0.432,0.923,0.584,0.367,0.408,0.43,0.72,0.395,0.29,0.227,0.636,0.451,0.565,0.541,0.826,0.689,0.19,0.317,0.358,1.075,0.498,0.421,0.223,0.658,0.603,0.832,0.95,0.336,0.322,1.08,0.712,0.521,0.098,0.097,0.146,0.091,0.843,0.096,0.187,0.219,0.38,0.501,0.104,0.823,0.799,0.807,0.761,0.833,0.79,0.78,0.778,0.766,0.757,0.77,0.837,0.752,0.741,0.701,0.679,0.694,0.691,0.642,0.658,0.628,0.656,0.74,0.738,0.084,0.083,0.09,0.096,0.095,0.093,0.093,0.096,0.098,0.095,0.094,0.108
22.0,1.208,0.683,0.328,0.407,0.555,0.607,0.473,0.47,0.474,0.343,0.43,0.856,0.855,0.477,0.469,1.015,0.383,0.43,0.926,0.58,0.366,0.408,0.43,0.72,0.395,0.29,0.228,0.49,0.446,0.563,0.577,0.828,0.687,0.19,0.318,0.359,1.075,0.498,0.422,0.223,0.659,0.6,0.834,0.95,0.335,0.324,1.085,0.711,0.527,0.097,0.096,0.145,0.093,0.844,0.096,0.186,0.22,0.381,0.5,0.104,0.825,0.798,0.808,0.76,0.83,0.784,0.778,0.775,0.762,0.755,0.769,0.841,0.748,0.734,0.696,0.677,0.692,0.69,0.641,0.658,0.628,0.658,0.743,0.739,0.085,0.084,0.089,0.097,0.096,0.093,0.093,0.097,0.099,0.095,0.094,0.108
22.5,1.228,0.685,0.328,0.407,0.555,0.61,0.472,0.469,0.474,0.34,0.431,0.859,0.856,0.478,0.468,1.016,0.384,0.428,0.932,0.575,0.364,0.413,0.429,0.72,0.396,0.29,0.226,0.675,0.453,0.558,0.545,0.826,0.685,0.19,0.318,0.358,1.072,0.498,0.421,0.223,0.658,0.6,0.828,0.952,0.333,0.32,1.054,0.711,0.53,0.098,0.097,0.145,0.092,0.843,0.094,0.186,0.219,0.38,0.497,0.104,0.826,0.797,0.806,0.757,0.827,0.778,0.773,0.771,0.759,0.753,0.767,0.844,0.748,0.728,0.691,0.672,0.689,0.687,0.639,0.657,0.627,0.658,0.744,0.743,0.085,0.084,0.088,0.096,0.096,0.093,0.092,0.096,0.096,0.095,0.094,0.108
23.0,1.25,0.688,0.329,0.408,0.556,0.613,0.472,0.47,0.474,0.341,0.432,0.859,0.857,0.478,0.469,1.016,0.382,0.426,0.931,0.57,0.364,0.416,0.43,0.72,0.396,0.291,0.228,0.574,0.453,0.558,0.55,0.835,0.683,0.191,0.318,0.358,1.074,0.499,0.422,0.224,0.659,0.599,0.828,0.953,0.335,0.321,1.047,0.713,0.531,0.099,0.097,0.146,0.093,0.846,0.096,0.188,0.219,0.381,0.498,0.104,0.827,0.8,0.807,0.758,0.823,0.774,0.769,0.768,0.758,0.752,0.768,0.847,0.748,0.724,0.688,0.671,0.686,0.686,0.638,0.657,0.626,0.658,0.746,0.744,0.085,0.084,0.09,0.098,0.097,0.094,0.094,0.096,0.098,0.096,0.094,0.109
23.5,1.199,0.688,0.329,0.406,0.548,0.613,0.471,0.469,0.474,0.34,0.431,0.857,0.856,0.478,0.47,1.015,0.379,0.422,0.93,0.565,0.364,0.415,0.429,0.721,0.395,0.29,0.227,0.588,0.449,0.561,0.571,0.854,0.677,0.191,0.318,0.357,1.074,0.498,0.421,0.222,0.659,0.596,0.834,0.953,0.333,0.318,1.088,0.711,0.526,0.099,0.095,0.145,0.092,0.846,0.095,0.187,0.219,0.38,0.501,0.104,0.83,0.799,0.806,0.755,0.82,0.768,0.767,0.766,0.756,0.75,0.766,0.85,0.747,0.719,0.682,0.668,0.684,0.685,0.638,0.656,0.625,0.657,0.748,0.745,0.084,0.083,0.088,0.096,0.095,0.092,0.093,0.095,0.097,0.095,0.093,0.108
24.0,1.202,0.684,0.329,0.407,0.549,0.61,0.471,0.469,0.473,0.341,0.43,0.859,0.856,0.477,0.47,1.016,0.379,0.419,0.928,0.559,0.363,0.409,0.43,0.722,0.395,0.29,0.227,0.623,0.451,0.562,0.537,0.854,0.675,0.19,0.317,0.358,1.083,0.498,0.421,0.222,0.657,0.595,0.833,0.955,0.333,0.319,1.056,0.711,0.525,0.098,0.096,0.145,0.091,0.847,0.096,0.185,0.218,0.381,0.502,0.103,0.832,0.801,0.807,0.755,0.815,0.76,0.762,0.761,0.752,0.746,0.766,0.853,0.746,0.716,0.678,0.665,0.681,0.683,0.636,0.654,0.625,0.655,0.748,0.747,0.085,0.084,0.089,0.095,0.095,0.094,0.093,0.096,0.097,0.094,0.094,0.108
24.5,1.227,0.685,0.329,0.408,0.554,0.609,0.473,0.469,0.473,0.342,0.431,0.86,0.858,0.479,0.471,1.012,0.38,0.418,0.926,0.555,0.364,0.41,0.43,0.723,0.395,0.291,0.228,0.708,0.452,0.561,0.554,0.858,0.672,0.191,0.317,0.359,1.079,0.498,0.422,0.222,0.658,0.595,0.836,0.954,0.333,0.317,1.085,0.711,0.529,0.098,0.097,0.143,0.091,0.848,0.096,0.187,0.219,0.381,0.501,0.105,0.833,0.803,0.808,0.754,0.813,0.756,0.762,0.76,0.749,0.745,0.768,0.857,0.747,0.712,0.675,0.664,0.681,0.683,0.635,0.655,0.625,0.658,0.751,0.75,0.085,0.085,0.09,0.095,0.096,0.093,0.094,0.096,0.098,0.095,0.094,0.109
25.0,1.216,0.686,0.329,0.408,0.554,0.611,0.472,0.469,0.473,0.342,0.431,0.861,0.858,0.479,0.469,1.015,0.379,0.413,0.93,0.548,0.363,0.402,0.43,0.723,0.395,0.29,0.228,0.781,0.449,0.558,0.563,0.859,0.667,0.191,0.319,0.358,1.075,0.498,0.421,0.222,0.658,0.595,0.826,0.957,0.333,0.319,1.054,0.712,0.527,0.098,0.096,0.144,0.091,0.849,0.095,0.185,0.218,0.382,0.498,0.104,0.835,0.802,0.807,0.753,0.809,0.752,0.757,0.756,0.748,0.743,0.767,0.859,0.748,0.708,0.674,0.66,0.679,0.681,0.634,0.655,0.624,0.657,0.753,0.75,0.085,0.084,0.089,0.097,0.097,0.093,0.094,0.097,0.097,0.095,0.094,0.108
25.5,1.223,0.688,0.329,0.408,0.556,0.612,0.472,0.469,0.473,0.341,0.434,0.86,0.86,0.48,0.47,1.019,0.379,0.41,0.93,0.544,0.363,0.412,0.43,0.723,0.395,0.29,0.228,0.929,0.451,0.557,0.555,0.853,0.66,0.192,0.319,0.357,1.078,0.499,0.422,0.222,0.659,0.594,0.819,0.959,0.333,0.317,1.071,0.712,0.525,0.098,0.097,0.144,0.092,0.851,0.095,0.187,0.219,0.382,0.499,0.104,0.837,0.803,0.807,0.751,0.807,0.748,0.756,0.755,0.745,0.743,0.768,0.86,0.747,0.705,0.671,0.659,0.678,0.68,0.634,0.654,0.622,0.659,0.754,0.753,0.085,0.085,0.09,0.096,0.096,0.094,0.093,0.096,0.097,0.095,0.095,0.109
26.0,1.213,0.69,0.329,0.407,0.548,0.614,0.471,0.469,0.474,0.343,0.432,0.86,0.859,0.48,0.472,1.016,0.378,0.406,0.929,0.539,0.363,0.409,0.43,0.725,0.393,0.291,0.227,0.92,0.45,0.56,0.565,0.858,0.654,0.19,0.317,0.359,1.079,0.497,0.421,0.222,0.657,0.593,0.821,0.96,0.332,0.318,1.068,0.712,0.531,0.098,0.096,0.145,0.091,0.852,0.095,0.186,0.22,0.382,0.499,0.104,0.837,0.805,0.806,0.752,0.807,0.746,0.753,0.753,0.743,0.742,0.768,0.862,0.747,0.703,0.668,0.657,0.677,0.678,0.633,0.654,0.624,0.658,0.755,0.753,0.084,0.084,0.089,0.097,0.096,0.094,0.093,0.096,0.098,0.095,0.094,0.109
26.5,1.215,0.688,0.33,0.408,0.55,0.613,0.471,0.47,0.472,0.343,0.431,0.86,0.857,0.48,0.471,1.021,0.375,0.403,0.927,0.533,0.362,0.418,0.43,0.724,0.392,0.29,0.227,0.936,0.455,0.571,0.548,0.86,0.651,0.191,0.319,0.358,1.084,0.497,0.421,0.221,0.657,0.593,0.821,0.962,0.33,0.316,1.09,0.711,0.53,0.097,0.096,0.143,0.092,0.852,0.095,0.185,0.22,0.382,0.501,0.104,0.837,0.806,0.805,0.75,0.805,0.743,0.75,0.75,0.741,0.74,0.768,0.865,0.747,0.701,0.665,0.656,0.676,0.678,0.631,0.654,0.623,0.658,0.756,0.754,0.084,0.084,0.089,0.095,0.096,0.094,0.093,0.095,0.097,0.095,0.095,0.109
27.0,1.229,0.686,0.329,0.407,0.549,0.607,0.471,0.468,0.473,0.342,0.43,0.858,0.858,0.479,0.471,1.016,0.375,0.4,0.926,0.525,0.362,0.416,0.43,0.725,0.391,0.289,0.228,1.123,0.453,0.551,0.556,0.863,0.644,0.19,0.318,0.357,1.079,0.497,0.422,0.22,0.658,0.591,0.82,0.964,0.331,0.317,1.083,0.71,0.533,0.096,0.097,0.143,0.091,0.852,0.093,0.184,0.218,0.381,0.5,0.103,0.839,0.807,0.805,0.749,0.803,0.742,0.748,0.747,0.739,0.737,0.768,0.867,0.747,0.698,0.663,0.653,0.673,0.677,0.631,0.654,0.621,0.657,0.758,0.756,0.085,0.083,0.088,0.096,0.095,0.093,0.092,0.096,0.097,0.094,0.094,0.108
27.5,1.22,0.688,0.329,0.407,0.555,0.607,0.471,0.469,0.474,0.342,0.433,0.862,0.859,0.479,0.47,1.018,0.375,0.396,0.931,0.521,0.362,0.416,0.429,0.725,0.39,0.29,0.227,1.243,0.46,0.563,0.554,0.868,0.64,0.19,0.319,0.358,1.08,0.497,0.42,0.219,0.657,0.59,0.817,0.966,0.331,0.317,1.055,0.71,0.527,0.098,0.096,0.143,0.09,0.855,0.095,0.185,0.219,0.382,0.5,0.103,0.842,0.809,0.804,0.749,0.802,0.74,0.745,0.746,0.737,0.736,0.77,0.87,0.748,0.696,0.662,0.651,0.673,0.676,0.63,0.655,0.622,0.658,0.76,0.756,0.085,0.084,0.089,0.096,0.096,0.093,0.093,0.095,0.098,0.094,0.094,0.109
28.0,1.228,0.69,0.329,0.408,0.554,0.611,0.472,0.469,0.474,0.342,0.435,0.859,0.861,0.48,0.47,1.017,0.374,0.393,0.933,0.515,0.362,0.412,0.43,0.725,0.389,0.291,0.227,1.332,0.451,0.561,0.556,0.869,0.634,0.191,0.319,0.358,1.074,0.498,0.421,0.22,0.657,0.589,0.813,0.966,0.33,0.316,1.079,0.711,0.532,0.098,0.095,0.143,0.092,0.854,0.095,0.186,0.218,0.382,0.497,0.103,0.842,0.81,0.802,0.748,0.8,0.738,0.743,0.743,0.735,0.735,0.771,0.871,0.748,0.694,0.66,0.65,0.672,0.675,0.63,0.655,0.623,0.659,0.759,0.758,0.085,0.084,0.088,0.096,0.096,0.094,0.093,0.095,0.098,0.095,0.094,0.108
28.5,1.216,0.692,0.33,0.408,0.553,0.614,0.471,0.469,0.473,0.343,0.434,0.858,0.858,0.48,0.471,1.018,0.373,0.389,0.93,0.509,0.362,0.411,0.43,0.723,0.389,0.289,0.228,1.368,0.463,0.561,0.534,0.872,0.632,0.191,0.319,0.358,1.082,0.497,0.422,0.22,0.657,0.589,0.819,0.966,0.329,0.315,1.079,0.712,0.531,0.098,0.096,0.144,0.092,0.856,0.095,0.186,0.219,0.382,0.499,0.104,0.844,0.811,0.802,0.748,0.802,0.738,0.741,0.741,0.734,0.736,0.772,0.873,0.749,0.693,0.659,0.65,0.672,0.676,0.629,0.656,0.624,0.661,0.762,0.761,0.084,0.084,0.089,0.096,0.096,0.093,0.094,0.095,0.097,0.094,0.094,0.108
29.0,1.195,0.691,0.33,0.407,0.546,0.61,0.471,0.468,0.473,0.341,0.43,0.857,0.858,0.481,0.47,1.015,0.37,0.387,0.928,0.503,0.361,0.419,0.43,0.724,0.387,0.29,0.229,1.408,0.458,0.556,0.544,0.875,0.632,0.191,0.319,0.356,1.087,0.496,0.42,0.22,0.655,0.586,0.822,0.969,0.329,0.315,1.064,0.711,0.53,0.096,0.096,0.141,0.091,0.854,0.095,0.186,0.219,0.382,0.501,0.103,0.844,0.812,0.801,0.747,0.8,0.735,0.74,0.739,0.733,0.733,0.772,0.873,0.749,0.692,0.656,0.649,0.671,0.675,0.628,0.655,0.622,0.659,0.762,0.761,0.084,0.083,0.089,0.096,0.095,0.093,0.092,0.096,0.096,0.094,0.094,0.109
29.5,1.229,0.689,0.331,0.408,0.549,0.609,0.471,0.469,0.474,0.343,0.433,0.859,0.859,0.481,0.471,1.021,0.371,0.384,0.927,0.499,0.362,0.412,0.431,0.725,0.386,0.29,0.229,1.431,0.454,0.559,0.551,0.878,0.63,0.192,0.319,0.359,1.082,0.497,0.422,0.221,0.656,0.587,0.817,0.972,0.33,0.316,1.082,0.712,0.534,0.098,0.097,0.142,0.091,0.856,0.095,0.185,0.22,0.383,0.502,0.104,0.846,0.814,0.802,0.747,0.801,0.735,0.738,0.739,0.732,0.733,0.775,0.876,0.75,0.691,0.656,0.648,0.672,0.675,0.629,0.656,0.624,0.66,0.764,0.762,0.084,0.084,0.089,0.097,0.096,0.093,0.093,0.096,0.097,0.095,0.094,0.108
30.0,1.238,0.689,0.33,0.408,0.554,0.61,0.472,0.47,0.474,0.343,0.437,0.859,0.861,0.481,0.472,1.022,0.373,0.382,0.929,0.494,0.362,0.412,0.431,0.726,0.385,0.291,0.228,1.432,0.453,0.561,0.531,0.88,0.631,0.192,0.32,0.359,1.084,0.498,0.422,0.22,0.657,0.586,0.818,0.975,0.33,0.315,1.087,0.711,0.529,0.098,0.097,0.143,0.092,0.855,0.095,0.186,0.22,0.384,0.499,0.104,0.847,0.815,0.804,0.747,0.802,0.733,0.735,0.738,0.73,0.733,0.775,0.878,0.75,0.691,0.654,0.648,0.67,0.675,0.629,0.658,0.623,0.661,0.765,0.764,0.085,0.084,0.09,0.096,0.097,0.094,0.095,0.096,0.099,0.095,0.095,0.109
30.5,1.245,0.69,0.329,0.409,0.554,0.611,0.472,0.469,0.473,0.342,0.436,0.858,0.86,0.481,0.47,1.019,0.372,0.378,0.929,0.489,0.362,0.41,0.431,0.727,0.384,0.29,0.227,1.426,0.458,0.561,0.529,0.888,0.636,0.191,0.32,0.358,1.083,0.497,0.422,0.221,0.655,0.584,0.813,0.978,0.331,0.315,1.078,0.712,0.529,0.098,0.097,0.142,0.092,0.855,0.095,0.185,0.219,0.382,0.497,0.103,0.847,0.814,0.805,0.746,0.8,0.729,0.733,0.735,0.728,0.731,0.776,0.878,0.75,0.69,0.652,0.646,0.668,0.675,0.627,0.656,0.623,0.66,0.765,0.763,0.085,0.083,0.09,0.097,0.096,0.093,0.093,0.095,0.097,0.095,0.094,0.108
31.0,1.238,0.693,0.33,0.408,0.554,0.614,0.472,0.468,0.474,0.343,0.435,0.856,0.861,0.481,0.472,1.02,0.371,0.376,0.924,0.484,0.361,0.415,0.431,0.728,0.384,0.291,0.228,1.422,0.461,0.56,0.542,0.891,0.645,0.192,0.32,0.359,1.086,0.497,0.422,0.22,0.654,0.585,0.815,0.979,0.329,0.315,1.066,0.712,0.526,0.097,0.096,0.142,0.092,0.856,0.095,0.186,0.217,0.383,0.497,0.104,0.848,0.816,0.804,0.746,0.801,0.729,0.734,0.735,0.728,0.732,0.777,0.881,0.753,0.689,0.654,0.646,0.67,0.675,0.628,0.657,0.623,0.662,0.767,0.765,0.084,0.084,0.088,0.097,0.097,0.095,0.094,0.096,0.097,0.094,0.095,0.108
31.5,1.21,0.691,0.332,0.408,0.549,0.611,0.471,0.468,0.473,0.342,0.434,0.858,0.86,0.481,0.471,1.023,0.369,0.373,0.921,0.48,0.363,0.412,0.431,0.728,0.384,0.29,0.229,1.445,0.456,0.563,0.535,0.892,0.652,0.192,0.318,0.358,1.092,0.497,0.423,0.22,0.652,0.582,0.816,0.982,0.329,0.312,1.083,0.713,0.525,0.098,0.097,0.141,0.09,0.856,0.095,0.185,0.22,0.383,0.501,0.104,0.849,0.816,0.804,0.744,0.802,0.729,0.732,0.733,0.725,0.729,0.78,0.882,0.753,0.688,0.65,0.645,0.669,0.674,0.627,0.658,0.624,0.663,0.768,0.767,0.084,0.085,0.089,0.096,0.096,0.095,0.094,0.095,0.098,0.094,0.095,0.108
32.0,1.223,0.688,0.331,0.407,0.548,0.609,0.471,0.469,0.473,0.344,0.433,0.856,0.861,0.481,0.471,1.026,0.368,0.37,0.917,0.475,0.363,0.413,0.432,0.727,0.381,0.29,0.228,1.443,0.454,0.558,0.513,0.893,0.653,0.191,0.319,0.358,1.087,0.497,0.422,0.219,0.651,0.579,0.814,0.985,0.328,0.313,1.056,0.711,0.525,0.098,0.096,0.14,0.091,0.857,0.095,0.185,0.219,0.383,0.5,0.104,0.849,0.816,0.803,0.743,0.802,0.727,0.73,0.731,0.723,0.731,0.782,0.883,0.753,0.687,0.649,0.644,0.669,0.674,0.628,0.659,0.623,0.66,0.768,0.769,0.084,0.084,0.089,0.096,0.096,0.094,0.093,0.095,0.098,0.095,0.094,0.109
32.5,1.215,0.688,0.33,0.408,0.552,0.608,0.471,0.469,0.472,0.344,0.435,0.859,0.861,0.481,0.472,1.026,0.369,0.369,0.916,0.471,0.362,0.416,0.431,0.727,0.382,0.29,0.228,1.448,0.456,0.557,0.506,0.895,0.653,0.193,0.32,0.359,1.085,0.497,0.422,0.218,0.653,0.578,0.81,0.988,0.327,0.315,1.058,0.711,0.53,0.098,0.097,0.14,0.091,0.858,0.095,0.184,0.219,0.383,0.5,0.105,0.85,0.816,0.804,0.742,0.801,0.725,0.727,0.73,0.722,0.728,0.784,0.886,0.754,0.687,0.649,0.645,0.67,0.675,0.627,0.66,0.622,0.662,0.77,0.77,0.085,0.084,0.09,0.096,0.096,0.094,0.094,0.096,0.097,0.094,0.094,0.107
33.0,1.225,0.691,0.329,0.408,0.557,0.61,0.471,0.469,0.473,0.343,0.437,0.859,0.863,0.482,0.469,1.02,0.368,0.367,0.914,0.468,0.361,0.408,0.431,0.728,0.38,0.29,0.228,1.445,0.455,0.56,0.523,0.899,0.657,0.192,0.319,0.359,1.084,0.497,0.42,0.219,0.652,0.579,0.809,0.989,0.328,0.315,1.079,0.71,0.527,0.098,0.096,0.141,0.092,0.859,0.095,0.184,0.218,0.383,0.497,0.103,0.849,0.816,0.804,0.742,0.801,0.724,0.726,0.729,0.721,0.729,0.784,0.887,0.752,0.686,0.648,0.644,0.668,0.674,0.626,0.66,0.622,0.663,0.771,0.771,0.084,0.084,0.089,0.096,0.097,0.094,0.093,0.096,0.097,0.094,0.094,0.108
33.5,1.225,0.694,0.328,0.407,0.553,0.612,0.471,0.468,0.472,0.342,0.436,0.856,0.86,0.481,0.471,1.027,0.368,0.364,0.91,0.464,0.36,0.416,0.43,0.727,0.38,0.289,0.228,1.433,0.456,0.557,0.53,0.908,0.639,0.191,0.319,0.357,1.082,0.497,0.421,0.218,0.651,0.579,0.81,0.99,0.327,0.313,1.058,0.711,0.534,0.097,0.096,0.141,0.089,0.857,0.094,0.184,0.217,0.383,0.498,0.103,0.85,0.815,0.804,0.74,0.802,0.721,0.723,0.726,0.719,0.727,0.785,0.888,0.754,0.685,0.647,0.642,0.667,0.673,0.628,0.658,0.623,0.663,0.77,0.771,0.084,0.084,0.088,0.096,0.095,0.093,0.091,0.095,0.096,0.094,0.093,0.108
34.0,1.212,0.694,0.332,0.408,0.548,0.612,0.472,0.469,0.473,0.343,0.435,0.857,0.86,0.482,0.472,1.022,0.367,0.363,0.905,0.462,0.362,0.414,0.431,0.73,0.38,0.291,0.228,1.43,0.458,0.563,0.54,0.915,0.644,0.193,0.32,0.358,1.092,0.497,0.422,0.219,0.65,0.578,0.812,0.989,0.327,0.314,1.043,0.711,0.526,0.097,0.097,0.141,0.092,0.859,0.094,0.185,0.218,0.383,0.5,0.104,0.854,0.818,0.806,0.74,0.804,0.721,0.723,0.727,0.72,0.728,0.787,0.89,0.754,0.685,0.645,0.643,0.669,0.675,0.626,0.659,0.623,0.666,0.773,0.774,0.086,0.084,0.089,0.096,0.096,0.094,0.093,0.096,0.098,0.095,0.094,0.109
34.5,1.224,0.691,0.332,0.408,0.549,0.611,0.472,0.469,0.472,0.345,0.434,0.858,0.861,0.482,0.474,1.026,0.365,0.363,0.9,0.46,0.362,0.412,0.432,0.73,0.38,0.291,0.229,1.437,0.463,0.559,0.546,0.924,0.636,0.192,0.32,0.36,1.092,0.497,0.422,0.218,0.649,0.576,0.813,0.995,0.327,0.313,1.084,0.711,0.53,0.099,0.097,0.141,0.091,0.86,0.094,0.185,0.219,0.383,0.501,0.104,0.854,0.817,0.806,0.74,0.805,0.721,0.722,0.725,0.72,0.729,0.789,0.891,0.755,0.686,0.644,0.644,0.669,0.675,0.628,0.661,0.626,0.664,0.771,0.776,0.085,0.084,0.09,0.097,0.096,0.093,0.094,0.095,0.098,0.094,0.094,0.108
35.0,1.216,0.688,0.331,0.408,0.552,0.608,0.471,0.469,0.474,0.345,0.435,0.857,0.862,0.482,0.472,1.022,0.367,0.361,0.894,0.458,0.363,0.409,0.432,0.73,0.38,0.291,0.228,1.438,0.469,0.558,0.531,0.921,0.637,0.193,0.32,0.359,1.083,0.497,0.422,0.219,0.653,0.575,0.813,0.997,0.326,0.313,1.06,0.711,0.527,0.097,0.097,0.14,0.092,0.86,0.095,0.184,0.218,0.384,0.501,0.104,0.853,0.817,0.807,0.74,0.804,0.717,0.72,0.723,0.718,0.729,0.79,0.894,0.755,0.686,0.644,0.643,0.669,0.674,0.629,0.662,0.626,0.665,0.772,0.777,0.085,0.084,0.089,0.097,0.095,0.093,0.093,0.095,0.097,0.095,0.095,0.109
35.5,1.234,0.689,0.329,0.407,0.552,0.608,0.471,0.469,0.472,0.343,0.435,0.858,0.862,0.482,0.469,1.02,0.367,0.361,0.89,0.456,0.362,0.413,0.431,0.729,0.379,0.29,0.227,1.442,0.462,0.555,0.535,0.925,0.638,0.191,0.318,0.359,1.085,0.497,0.421,0.217,0.651,0.573,0.81,0.997,0.325,0.313,1.076,0.71,0.522,0.097,0.096,0.14,0.089,0.86,0.094,0.185,0.217,0.382,0.497,0.103,0.854,0.816,0.807,0.737,0.802,0.715,0.719,0.722,0.717,0.727,0.788,0.894,0.754,0.685,0.643,0.642,0.668,0.672,0.626,0.659,0.624,0.664,0.771,0.779,0.085,0.083,0.089,0.095,0.095,0.093,0.093,0.096,0.096,0.094,0.093,0.108
36.0,1.239,0.692,0.33,0.407,0.558,0.611,0.471,0.469,0.473,0.342,0.437,0.858,0.862,0.482,0.471,1.022,0.366,0.359,0.886,0.454,0.361,0.41,0.431,0.729,0.378,0.291,0.228,1.429,0.462,0.559,0.537,0.927,0.637,0.192,0.319,0.358,1.082,0.496,0.423,0.218,0.652,0.573,0.804,1.001,0.326,0.311,1.087,0.71,0.528,0.098,0.096,0.14,0.091,0.861,0.095,0.185,0.217,0.384,0.496,0.103,0.854,0.816,0.808,0.736,0.803,0.715,0.718,0.721,0.716,0.727,0.791,0.895,0.754,0.684,0.642,0.642,0.666,0.672,0.627,0.659,0.623,0.664,0.771,0.779,0.085,0.084,0.088,0.096,0.095,0.093,0.093,0.095,0.096,0.094,0.094,0.107
36.5,1.221,0.694,0.33,0.408,0.554,0.611,0.471,0.469,0.473,0.343,0.436,0.857,0.861,0.482,0.472,1.027,0.366,0.358,0.878,0.452,0.362,0.418,0.431,0.729,0.379,0.291,0.228,1.422,0.47,0.552,0.564,0.931,0.64,0.192,0.32,0.359,1.088,0.496,0.422,0.218,0.651,0.571,0.809,0.999,0.326,0.313,1.051,0.711,0.534,0.098,0.096,0.141,0.091,0.86,0.094,0.184,0.217,0.383,0.498,0.104,0.857,0.816,0.805,0.736,0.804,0.714,0.716,0.72,0.715,0.729,0.792,0.898,0.756,0.686,0.642,0.641,0.668,0.673,0.627,0.659,0.624,0.665,0.773,0.78,0.086,0.084,0.088,0.095,0.095,0.093,0.093,0.095,0.098,0.094,0.093,0.108
37.0,1.206,0.694,0.332,0.409,0.547,0.612,0.471,0.468,0.473,0.344,0.435,0.858,0.861,0.482,0.472,1.022,0.365,0.359,0.875,0.451,0.363,0.404,0.432,0.731,0.379,0.291,0.229,1.429,0.466,0.55,0.566,0.939,0.645,0.192,0.32,0.358,1.095,0.497,0.422,0.218,0.651,0.571,0.813,1.003,0.326,0.312,1.04,0.71,0.526,0.098,0.097,0.141,0.091,0.86,0.094,0.187,0.218,0.383,0.501,0.104,0.858,0.815,0.794,0.735,0.805,0.713,0.715,0.719,0.714,0.729,0.794,0.901,0.755,0.686,0.643,0.642,0.668,0.672,0.628,0.661,0.625,0.665,0.774,0.783,0.085,0.083,0.089,0.097,0.096,0.094,0.093,0.096,0.097,0.094,0.095,0.109
37.5,1.222,0.689,0.332,0.407,0.551,0.606,0.47,0.469,0.473,0.344,0.434,0.858,0.861,0.483,0.473,1.019,0.365,0.359,0.865,0.45,0.361,0.408,0.431,0.728,0.378,0.291,0.229,1.433,0.47,0.56,0.578,0.943,0.631,0.192,0.321,0.359,1.093,0.498,0.421,0.217,0.65,0.571,0.813,1.005,0.325,0.31,1.054,0.711,0.533,0.097,0.096,0.139,0.091,0.861,0.095,0.184,0.218,0.383,0.501,0.103,0.86,0.815,0.778,0.734,0.804,0.711,0.715,0.718,0.714,0.729,0.796,0.902,0.756,0.686,0.64,0.641,0.667,0.671,0.627,0.66,0.624,0.664,0.775,0.784,0.087,0.083,0.087,0.095,0.095,0.093,0.093,0.096,0.096,0.094,0.094,0.108
38.0,1.219,0.689,0.331,0.407,0.553,0.608,0.471,0.469,0.473,0.343,0.435,0.857,0.861,0.483,0.472,1.012,0.366,0.359,0.861,0.448,0.362,0.412,0.431,0.73,0.378,0.291,0.227,1.431,0.47,0.558,0.563,0.946,0.63,0.193,0.321,0.359,1.088,0.495,0.422,0.217,0.651,0.57,0.808,1.006,0.326,0.311,1.074,0.71,0.527,0.097,0.096,0.139,0.091,0.862,0.094,0.184,0.217,0.384,0.5,0.104,0.861,0.815,0.775,0.733,0.805,0.71,0.712,0.717,0.713,0.728,0.797,0.904,0.756,0.686,0.642,0.64,0.666,0.671,0.626,0.662,0.624,0.663,0.775,0.786,0.086,0.084,0.088,0.095,0.095,0.092,0.093,0.095,0.098,0.094,0.094,0.107
38.5,1.242,0.692,0.331,0.408,0.555,0.607,0.472,0.469,0.474,0.345,0.438,0.859,0.862,0.484,0.472,1.022,0.366,0.359,0.858,0.448,0.363,0.412,0.432,0.731,0.379,0.291,0.228,1.428,0.454,0.558,0.558,0.952,0.634,0.193,0.322,0.359,1.088,0.497,0.421,0.217,0.65,0.569,0.807,1.008,0.324,0.311,1.071,0.712,0.528,0.098,0.097,0.136,0.091,0.862,0.095,0.185,0.217,0.384,0.498,0.104,0.862,0.815,0.776,0.732,0.806,0.71,0.711,0.717,0.713,0.729,0.799,0.905,0.756,0.686,0.642,0.641,0.666,0.671,0.626,0.661,0.625,0.664,0.775,0.79,0.085,0.084,0.088,0.096,0.096,0.094,0.094,0.096,0.097,0.094,0.094,0.109
39.0,1.243,0.694,0.331,0.408,0.557,0.61,0.471,0.468,0.474,0.345,0.438,0.856,0.863,0.484,0.471,1.02,0.366,0.358,0.851,0.446,0.363,0.413,0.432,0.73,0.378,0.291,0.227,1.419,0.467,0.561,0.567,0.957,0.634,0.193,0.32,0.358,1.085,0.495,0.422,0.217,0.65,0.566,0.809,1.005,0.324,0.31,1.08,0.711,0.523,0.098,0.096,0.136,0.091,0.861,0.094,0.185,0.216,0.384,0.497,0.103,0.864,0.816,0.773,0.73,0.803,0.708,0.71,0.716,0.712,0.73,0.8,0.908,0.756,0.686,0.641,0.64,0.666,0.671,0.627,0.659,0.626,0.665,0.776,0.791,0.085,0.083,0.088,0.096,0.095,0.094,0.093,0.095,0.097,0.095,0.094,0.108
39.5,1.21,0.696,0.332,0.408,0.549,0.613,0.471,0.468,0.474,0.345,0.436,0.856,0.862,0.484,0.471,1.02,0.364,0.358,0.842,0.443,0.363,0.41,0.432,0.731,0.378,0.292,0.229,1.411,0.468,0.566,0.564,0.964,0.642,0.193,0.321,0.357,1.094,0.496,0.423,0.218,0.649,0.567,0.807,1.009,0.323,0.31,1.047,0.712,0.528,0.097,0.096,0.136,0.091,0.863,0.093,0.184,0.217,0.384,0.5,0.103,0.866,0.815,0.772,0.73,0.804,0.709,0.71,0.715,0.713,0.731,0.802,0.909,0.756,0.687,0.641,0.639,0.666,0.671,0.626,0.66,0.625,0.665,0.776,0.793,0.085,0.083,0.088,0.096,0.096,0.093,0.094,0.096,0.097,0.094,0.094,0.108
40.0,1.229,0.693,0.332,0.408,0.548,0.609,0.472,0.468,0.473,0.345,0.436,0.857,0.862,0.484,0.473,1.02,0.364,0.358,0.834,0.444,0.362,0.412,0.432,0.732,0.38,0.291,0.229,1.419,0.456,0.556,0.572,0.971,0.624,0.193,0.321,0.358,1.092,0.495,0.423,0.217,0.648,0.566,0.811,1.014,0.325,0.31,1.079,0.711,0.525,0.098,0.096,0.136,0.09,0.862,0.094,0.185,0.217,0.384,0.499,0.104,0.867,0.815,0.771,0.73,0.805,0.708,0.709,0.715,0.712,0.731,0.801,0.911,0.757,0.687,0.64,0.639,0.666,0.67,0.626,0.661,0.625,0.664,0.776,0.794,0.086,0.083,0.089,0.096,0.096,0.092,0.093,0.095,0.096,0.094,0.094,0.108
40.5,1.228,0.689,0.332,0.408,0.551,0.608,0.471,0.469,0.473,0.345,0.437,0.857,0.864,0.484,0.472,1.019,0.363,0.358,0.828,0.442,0.363,0.4,0.432,0.731,0.379,0.292,0.229,1.418,0.456,0.557,0.573,0.976,0.624,0.193,0.321,0.36,1.09,0.496,0.422,0.215,0.649,0.562,0.809,1.015,0.324,0.31,1.046,0.709,0.524,0.098,0.095,0.135,0.091,0.862,0.095,0.183,0.217,0.383,0.501,0.103,0.868,0.815,0.769,0.729,0.805,0.708,0.709,0.716,0.712,0.731,0.805,0.914,0.757,0.688,0.639,0.64,0.665,0.669,0.625,0.66,0.626,0.664,0.777,0.797,0.086,0.083,0.089,0.095,0.096,0.094,0.093,0.096,0.097,0.094,0.094,0.108
41.0,1.23,0.694,0.331,0.408,0.555,0.608,0.471,0.469,0.474,0.346,0.439,0.857,0.863,0.484,0.472,1.02,0.364,0.36,0.823,0.442,0.362,0.411,0.432,0.732,0.378,0.292,0.23,1.411,0.464,0.555,0.569,0.982,0.638,0.193,0.321,0.36,1.091,0.497,0.422,0.216,0.65,0.562,0.798,1.015,0.324,0.311,1.052,0.712,0.529,0.098,0.096,0.136,0.091,0.861,0.094,0.185,0.217,0.385,0.498,0.104,0.87,0.815,0.773,0.729,0.805,0.707,0.707,0.714,0.713,0.732,0.805,0.918,0.756,0.688,0.641,0.639,0.664,0.668,0.626,0.66,0.626,0.663,0.779,0.798,0.087,0.084,0.089,0.096,0.095,0.094,0.093,0.095,0.098,0.095,0.094,0.108
41.5,1.236,0.693,0.332,0.408,0.555,0.612,0.472,0.469,0.474,0.346,0.44,0.857,0.865,0.484,0.471,1.02,0.364,0.359,0.818,0.439,0.365,0.398,0.432,0.733,0.379,0.292,0.228,1.405,0.459,0.557,0.569,0.989,0.639,0.192,0.32,0.361,1.09,0.497,0.422,0.216,0.649,0.561,0.801,1.016,0.324,0.311,1.088,0.711,0.525,0.098,0.096,0.136,0.091,0.86,0.095,0.184,0.215,0.384,0.497,0.104,0.868,0.814,0.772,0.727,0.804,0.708,0.707,0.715,0.712,0.732,0.805,0.917,0.756,0.688,0.64,0.637,0.663,0.668,0.625,0.658,0.625,0.663,0.777,0.798,0.086,0.084,0.089,0.097,0.096,0.093,0.094,0.095,0.099,0.095,0.094,0.108
42.0,1.251,0.696,0.331,0.407,0.552,0.612,0.472,0.468,0.474,0.345,0.439,0.857,0.863,0.485,0.472,1.022,0.364,0.359,0.809,0.438,0.363,0.41,0.431,0.733,0.379,0.291,0.229,1.393,0.452,0.584,0.574,1.0,0.632,0.193,0.32,0.359,1.094,0.496,0.422,0.216,0.647,0.561,0.803,1.017,0.324,0.31,1.072,0.711,0.535,0.098,0.096,0.136,0.09,0.86,0.094,0.184,0.217,0.384,0.497,0.104,0.87,0.815,0.77,0.726,0.803,0.708,0.705,0.713,0.712,0.733,0.808,0.921,0.756,0.689,0.64,0.635,0.662,0.666,0.625,0.657,0.626,0.662,0.778,0.8,0.086,0.084,0.089,0.096,0.096,0.093,0.093,0.096,0.097,0.094,0.093,0.108
42.5,1.228,0.696,0.333,0.407,0.55,0.611,0.472,0.469,0.473,0.344,0.437,0.858,0.863,0.484,0.473,1.029,0.363,0.359,0.803,0.438,0.363,0.403,0.432,0.733,0.379,0.291,0.229,1.398,0.455,0.562,0.575,0.997,0.629,0.194,0.32,0.359,1.098,0.496,0.422,0.216,0.646,0.56,0.806,1.019,0.322,0.309,1.041,0.711,0.531,0.098,0.096,0.135,0.091,0.859,0.095,0.183,0.217,0.383,0.499,0.104,0.874,0.815,0.769,0.726,0.804,0.708,0.705,0.712,0.713,0.734,0.806,0.926,0.756,0.688,0.639,0.636,0.663,0.667,0.626,0.658,0.625,0.663,0.779,0.802,0.088,0.084,0.087,0.096,0.096,0.093,0.094,0.096,0.097,0.094,0.094,0.108
43.0,1.226,0.692,0.332,0.407,0.549,0.607,0.47,0.469,0.473,0.346,0.438,0.856,0.862,0.484,0.473,1.021,0.362,0.359,0.797,0.436,0.363,0.412,0.432,0.732,0.378,0.291,0.229,1.401,0.465,0.56,0.565,0.996,0.609,0.193,0.321,0.36,1.096,0.496,0.421,0.215,0.646,0.56,0.804,1.022,0.322,0.309,1.078,0.711,0.525,0.097,0.096,0.134,0.091,0.858,0.095,0.182,0.215,0.383,0.499,0.103,0.874,0.813,0.77,0.725,0.803,0.708,0.706,0.713,0.713,0.734,0.807,0.926,0.757,0.689,0.638,0.636,0.661,0.665,0.625,0.658,0.623,0.662,0.779,0.804,0.086,0.083,0.089,0.096,0.095,0.092,0.093,0.095,0.097,0.094,0.093,0.108
43.5,1.239,0.692,0.332,0.409,0.554,0.605,0.471,0.469,0.473,0.346,0.439,0.86,0.863,0.485,0.472,1.024,0.364,0.36,0.793,0.435,0.363,0.41,0.433,0.733,0.379,0.292,0.228,1.4,0.464,0.561,0.579,1.005,0.614,0.194,0.322,0.361,1.093,0.497,0.422,0.215,0.649,0.56,0.804,1.024,0.323,0.31,1.073,0.71,0.528,0.098,0.097,0.135,0.091,0.859,0.095,0.183,0.216,0.384,0.497,0.104,0.875,0.814,0.769,0.724,0.801,0.708,0.706,0.713,0.714,0.735,0.808,0.929,0.756,0.689,0.639,0.635,0.662,0.665,0.627,0.659,0.623,0.661,0.78,0.808,0.086,0.084,0.089,0.095,0.096,0.094,0.093,0.096,0.098,0.095,0.095,0.108
44.0,1.262,0.696,0.332,0.409,0.556,0.61,0.472,0.47,0.476,0.347,0.442,0.86,0.865,0.486,0.473,1.023,0.364,0.359,0.788,0.435,0.365,0.401,0.432,0.733,0.38,0.291,0.23,1.39,0.464,0.561,0.559,1.009,0.645,0.194,0.32,0.36,1.091,0.498,0.423,0.216,0.652,0.559,0.797,1.026,0.323,0.31,1.048,0.711,0.528,0.099,0.097,0.137,0.092,0.859,0.095,0.183,0.216,0.386,0.498,0.104,0.879,0.813,0.773,0.724,0.802,0.709,0.705,0.714,0.713,0.735,0.809,0.933,0.756,0.69,0.639,0.635,0.662,0.665,0.625,0.66,0.624,0.661,0.78,0.811,0.088,0.084,0.09,0.097,0.097,0.094,0.094,0.096,0.098,0.096,0.095,0.109
44.5,1.232,0.698,0.331,0.408,0.554,0.611,0.471,0.468,0.474,0.346,0.44,0.859,0.864,0.485,0.472,1.022,0.364,0.359,0.781,0.433,0.364,0.4,0.432,0.734,0.38,0.292,0.23,1.382,0.459,0.564,0.557,1.015,0.615,0.193,0.322,0.359,1.091,0.496,0.422,0.216,0.65,0.556,0.797,1.023,0.322,0.309,1.084,0.712,0.522,0.097,0.096,0.136,0.091,0.857,0.095,0.184,0.215,0.385,0.497,0.105,0.877,0.812,0.771,0.72,0.802,0.707,0.705,0.713,0.712,0.734,0.809,0.935,0.754,0.688,0.638,0.632,0.659,0.662,0.625,0.658,0.622,0.659,0.78,0.809,0.088,0.084,0.089,0.097,0.096,0.094,0.094,0.095,0.097,0.094,0.094,0.108
45.0,1.217,0.698,0.332,0.408,0.55,0.612,0.47,0.469,0.474,0.346,0.438,0.858,0.863,0.484,0.472,1.022,0.364,0.358,0.774,0.431,0.364,0.405,0.432,0.734,0.38,0.291,0.229,1.375,0.458,0.567,0.585,1.018,0.611,0.193,0.321,0.36,1.095,0.497,0.421,0.215,0.649,0.555,0.798,1.024,0.322,0.309,1.077,0.711,0.53,0.097,0.096,0.135,0.091,0.855,0.094,0.184,0.215,0.384,0.498,0.105,0.88,0.812,0.771,0.72,0.8,0.706,0.704,0.712,0.713,0.736,0.81,0.939,0.756,0.687,0.637,0.631,0.659,0.662,0.625,0.657,0.621,0.66,0.781,0.811,0.088,0.084,0.089,0.095,0.096,0.093,0.092,0.096,0.097,0.095,0.094,0.108
45.5,1.239,0.695,0.333,0.407,0.546,0.61,0.47,0.469,0.474,0.345,0.438,0.859,0.864,0.485,0.474,1.025,0.361,0.359,0.768,0.431,0.364,0.413,0.433,0.734,0.379,0.292,0.229,1.384,0.455,0.562,0.582,1.02,0.637,0.193,0.323,0.36,1.096,0.497,0.422,0.216,0.646,0.556,0.797,1.03,0.322,0.307,1.072,0.711,0.534,0.098,0.096,0.135,0.091,0.854,0.095,0.183,0.214,0.384,0.501,0.103,0.881,0.811,0.768,0.719,0.8,0.706,0.703,0.711,0.712,0.737,0.81,0.942,0.757,0.689,0.636,0.631,0.657,0.66,0.625,0.659,0.623,0.659,0.781,0.815,0.086,0.084,0.089,0.097,0.096,0.093,0.094,0.095,0.097,0.094,0.095,0.109
46.0,1.226,0.693,0.332,0.408,0.552,0.606,0.471,0.468,0.474,0.346,0.439,0.859,0.865,0.485,0.474,1.021,0.362,0.358,0.762,0.429,0.364,0.408,0.433,0.734,0.379,0.291,0.229,1.383,0.459,0.56,0.577,1.024,0.641,0.195,0.32,0.359,1.092,0.497,0.422,0.214,0.647,0.555,0.805,1.031,0.321,0.308,1.074,0.71,0.53,0.097,0.097,0.135,0.09,0.853,0.094,0.182,0.215,0.384,0.501,0.103,0.879,0.812,0.766,0.719,0.8,0.705,0.702,0.711,0.713,0.736,0.81,0.945,0.754,0.687,0.636,0.629,0.657,0.66,0.625,0.659,0.623,0.658,0.781,0.815,0.087,0.083,0.088,0.096,0.095,0.093,0.094,0.095,0.097,0.094,0.094,0.108
46.5,1.231,0.695,0.332,0.408,0.556,0.607,0.471,0.469,0.474,0.347,0.439,0.859,0.865,0.486,0.473,1.023,0.362,0.359,0.757,0.428,0.363,0.411,0.433,0.733,0.378,0.292,0.229,1.379,0.467,0.563,0.603,1.024,0.641,0.194,0.322,0.36,1.088,0.496,0.423,0.214,0.65,0.556,0.797,1.035,0.32,0.307,1.078,0.711,0.529,0.098,0.096,0.134,0.091,0.852,0.095,0.182,0.214,0.384,0.497,0.104,0.882,0.811,0.77,0.716,0.799,0.706,0.702,0.711,0.714,0.736,0.812,0.95,0.755,0.686,0.637,0.629,0.656,0.658,0.624,0.658,0.622,0.658,0.783,0.818,0.087,0.084,0.09,0.097,0.095,0.093,0.093,0.097,0.098,0.095,0.094,0.109
47.0,1.251,0.696,0.332,0.408,0.554,0.61,0.47,0.469,0.474,0.346,0.441,0.86,0.865,0.486,0.471,1.025,0.363,0.357,0.752,0.427,0.363,0.411,0.432,0.734,0.379,0.292,0.228,1.376,0.461,0.563,0.588,1.028,0.631,0.193,0.321,0.36,1.09,0.496,0.422,0.214,0.65,0.556,0.791,1.034,0.32,0.308,1.068,0.711,0.526,0.098,0.096,0.135,0.09,0.852,0.094,0.181,0.214,0.383,0.495,0.103,0.882,0.809,0.766,0.716,0.798,0.704,0.701,0.71,0.713,0.737,0.811,0.953,0.755,0.686,0.635,0.627,0.653,0.657,0.624,0.656,0.621,0.656,0.782,0.818,0.087,0.084,0.089,0.096,0.095,0.093,0.094,0.095,0.097,0.095,0.094,0.108
47.5,1.245,0.697,0.332,0.408,0.554,0.612,0.47,0.468,0.473,0.347,0.44,0.859,0.866,0.486,0.473,1.022,0.364,0.357,0.746,0.424,0.365,0.399,0.433,0.736,0.379,0.291,0.23,1.364,0.456,0.564,0.586,1.032,0.621,0.194,0.32,0.359,1.093,0.497,0.422,0.214,0.649,0.554,0.795,1.031,0.32,0.308,1.081,0.711,0.528,0.097,0.095,0.135,0.091,0.85,0.094,0.18,0.213,0.383,0.498,0.104,0.884,0.811,0.765,0.713,0.796,0.704,0.701,0.709,0.713,0.736,0.809,0.957,0.756,0.686,0.634,0.626,0.654,0.656,0.627,0.655,0.622,0.658,0.783,0.82,0.088,0.084,0.089,0.096,0.095,0.094,0.093,0.095,0.098,0.094,0.094,0.107
48.0,1.232,0.698,0.333,0.407,0.548,0.61,0.471,0.469,0.473,0.346,0.439,0.858,0.863,0.486,0.473,1.022,0.362,0.357,0.742,0.423,0.363,0.412,0.432,0.734,0.379,0.292,0.23,1.369,0.466,0.57,0.577,1.032,0.632,0.194,0.323,0.359,1.1,0.497,0.422,0.213,0.647,0.554,0.793,1.032,0.319,0.307,1.085,0.711,0.534,0.098,0.095,0.135,0.091,0.849,0.094,0.181,0.213,0.383,0.5,0.103,0.885,0.808,0.763,0.712,0.796,0.703,0.699,0.71,0.713,0.737,0.811,0.96,0.755,0.686,0.634,0.625,0.653,0.655,0.628,0.655,0.623,0.658,0.784,0.821,0.088,0.083,0.089,0.095,0.096,0.093,0.093,0.094,0.096,0.095,0.093,0.109
